row_id,freight_value
1,30.879290283978843
7,50.29658738637908
11,8.296174789711811
12,21.706587959670525
33,14.988874416246583
34,14.988874416246583
35,14.788004541589219
43,17.572210646399114
50,18.21330629505231
52,18.96283555414108
53,12.238662348926413
55,14.647237869009423
62,22.486981388813483
67,31.318523398410626
69,15.600195774573386
73,18.850521898103157
80,17.2612996101471
88,14.691673217828482
104,19.782777499036076
112,17.771085875542713
113,13.948482125934314
115,17.89784150562143
116,36.02491685770816
118,16.01178401995942
120,13.838848975782195
121,19.080809423219158
126,17.87669432386536
127,8.991733331375045
134,12.476174258699388
139,8.499014845502801
140,8.499014845502801
150,15.665754624696966
154,17.320996387553013
165,16.982598726475622
178,13.050617467494181
182,10.56857201784872
183,17.1241396251768
186,86.71259390720189
191,18.247715807946644
192,16.557508637071926
197,18.856109485600673
198,16.510758244896355
203,14.654855419484255
219,15.95081531366392
226,15.186273946663647
228,8.142403861315312
240,22.630691068486687
241,15.65454633207743
242,45.13560270978247
245,50.87062096976379
247,8.589567580219901
248,9.593599620029096
249,11.849999999999943
252,22.605438309445372
256,24.85443611151053
261,18.307247413478564
264,7.459799765589768
270,13.767556378125226
271,25.70089017815934
272,9.381845739033071
273,15.510977323622125
280,15.542000163950213
292,15.005091370212778
305,7.38999999999999
313,34.778859056707134
314,8.116092630623797
324,17.776371357808877
336,21.23298443103837
351,14.883202513867538
358,12.85946022234814
364,29.896201240656858
366,15.458658531195297
367,12.914789157767617
376,16.058205563815378
378,17.27462582867229
383,14.796669409273726
385,15.92636741911852
389,9.38005082243203
390,20.74635091998143
395,44.28914186381382
396,25.05592597801041
401,19.354463781194703
403,34.31244838995641
405,18.352974403749627
408,9.386616070307078
411,14.823342634819408
412,15.766253494557223
427,11.808333004441458
437,33.54399680715267
441,13.067967442735908
444,17.027976321775455
445,15.479999999999897
446,17.753966722648798
453,52.008193763114505
464,8.032035589081469
467,10.58107630408093
469,13.53482906508629
471,17.860137743085776
473,14.708035906321347
475,59.540649624638775
478,16.87604553296366
485,18.383275879955203
488,16.65855941083179
489,14.363482315368314
498,22.58371414546265
499,15.126782575665242
503,15.018887147241827
506,12.672638959322432
507,11.906230575657924
508,4.646270256257156
512,10.352423723105053
513,18.314597414170056
517,15.845964694364117
518,56.52041204964802
522,13.694923590373678
523,17.619925243774812
524,17.30669852916819
529,20.56183838766563
530,18.50886592883341
531,8.102830076221167
532,16.054918347440328
535,8.9551229244768
536,18.749324822254394
540,10.926245321916959
551,15.09006971129909
554,23.138073023389072
568,12.74863356485562
574,14.994230977864241
575,20.485999890061596
577,18.928792495268
581,31.282980902594616
594,25.277425846240437
614,29.90504821501938
615,16.263578626539363
618,17.956883713020694
631,8.790522620336363
645,17.79405004028503
661,28.16551854541263
671,71.7617933298807
675,20.493587806326214
678,22.96739496041518
679,12.759999999999975
680,38.41026937352963
684,30.34500528099931
705,27.436167408319267
707,53.603824574335846
715,12.098378920653708
716,12.098378920653708
717,14.358055372802307
720,16.244069676908115
725,13.207123649668175
731,17.659999999999954
735,17.71740960569519
737,19.525618025591548
745,14.693440701410713
748,34.377310844069996
751,9.402123989437666
758,24.240939051590413
767,13.984796884427546
769,15.32006025554045
771,16.79030915426665
785,8.924022561069362
789,19.7867277404376
795,15.713981314362623
796,14.194608633893875
799,29.83559618730831
806,27.04384523071292
807,17.689106992090142
810,12.229329858103581
811,13.869677067977223
813,11.037921459955893
814,24.396496763863585
820,11.85547393435717
825,11.43226259465058
836,15.82791192641248
843,17.245089486487128
847,14.167910890856119
853,25.145878420641317
868,8.0679877657617
869,17.639999999999947
891,20.88243864400714
892,21.017314727134572
897,14.983561205534107
905,30.444954723476137
906,30.444954723476137
917,12.022693696840841
920,22.307990114252977
922,9.921805107471824
931,14.697210947057954
932,10.697418522528775
937,16.800665551011946
943,25.16785872663671
947,30.34694164718555
948,26.951379552034364
953,16.410082563492676
971,15.983110227436917
989,15.817192136487733
996,16.330482549383856
998,17.21164677573817
1002,17.18321990711995
1004,10.823229930377545
1007,20.92163138941896
1011,13.217530865013533
1012,10.732124993504035
1015,18.22950871535362
1018,19.33712415208412
1022,9.859578821895347
1023,19.04388907072687
1024,15.967945111567385
1026,6.4378334083818745
1027,15.656940272000092
1029,17.566367675214565
1044,18.986557502840213
1048,19.644118983027546
1050,96.91421016392462
1052,8.683279404412438
1054,16.462260776596136
1060,16.484663377242402
1061,12.316649186043689
1074,43.822469163507165
1079,15.374096865785873
1083,25.834364455873153
1084,44.18704862002397
1088,15.811027335477448
1090,19.268023228187378
1101,14.925975382960335
1102,13.68955910346651
1103,8.71800398050567
1104,9.751646035472953
1110,18.07506241210696
1117,16.61606333636239
1120,27.52096180358323
1121,12.81227911509934
1122,163.19290317191727
1123,21.860131446233346
1136,26.958277473410938
1140,24.517901439183447
1145,13.702707728326553
1148,12.033537021937567
1149,12.216955941077748
1151,7.266280296656163
1157,7.8331884632155955
1158,15.60882315322701
1160,11.3232942917899
1165,160.41091315172457
1166,14.684279836558455
1171,45.31182833972584
1180,39.67944495838428
1183,8.663569234351463
1185,32.63126824378612
1195,8.636894128339632
1196,17.97571079803919
1197,16.10790156054068
1209,14.907751290480482
1220,8.669811708027984
1223,12.236033233395121
1228,20.396198664947203
1230,12.14889471878474
1236,9.243719490362457
1238,12.714192194171494
1240,12.714192194171494
1243,17.931613243595653
1248,16.807184259324902
1271,50.63346601485313
1277,17.97708729295364
1294,15.813392529995497
1301,22.369759571156617
1305,40.225932757756844
1307,13.960792253330537
1309,19.02352810909452
1311,19.38901778789197
1313,17.931643100228907
1322,17.10916618255113
1324,18.02132928839275
1333,24.288512868425567
1334,18.65588098856492
1342,14.758861703815914
1348,18.944560544527025
1350,20.708488879522694
1355,13.658152377084297
1356,13.658152377084297
1360,15.098833817946225
1367,17.18209652403221
1370,21.79139993053693
1372,29.00207141024825
1375,8.672374412607828
1382,16.89868708292726
1388,17.978005474574722
1395,24.44293277027798
1406,22.765428682213752
1407,14.306320700840324
1409,7.794370864014983
1415,7.434556891401053
1419,12.886284724015596
1424,11.33687962304312
1425,16.078592540649527
1427,4.672155943812536
1429,12.424690761994135
1440,15.391642900670291
1444,15.464776072088117
1447,15.473853078106455
1448,14.405588068388834
1452,18.459877884247934
1455,25.646190638709182
1464,8.300540573979957
1466,13.646416699194425
1468,57.997067892542596
1472,18.702343951642575
1476,17.740835113891332
1480,9.112255945225037
1499,27.868771865906098
1510,16.92546291281277
1512,19.438281914146604
1517,35.11594372040862
1519,14.940322148257145
1521,24.965605264769376
1528,8.648308122233914
1544,9.957253954019592
1546,8.240238923480211
1550,16.287217179968387
1552,14.873050613740858
1553,20.905681256784042
1558,16.37085709364128
1559,11.240687157386777
1564,8.086757798493126
1573,9.18991007195376
1584,11.82494515629676
1591,10.479117527393019
1599,19.913332217684037
1607,39.38537009748792
1610,17.558451138788616
1616,16.745573157014928
1623,32.34899835055857
1634,12.112434283033798
1638,16.382325824370536
1639,16.687750445589113
1641,18.221140661192646
1647,28.010000000000044
1655,16.783849151185745
1662,14.597621497040441
1664,21.172366436296365
1665,10.14268918028335
1667,9.69254428180292
1669,11.160109378346755
1671,9.707812401761226
1672,18.55087821451084
1673,22.651519837006916
1681,17.423511121136137
1683,14.133865926883795
1685,15.284364907185449
1686,19.32619343803864
1698,14.719544298533263
1700,12.770006838234604
1715,16.88458619034834
1718,14.91684830914491
1727,18.658924172865206
1728,9.754007128654576
1735,45.12506548375904
1740,10.640207844157404
1754,12.612066587780081
1755,15.89911364635066
1756,13.849681051151286
1761,17.430589441331467
1772,18.141108391106005
1773,15.305605067396026
1779,26.02722498280205
1781,11.849999999999932
1785,17.313279801119833
1800,20.216753524984252
1815,17.998702029711062
1827,20.77217003650692
1830,23.054658926844052
1834,23.09469372637062
1838,8.527984500127545
1844,32.21131137920208
1848,13.643443730471278
1851,17.60860129825942
1852,7.840388871226525
1853,16.00389316929908
1854,16.00389316929908
1858,15.7548663495886
1864,19.458319216276227
1865,16.45507705355669
1870,17.445258545276833
1873,17.384353090222124
1881,13.296626499724278
1889,17.87669432386536
1892,11.54960253274798
1906,18.33001667916235
1911,22.423423395916497
1912,25.828288229856224
1916,9.307574947724518
1935,19.123871659183443
1937,11.771254849926198
1954,16.84604834104687
1955,14.236114940234792
1962,13.269384786724352
1971,29.79756175956999
1975,37.41227861450887
1978,21.02981127432229
1979,33.473007138102815
1981,16.32776620553741
1996,17.13087766696903
2002,15.306488093801946
2012,33.81490613605356
2017,39.908664810052265
2020,8.284089554012436
2022,18.697332164690962
2027,8.799237519233744
2033,10.22549445849727
2040,7.797852877028811
2044,20.812720499486744
2053,12.662524876217153
2054,14.21807694472385
2062,16.366075626703754
2073,13.45999999999997
2074,14.691522892784379
2075,23.352384328381948
2078,9.713587391688986
2083,29.469942811794184
2088,20.412212411137588
2091,8.338283827710393
2100,17.06225867351015
2106,20.68619774291381
2107,7.864024575908097
2109,25.680378984609504
2113,5.352490519338525
2119,15.841860528257875
2120,15.620885118449639
2122,21.587179226532
2124,19.81707121929365
2128,8.215785021830323
2135,16.77968492865527
2139,16.768320223372363
2140,11.765780334523491
2145,34.6228210336172
2149,19.86122859582918
2153,15.835225385766119
2163,23.08751996072186
2165,11.705420212027528
2173,18.34535172597866
2175,18.190177076361948
2185,40.64921215394356
2186,23.20358386267279
2191,74.73277381981893
2197,34.28066760986036
2200,21.383982927650386
2205,18.817546079962316
2207,25.635832500116457
2209,8.450375496276576
2211,15.394552117633456
2213,13.150000000000054
2216,19.2303467855983
2218,42.13932085247391
2232,0.27557102123807353
2233,56.85820144674013
2236,9.440000000000028
2243,15.57856526352499
2244,8.542255453490057
2247,24.97909359288338
2251,19.508527517323696
2253,15.691080100934382
2254,11.82314370344886
2262,13.370779910108622
2274,30.82707589156514
2286,10.307697309979485
2300,10.32262078289616
2304,20.222863562020162
2311,7.393812937088677
2314,20.619954730386418
2320,22.35728126601087
2324,32.840928084848834
2325,14.920514309797374
2326,9.588398124514653
2344,15.456260862952902
2351,15.052985581712768
2353,11.312573526813845
2356,8.416257751547217
2371,15.220000000000034
2380,20.092796249723406
2381,17.445774813575344
2382,11.867641755798646
2394,13.930324094046965
2408,14.426182521423108
2415,47.87128088463648
2425,25.10066864247741
2427,17.591910325822518
2429,29.312599796692655
2431,25.381095771647363
2432,18.650546996937276
2434,22.882452201959815
2443,15.193929532703532
2451,15.40410249774499
2460,15.692112077085245
2461,15.692112077085245
2471,28.38833721842661
2472,27.20158341538719
2475,31.59874277244542
2481,199.26050734015863
2482,42.949169894530705
2485,40.849930346503676
2487,8.959871669378877
2497,24.637269305911783
2498,18.21070414353523
2500,11.74303108136853
2503,27.0041500552782
2506,14.606637330061085
2508,31.1054529534167
2509,45.66130704399567
2511,16.26907812418873
2515,19.154359082074937
2524,22.763172988984678
2527,36.32102222514063
2529,14.742789049173393
2531,24.094407778894777
2535,15.173156287520655
2542,23.413286529626124
2552,16.44791515044427
2553,23.81971476498636
2555,17.607714514978852
2568,18.022013613905333
2569,29.931876674778405
2571,17.287887857266508
2576,30.107673057217735
2581,14.057004560577525
2590,13.809999999999977
2591,13.600655536948583
2610,17.60000000000003
2618,51.1202389177018
2621,26.06853232598668
2623,29.16275011942807
2625,28.948610622219096
2636,16.145458777562588
2638,15.33712230032085
2646,13.18759607187049
2656,13.098284874303113
2657,17.068062427789265
2661,22.112889096668646
2674,24.72212558594875
2681,34.45839638090987
2694,8.396967693591607
2701,8.615608789330837
2705,15.592059036264342
2717,20.712274048856465
2718,13.47364676499471
2720,22.292005638554865
2733,22.949153830651095
2734,24.48575060193055
2736,13.91999999999999
2738,21.672517050931685
2748,22.668118058075713
2754,14.937153109628513
2757,85.6100894367341
2765,13.909349973978788
2772,26.169698804233906
2781,9.730017690383539
2782,22.163060036541342
2784,10.262561268840937
2786,20.612198100254496
2788,20.612198100254496
2789,10.417999660901474
2791,19.39267751284721
2798,15.563059817007158
2801,18.972908403716946
2802,62.600732296695476
2803,25.332405237826386
2805,14.668891352734882
2820,18.441029536038073
2825,18.123427846102967
2835,11.940302084777766
2836,7.591496778323842
2842,16.121998800876664
2843,15.171321422330013
2853,9.227188714551579
2860,13.396514907573085
2862,14.242718522294828
2870,19.5374025161116
2871,16.677075816586107
2872,29.133810606325273
2881,33.95644215383159
2885,13.406203751248622
2888,15.686624007289222
2889,23.091252795477455
2895,10.83296120568069
2906,20.66895639357676
2913,11.177056535407694
2917,17.695392010514162
2922,9.734001687019132
2925,14.803550716257812
2926,19.61532990617925
2927,19.61532990617925
2938,28.707610833031623
2949,21.260629903870516
2950,30.07455007031706
2954,16.176389347732467
2957,17.234601059396578
2959,12.913650163040117
2963,11.119226933100313
2964,13.624822586465061
2968,64.83049780901939
2976,14.89400539753137
2979,15.108864222016024
2983,13.256550379725029
2985,20.22938895909539
2989,7.445613683697692
2991,7.445613683697692
2995,37.955523589426804
2999,20.80353777506332
3005,21.480182240916292
3006,17.376546732378074
3026,17.952524509936648
3037,9.714097741394859
3041,12.09835696907489
3055,8.730000000000043
3059,23.076656672128475
3067,17.442193622418042
3075,35.43737790175021
3076,8.27364786170522
3079,18.198105342824594
3081,17.500157843444846
3091,16.419166498788087
3093,17.514209585819337
3096,15.913630216891669
3102,14.619979033405457
3115,15.256618786737604
3128,25.09029690852026
3129,17.858360643643945
3130,22.548216010278683
3131,17.673619664891756
3132,18.056959918046328
3141,9.220929634968982
3146,15.964249527058204
3156,9.070187657525864
3158,17.319563360143192
3166,14.276013271672342
3177,27.79708570757128
3178,21.303701089574602
3188,19.07940458262937
3191,11.672704284965443
3192,35.32759795613073
3196,18.351911171074214
3197,7.891053148261099
3203,10.218200788458446
3205,5.768747591034403
3206,25.167792843997194
3225,15.421376002488525
3237,18.234633739284284
3248,28.803068888530337
3259,13.532583727679919
3274,18.024524756669194
3275,18.34709937039782
3276,15.18977508644716
3282,9.164031297912082
3283,13.911850033293938
3287,36.31494532432396
3288,23.863406105275384
3291,34.37388106730278
3294,16.709987838971756
3299,16.887022962344876
3301,17.863975345210864
3318,70.31403249900517
3326,14.32933437928947
3334,9.48058055224509
3336,16.999350130611045
3340,25.685424476281458
3352,17.316140280935972
3358,98.57775558072336
3364,14.312536747563176
3374,21.704922488791382
3385,21.366054321837495
3391,26.386359211415925
3392,16.473402968976313
3394,45.309110685431634
3395,22.124603566920445
3396,22.124603566920445
3397,19.759851007212635
3402,13.953192344493983
3405,32.009920985175164
3406,14.002397632179692
3407,22.90090724727716
3424,19.184658968239894
3428,17.843328304853742
3431,13.205238781504912
3438,11.979156602143673
3439,14.691313615195986
3443,40.50619346471374
3444,44.484155652209175
3446,21.231059579231832
3454,9.423466776569837
3468,17.639999999999947
3474,40.91122913685579
3475,17.640653576513344
3476,8.422038614101073
3483,25.684100679725436
3492,11.98863379295593
3493,11.98863379295593
3496,34.64302726102201
3497,8.016059281634437
3501,8.35206601579557
3502,8.195981016887218
3504,10.844433902018686
3506,7.427405771294087
3508,16.276910978570335
3512,10.642167423684583
3513,14.000883276613164
3514,14.764848966797958
3515,14.991869374189534
3526,10.428429062625503
3528,24.195320538159088
3541,40.906836042842706
3544,17.136196632694496
3550,11.539437696252907
3561,17.01325765177283
3569,20.183723454813258
3572,23.495553954918485
3573,11.85984406959549
3574,11.85984406959549
3581,16.21467129778889
3583,14.946313995226829
3590,13.859136354588099
3606,34.4182858215971
3608,18.806529468385268
3609,8.786118162675765
3617,7.501090306784272
3623,25.18097408300133
3627,21.411700252585934
3636,13.869599870824171
3641,8.636892189044255
3649,21.955817226330062
3652,16.16363336857137
3659,32.277399765631166
3666,9.971588126477087
3678,18.504795852329927
3686,35.64960367935808
3690,36.149833725237535
3696,33.92207805379679
3698,16.584438151864937
3703,16.28220562944701
3704,17.040910089422376
3705,15.169648485530029
3709,27.11556847804722
3714,42.873955744301306
3721,16.514163670468413
3722,15.869083398435134
3725,28.953841800577152
3731,19.89382441331456
3740,37.323851494948144
3741,14.637859036424546
3749,10.95999999999995
3750,13.665827213560288
3751,38.0744258972518
3759,14.558315352740884
3771,36.92394160466361
3775,12.041255470124229
3776,14.519688701192749
3779,18.907145177834664
3783,21.826645203525903
3784,22.995655965720903
3789,19.43883377920459
3801,8.68280551051603
3802,38.86956926710526
3803,15.198201667350261
3805,8.303254253638134
3817,33.90006846514246
3818,59.15659717242199
3822,15.994844775823449
3828,13.31016038944048
3831,17.96999999999993
3832,19.990710754963537
3836,8.144024485732183
3838,18.483346702777776
3846,13.8273298360008
3853,17.693365098113034
3859,23.469280022222836
3860,14.17902875667349
3873,16.040924464651507
3877,45.71999999999985
3882,18.6712524463696
3884,8.201903394140682
3885,7.704086686584779
3886,19.18479081373707
3895,37.72580754587296
3897,16.382133090898208
3899,16.522035664796093
3902,14.482399496332174
3904,14.354930007436485
3913,10.232684571854161
3914,15.815976997843869
3919,17.49471509708557
3920,32.03294113629723
3924,22.738214285680396
3930,23.241459709110938
3941,16.93658705709375
3951,5.018166013119546
3952,5.018166013119546
3955,16.07294954825879
3956,30.482925814162698
3970,16.85230228119241
3975,17.33762068775503
3980,15.241435562517566
3981,16.94716033422156
3984,17.26497353816749
3985,22.428181881275947
3989,36.858854782279614
4001,16.66688637247465
4016,20.116796799739372
4017,43.70770766981543
4023,19.65999999999992
4025,23.330642131365607
4033,2.0309396329371765
4035,2.0309396329371765
4036,2.0309396329371765
4040,15.008444167591492
4048,14.242718522294828
4050,15.512370762153218
4052,27.094685565243154
4056,10.1339740066899
4058,19.525464497703144
4059,19.525464497703144
4064,14.792859742148496
4067,8.698999149811417
4069,43.1232603738232
4088,14.229132906469516
4093,9.997536681043023
4106,15.07213776875648
4108,19.29575749896405
4116,34.766610512447734
4123,7.943793426447845
4127,19.028562012521583
4143,15.859490848204722
4144,27.12946037511072
4157,15.86134676785965
4158,26.23417941133068
4171,22.08539234249455
4174,11.790192991198142
4175,15.609999999999996
4177,22.033966808650668
4191,18.127581913622063
4200,28.377049901983547
4203,19.060531656532003
4215,15.611531983973258
4222,13.15069073933364
4223,16.143229419475304
4233,11.140073300724591
4245,12.497229713443256
4249,9.274810370954023
4256,51.05710326703887
4261,28.421100054968807
4268,9.201784070386026
4269,21.96353717130259
4271,27.700906219572857
4286,27.950051708693472
4289,16.328045105465655
4293,23.252912916643634
4301,12.762621797518511
4304,23.9112281174903
4308,13.873915971352933
4311,12.657175076039143
4313,20.489532078314017
4314,14.07861658447733
4321,23.065076995871493
4324,17.83956118219729
4325,30.935964083185123
4327,17.104193792820034
4329,40.35947762453596
4337,16.013630289631514
4342,23.05067069486437
4343,23.05067069486437
4348,12.843521675252235
4353,18.002185963363065
4377,15.197804888479276
4384,20.433858769986397
4386,13.205238781504912
4394,19.194836437184815
4395,16.057285265298553
4404,9.233895430119139
4406,13.079999999999986
4421,22.001920429932657
4433,27.49653920362757
4438,20.61705434297739
4440,18.72060995135885
4441,17.128437295251867
4445,17.332568130944004
4452,19.12477654878475
4453,27.889118816704816
4454,29.089557497919998
4462,72.94246046703665
4468,13.697677892488896
4469,27.884146156753758
4470,47.51849411072562
4471,15.290270210576956
4509,10.287209850784134
4517,13.990802888045513
4520,19.898670009813653
4522,8.505271080456971
4524,16.115146863199403
4527,11.895238637320556
4545,18.41646721655187
4550,28.890402758023534
4553,9.020212133878896
4558,11.02094812584733
4559,17.636053496456103
4562,20.53554276549278
4565,12.417904326948394
4569,23.93700037204129
4578,13.928361161718298
4580,9.707812401761226
4585,14.07348155522649
4602,17.34597620628528
4605,12.72552968541176
4606,25.397144659774526
4608,28.500555263012505
4616,14.23466239256557
4617,23.614911053977288
4619,8.328625691500857
4620,16.03010824710491
4624,14.974337260097485
4632,13.314490894936796
4633,23.352125385724964
4635,30.857202691929302
4639,11.995608756439845
4640,14.603502731278754
4642,38.060354074136285
4648,12.775419514876516
4653,18.439286263735575
4656,23.514296932631964
4663,17.91409975235876
4664,20.948744899529295
4667,8.581250792108797
4671,14.794479181112429
4675,17.600439297032715
4677,17.040491718144374
4682,17.871761811220765
4689,17.87248130913651
4695,12.247640870018298
4699,25.797759200275788
4708,24.56041881493104
4717,12.992692981809226
4719,13.77661829670867
4726,16.42047738167032
4727,16.608056513616894
4733,16.51059221054842
4743,0.0
4749,23.536189292800113
4754,12.452291828583672
4755,37.69047107630951
4759,17.994817212784902
4761,18.448670003424898
4765,16.716502320457245
4766,14.747528430398068
4773,17.507088406166893
4775,33.24901943783658
4786,21.15164973160209
4787,20.97173404140375
4791,22.376111131486933
4802,19.13460311086771
4804,26.27673864264368
4807,15.854442564075597
4809,20.697564099170563
4811,7.595991367347917
4815,16.836091499662633
4816,12.879130135751387
4817,21.422345722935354
4818,8.639823571409963
4840,33.50531168695757
4841,46.318914287323686
4846,21.941944598613063
4850,134.66153208261846
4857,16.273885509210043
4858,11.545755742373036
4859,9.264824690309682
4861,30.547944047405426
4869,16.374810311054723
4879,16.56524375915567
4882,12.76378152626939
4885,12.76378152626939
4899,17.659302176127614
4904,8.925574764106438
4906,17.596479327773974
4910,8.52422410925324
4915,19.897556085073443
4920,15.1280428687988
4923,24.444065557641675
4929,9.291819926410984
4932,24.816017875775188
4936,36.52836079768645
4939,15.836626834579352
4942,11.878224085456665
4945,22.75733606212337
4948,9.52047985819286
4949,52.15055018287787
4966,38.534307528996244
4968,13.541982014745116
4971,14.64828492695935
4980,29.213122269776512
4983,19.742290161686935
4990,8.723187004029963
4995,11.776764856795783
4998,8.211128411945241
5002,16.006894421634495
5004,16.37734027410038
5007,25.85666986767303
5019,26.213278969640406
5022,16.782504845341933
5024,12.532928921842904
5037,226.2636441304619
5039,14.629709795078897
5051,16.29691593752837
5060,17.476934163879836
5061,13.300286660647462
5068,12.946912023543538
5074,20.061544975090378
5082,16.639701023120796
5092,13.128029069927537
5096,47.115351761442916
5109,27.183323589559837
5110,15.581979027192546
5111,81.36815358939566
5121,17.526916392247
5124,18.265610068127188
5129,8.25121998080617
5134,15.2965858813664
5139,12.349754672761396
5145,49.57834256691324
5147,10.85142987119891
5152,2.5934037127558667
5165,10.32436181183294
5175,16.09411657049959
5176,16.09411657049959
5179,15.221828257118013
5181,15.902612567136021
5183,2.293725626461475
5185,7.465685096641472
5188,18.53627262186989
5193,12.640859355217238
5201,17.17980614068827
5204,17.00929864976593
5206,21.378416123181392
5208,15.899174216954371
5210,17.506837478481597
5227,29.028674862716375
5240,8.479452170080524
5243,7.692108082013819
5247,34.15600924701684
5251,21.131068568396177
5254,9.661446077693727
5259,16.289727734079314
5261,18.58902190898811
5264,18.868694562425205
5268,7.679437271443536
5278,11.875710197684404
5280,11.875710197684404
5283,8.598337131595754
5286,21.65732615178021
5303,17.993686884607158
5308,19.251283180232043
5309,8.27898137292822
5312,18.41076028661534
5313,18.41076028661534
5317,15.992686603382168
5323,15.095423459226158
5334,24.17654404831214
5335,7.424815190343274
5338,29.04158291001559
5340,10.124859385033902
5341,27.013157302465785
5344,14.601988170094444
5351,8.685516883280233
5357,27.21521308017437
5358,27.21521308017437
5365,9.78962598960835
5378,16.309656816793247
5387,29.411795689346356
5389,16.420945778415312
5392,15.519226171853543
5399,9.318015734639696
5401,20.17284066055255
5402,21.580161574867113
5405,16.76416408023144
5406,16.76416408023144
5422,16.1100000000001
5426,13.283339369431452
5437,16.236893601452415
5439,16.73160188889939
5443,9.666602735719017
5458,7.551479788864672
5459,20.825914701780228
5460,15.97110124781008
5467,32.09959899284326
5468,17.539497890402835
5480,14.804748032681601
5485,15.193804163306663
5489,19.393327890398037
5497,15.934584657226651
5511,18.00297213371891
5512,19.95055220205854
5516,8.116092630623797
5520,15.389336055271858
5537,39.10039162851661
5542,12.918262168984398
5543,12.80899498359032
5552,16.463267328598796
5554,12.005311830413932
5561,19.079596056307338
5564,12.227106875056144
5568,17.131757706363267
5569,15.3796793640817
5570,19.389963626682587
5572,16.249711954757014
5577,17.27503996090195
5578,35.92526655975905
5582,32.97667776164247
5588,10.885935175632197
5593,17.534609475932296
5606,15.127341636945228
5607,15.127341636945228
5612,10.2313944890393
5615,15.895087504271135
5616,12.28728054755843
5621,17.230470905066998
5622,15.629735533879117
5625,23.868275094652823
5637,9.733235523542005
5641,13.586228272551208
5657,37.54000000000012
5658,17.284347043891486
5662,17.28745317490915
5667,16.5061619270351
5670,19.25221809173305
5674,10.675792641667565
5682,16.222737159131963
5687,17.60000000000003
5698,11.795793338886611
5704,16.409677916361215
5706,7.797450572531293
5709,32.460688709254185
5711,31.879028588114906
5713,17.254636647455524
5729,17.816619727757296
5730,39.4436111001548
5740,10.344622015286863
5742,15.15875863802373
5743,17.60000000000003
5747,20.354679707212206
5748,19.344711395091934
5754,17.214400240068258
5761,13.864539073497745
5762,13.517428068314972
5764,18.194094135858688
5769,16.992683489408154
5778,37.53666624096236
5785,21.916724759965003
5787,15.230003812841954
5788,14.784952320986218
5792,16.408362883351217
5793,16.408362883351217
5797,22.39826578085322
5798,17.556286140912437
5803,19.949743803413458
5807,11.808105427297981
5811,12.50611643179852
5812,7.945542247953902
5818,12.283900741918329
5820,14.17355617614212
5830,5.8623748317630735
5832,16.569571102033212
5836,18.402169180833337
5844,27.160831346599295
5851,6.982854796983758
5852,18.349870334635366
5853,21.82141673695217
5868,38.23533400995495
5873,27.727373123212363
5876,8.20391100264666
5883,22.114030526804285
5887,9.588328782627974
5888,12.138282583478263
5896,17.894955595973276
5898,9.69399647468008
5911,12.623376909593183
5916,14.586476206460711
5921,15.651366296919182
5929,24.16468308164153
5933,8.321581859552058
5943,17.57508792506367
5944,9.614094734228033
5949,15.974608984728881
5959,35.75940648562205
5961,22.576084073657118
5965,14.055085651409648
5966,13.79757984981616
5968,11.049145069207267
5969,16.094018153677084
5972,36.374757174165715
5973,36.374757174165715
5975,16.160000000000043
5982,16.984958039564795
5987,9.059999999999953
5989,20.255499454734565
6002,16.454967176277677
6005,26.97064378267613
6010,15.449553147166277
6011,8.747956584353346
6012,12.191676021922499
6021,11.035789072959785
6022,10.056170807409995
6026,21.49096397933805
6037,17.484891221929914
6039,13.891758196327185
6048,16.358493652155474
6049,17.137194010676023
6051,14.141431128333577
6054,24.96996620729774
6058,27.63126774049931
6059,14.986642698997214
6070,19.176683541951853
6081,13.389585827685224
6097,14.889880528306787
6099,14.09999999999997
6103,7.473539026139367
6109,24.496146815991654
6110,19.217180489089348
6112,22.25488221752682
6117,12.657424979369063
6123,16.440765611198813
6124,28.564785889120046
6137,30.107660834150625
6139,2.6188862868857536
6143,12.530712471476516
6149,25.414216824455544
6159,8.355138571328723
6167,13.808277978437422
6173,15.521654479989738
6183,15.73757689335498
6185,16.45509940671626
6193,17.949422315375163
6197,24.144904510895348
6202,1.6742289865152946
6205,25.711882126744754
6215,14.746257242100093
6227,14.987998572495325
6231,17.285611878180756
6235,7.982240114576946
6238,9.663084728519735
6239,12.622637201416586
6240,27.698507817668037
6258,21.636534641697768
6261,18.12200798909859
6263,7.081491879337538
6264,19.82105598238516
6266,25.01237778579499
6271,26.534555478359657
6278,15.079365136766384
6280,15.079365136766384
6286,12.195227337980622
6288,11.40629797286539
6292,16.53439547697565
6294,16.87903558914297
6295,18.648842963555797
6309,22.284219064310324
6315,15.688413719924856
6326,86.94637010347631
6343,19.763671984724702
6347,8.853411830233021
6354,9.31293913942666
6355,13.410753400876834
6358,13.430957485328529
6369,10.63162041770809
6372,17.27403992554788
6373,15.735370372577314
6377,8.484750061807107
6378,17.16836488433481
6379,11.766172015776005
6394,16.601540527689355
6399,35.04803319463658
6401,34.363734219339904
6403,18.26442485417831
6405,13.925802596031362
6409,15.701498402340125
6412,33.50682250412315
6417,30.19373168248964
6420,19.128342106395863
6426,14.98114138673466
6431,25.017926039346868
6432,13.726180350117737
6446,8.78554948892465
6450,10.659701818250431
6451,20.116789162268184
6454,20.900314385281746
6462,12.460038612420655
6464,21.744911325225495
6468,13.417755547121155
6471,11.442504663732747
6473,21.81523699303602
6475,17.19354054833062
6486,12.509194886841636
6494,20.749519216733564
6505,13.264164269300668
6507,27.026560482126026
6508,19.675490423399168
6512,22.249921220399468
6516,10.238168179105998
6518,10.238168179105998
6525,16.035491275506978
6527,23.105661716429914
6529,16.76309124525064
6531,18.144296097021552
6532,30.432275588717037
6537,43.01589008131872
6541,30.401752651774885
6542,13.440000000000062
6559,10.830435264741556
6573,12.04863972579495
6576,15.32226211930385
6580,18.746435606825102
6581,21.96793280276415
6593,28.720841576349642
6598,30.824568311289354
6603,16.62120579485005
6608,12.981181059787541
6610,15.269790421292726
6624,17.062874735662113
6626,17.062874735662113
6636,21.614125124639973
6643,30.045233542142316
6646,21.295962161069085
6647,14.864319036666389
6649,14.209001953137388
6651,17.958604415553236
6664,21.904025602507296
6671,13.602982398815021
6675,8.102133604238539
6682,16.105668888932605
6693,15.109653366980368
6698,18.81519142898059
6705,20.90329422788789
6706,22.964673817686364
6709,9.23767434687819
6713,12.303501326273777
6714,14.22327616138276
6722,34.2248490025845
6728,17.961166320818716
6729,17.961166320818716
6732,17.379335719452335
6736,15.987856057359998
6739,23.526673904287588
6743,18.006556376285246
6745,10.479712066570464
6748,18.147209150292834
6756,15.115952165245854
6758,7.0578789846812136
6765,15.419008151774058
6766,18.234483178493953
6768,16.764854893205502
6771,13.974309155826441
6778,25.663093419836063
6785,19.982421964505146
6786,19.982421964505146
6787,15.99853569060981
6788,16.310972194130247
6790,10.499483020405362
6796,26.02490271086661
6817,17.06717275958744
6818,16.656604393856924
6822,16.720309309004662
6823,20.250689321453752
6825,11.973726051900986
6830,51.92895285801375
6833,12.57686905964903
6834,21.28135199258484
6839,30.758831685342702
6840,25.483645704071154
6844,21.819933653714397
6851,19.142585296408082
6852,27.52096180358323
6858,17.529999999999955
6861,24.809940286565627
6862,22.445112268451194
6869,9.858870879274676
6874,10.18989224536755
6884,8.067300313201441
6885,17.786643532184936
6891,14.94516797189242
6892,14.667350359279627
6895,21.1674137530004
6896,12.15948468530306
6907,82.53378434008737
6908,14.42934973738405
6911,10.352423723105053
6917,32.60362519862139
6920,16.158570788381482
6934,8.646599913966337
6940,14.063955579932156
6941,26.180209896685508
6948,12.888160089129965
6954,15.007073422827709
6959,21.535452464646117
6962,28.153362494030773
6966,10.845764256829304
6977,9.630756872293405
6982,28.369785934727943
6983,26.038978462931727
6984,10.47474200696311
6990,15.185497835930938
6994,10.601972868894332
6997,15.933310483924483
7002,13.836132061748962
7011,19.9931887987791
7015,65.01511235291997
7021,15.11218839808139
7022,17.2376128035828
7027,10.730874495875216
7035,17.990268683419817
7044,7.39013301755568
7050,9.432983255320725
7052,13.781406013825213
7056,15.71792799438801
7058,9.828091854056572
7059,12.179239753328979
7060,25.569405362122023
7091,15.236376476051145
7096,9.795389864597022
7099,8.50294558477013
7102,21.103734685339848
7108,10.77733313266096
7111,14.8047457471934
7115,10.881110476321584
7116,14.42316972585729
7120,31.60403501670256
7123,15.684825149881348
7129,13.456797897021051
7136,15.657136810657821
7140,13.532914233116273
7144,18.181249470496212
7152,16.63937269053256
7153,9.26212839516143
7155,25.6675913533029
7166,10.657053970476522
7171,15.505982784165468
7176,22.601368448486276
7185,35.88073554604618
7194,25.270511586262838
7198,11.291113631676327
7199,11.430821348329944
7204,8.003111018568374
7218,10.425975821072095
7219,16.484663377242402
7220,16.207854831053567
7224,16.008012558203134
7225,14.993564251585594
7226,22.2274596629452
7228,14.687692864864596
7237,19.432110165778045
7240,9.60638769447362
7241,38.62741126995772
7247,8.84738271545951
7249,15.687401331518753
7250,13.769344597432022
7251,9.06929724984849
7253,9.019103378185111
7264,12.643208108674724
7271,12.589433410686684
7275,45.34513202226342
7288,16.454516988439874
7289,24.789457122335733
7295,12.770057675891536
7303,15.085091126845274
7305,7.39013301755568
7306,24.111385867441495
7310,17.88371705739817
7315,34.35631858443769
7319,13.064236079896382
7331,14.249914093434928
7332,18.67196824159057
7340,15.567655537876757
7349,15.638467256257805
7356,30.136824981559393
7357,9.196981613822986
7359,9.297442069855473
7363,19.35337340802547
7369,20.140574552617224
7382,14.050820280688717
7387,30.88458044337261
7392,12.129999999999962
7397,20.05356144383342
7407,15.88469666044313
7413,9.061963911867492
7435,16.490208675672196
7454,13.105681740536602
7455,19.118424035082512
7462,33.40029314080825
7466,9.243719490362457
7470,9.066288363700021
7472,15.419143997371258
7478,16.44418237773619
7487,30.78134221119177
7489,28.992243100164732
7494,55.73180012398425
7497,18.75777401151215
7501,7.3985896033933045
7505,7.427405771294087
7509,22.498255961255026
7510,27.73890836583945
7511,19.271612727848208
7515,8.657168513877442
7534,22.271581383720882
7543,8.925574764106438
7548,14.514637460917333
7550,7.447414555265649
7559,14.852473788448656
7565,12.871047560949014
7566,13.096008363252977
7568,16.027290235497613
7578,36.92394160466361
7591,21.15471375547853
7593,11.00689719366228
7595,17.383737205034507
7598,8.88449715009271
7603,18.85813192240935
7612,16.268628766517214
7618,10.670389551992585
7620,29.03542436601497
7626,10.4139997050424
7628,16.03838410802284
7633,16.217952948786667
7653,19.10017901042319
7668,15.113623478919632
7672,19.11729785142212
7677,15.74002697051898
7680,18.397308060509086
7689,11.653510988773322
7691,19.069812774721214
7694,18.22362385667163
7700,14.370740611140743
7709,49.96155749082085
7715,38.440639750727485
7717,46.88032878514375
7719,7.800372331948219
7721,26.483828077420114
7724,26.483828077420114
7728,18.95971912230088
7733,14.102855378774354
7736,14.350757470836713
7757,12.837895072795135
7758,15.32226211930385
7777,15.72231761360004
7778,8.255262152787614
7782,15.552129341775778
7784,13.48280807661961
7787,18.358928606136114
7796,25.725968880695238
7802,20.866666601375794
7807,20.943205642993153
7817,18.219492544552494
7818,28.01638085894661
7825,13.29610523864095
7826,8.284824001504443
7833,12.76552562052836
7839,19.768434781342002
7844,41.83617122645106
7846,14.325116760091886
7865,18.03026344676909
7870,28.119553839014117
7872,12.806151253094024
7873,7.545706827352149
7883,14.171760926907497
7885,16.763226254787998
7892,26.610000000000177
7895,26.610000000000177
7899,13.736975338974235
7903,19.656053740224227
7905,23.66554554010178
7910,8.121960672664063
7924,13.023446684179463
7926,13.023446684179463
7927,13.023446684179463
7930,21.095542977808496
7942,21.18560528651326
7948,14.09999999999997
7950,20.11827459677151
7954,16.63340163575053
7957,25.415663610874184
7960,20.712274048856465
7969,15.889786425772773
7970,15.522310688863733
7973,14.901267410973098
7976,69.13498217686775
7989,19.99844594309235
7998,18.19812413224902
8003,11.849999999999932
8010,13.822082992710309
8019,41.305486760608794
8021,12.138282583478263
8022,16.96958484510611
8026,16.02232168957384
8029,0.0
8037,12.92293511572508
8039,12.33834471740964
8040,20.434614970629493
8048,11.350776935275356
8052,27.747117844973747
8054,9.563820780293648
8062,24.280586766231167
8064,12.315105854246312
8074,17.75151130386986
8086,27.12080162361507
8089,33.30902776751975
8090,15.11518236609341
8093,15.11518236609341
8095,24.639873692847026
8100,18.429627600492267
8101,8.258360307562278
8104,12.611918950765615
8112,16.738952789623323
8127,9.07833597831947
8128,12.804501409735558
8132,7.504596072291518
8137,16.919344936393202
8144,15.912378728582027
8147,18.03669074385481
8151,14.865778190146901
8153,49.90283057031191
8160,28.947628436319363
8170,13.928754527939248
8171,20.83171415829784
8183,11.243481720228266
8187,21.41594864545103
8190,17.18529417852154
8202,21.4819043466608
8220,16.654516700815503
8223,38.48504064766863
8248,8.827342255416651
8250,17.91055499366279
8251,7.456250589265988
8255,20.22809379173188
8257,17.110165274553488
8264,12.287540122994953
8281,8.918847916478779
8282,7.3685761896009545
8285,17.230979651499208
8290,15.167437703896514
8295,14.438009186158947
8299,7.781678663007625
8316,43.033463042334596
8318,16.704733827848017
8325,17.13628795339551
8327,39.1620118181537
8328,8.991733331375045
8332,9.588471893786876
8336,16.97062411898483
8340,32.568428397667
8344,15.199223599284043
8346,17.80436616817814
8350,32.83537397676922
8352,19.53408588324985
8360,14.158742345744372
8383,24.170737503327043
8386,13.764959358906452
8392,28.192789189530117
8398,14.708851488870629
8399,10.157793454258616
8401,52.59522534399294
8411,20.52992179880963
8427,10.972092398179594
8433,7.929068767526772
8434,51.61729263437022
8447,14.595544503985984
8454,14.664464384158244
8458,19.393801275270278
8460,19.393801275270278
8461,19.68864432366034
8463,9.02055829631382
8464,21.376701490565107
8474,22.3193900734505
8479,17.847154536859023
8482,12.499829307257821
8483,13.893025958573011
8490,20.37756839367574
8493,17.781600001252194
8495,15.402460222368592
8496,31.12065689302502
8503,22.088406855900377
8508,7.792356325742505
8516,36.545563277118
8517,15.731488879507076
8519,16.49462110491837
8530,13.39137231028674
8537,8.198321825743987
8539,17.94709552223714
8542,18.463492740480657
8546,38.21914141493373
8550,9.598859685509732
8559,16.54448428455501
8561,11.115037175400335
8563,27.725331302057512
8566,19.866952611411755
8567,15.190430662014101
8574,24.64898718260025
8582,16.607980495494722
8586,20.93357458393648
8590,11.849999999999932
8593,14.79045545222866
8602,24.912088141859147
8609,8.66205163503709
8611,16.97308682661326
8612,17.44787284669979
8615,22.05146661414762
8616,13.22990891546695
8620,8.028887918382223
8623,22.5186856777724
8627,10.36444760529903
8635,16.687022942633178
8636,86.72996002521181
8640,17.179224957525168
8659,4.4166635503669385
8669,7.645353527722451
8670,8.073347898925384
8681,12.214577606012217
8696,15.515117286523246
8700,36.734158776427755
8701,12.99102247908701
8710,14.343986115619561
8714,17.65356010918319
8715,17.215887093901674
8718,27.949716656946446
8724,20.09902701415438
8735,36.72465121635791
8754,45.84011199126491
8755,15.534958977323996
8763,8.01831752714926
8765,16.254051820072032
8774,14.410725191431062
8776,37.43742792003469
8781,16.324344327877817
8790,8.845359120959646
8803,13.213249855078686
8805,13.75795884789086
8812,27.89860127812495
8821,15.780600263375813
8824,17.480000000000032
8834,16.189224033600752
8838,16.14694634107901
8841,22.001275282683782
8843,13.651198713743565
8846,16.16454008496126
8850,22.03794574661707
8861,14.486229377002973
8862,14.486229377002973
8870,58.43969058334054
8874,15.632727235845216
8884,14.86030839855136
8891,46.09833317719583
8892,24.50530353880044
8899,40.9347206487373
8901,16.573976722049345
8909,14.310436947569414
8912,12.4852965319178
8917,12.235011232534859
8923,16.998036524822933
8929,13.979776777357017
8937,13.440000000000062
8942,22.3463257402777
8943,16.965843869980276
8945,11.881984885853411
8947,11.952907542567706
8951,22.52596156237756
8957,12.73593525525875
8959,50.56944777778522
8987,14.80113188585261
8988,29.5008985044589
8997,9.7667461878467
8999,13.567408352871583
9000,13.567408352871583
9017,11.202383667130613
9021,11.538036964247889
9028,9.32915758204815
9033,34.45123061275002
9037,17.077241204809585
9042,8.115607996821742
9048,17.958321450139035
9050,30.377426860001957
9055,8.369246359305402
9056,9.420267292678746
9060,14.09999999999997
9061,32.68438466889619
9070,14.651235473371631
9087,15.867089996297334
9095,47.29123952490515
9098,27.88172534922757
9107,23.018432920954634
9110,19.08721397872772
9117,14.90807214228342
9118,17.490672614974322
9119,19.524378215719363
9120,15.443183290962963
9123,15.611507238224945
9125,13.486753739221095
9129,20.346894288294926
9142,13.000729140554977
9156,12.976183161452708
9160,12.215389430942277
9164,9.854188719448995
9165,18.777533479163722
9166,19.14389744059028
9171,19.31720710151529
9188,26.270794041586885
9189,14.97943074618058
9190,14.97943074618058
9192,35.42515776168709
9193,25.271984862634007
9194,15.541288035854233
9197,38.72423048051275
9200,14.410310631021531
9204,16.11747425417793
9210,24.284256974189727
9211,18.42294727512478
9217,18.26988184818047
9218,16.781534496550567
9224,13.276159616290885
9225,17.161920816875522
9227,18.716959911108503
9232,8.443893615146996
9245,13.596636587609243
9264,17.738757365156044
9281,0.390571969305164
9284,18.160060464788938
9287,17.487479171913233
9294,16.390536321725346
9295,17.891464935227482
9296,18.95555869379182
9297,14.179079292905618
9298,22.332242186280126
9302,7.968316259861336
9316,16.674542331168126
9321,8.0679877657617
9325,22.725351519920373
9329,42.99782199299783
9337,7.904751828961784
9342,35.58986444075674
9345,15.940778553652123
9347,16.166547555030373
9349,38.48955716180255
9352,40.225932757756844
9356,10.573403833721338
9358,15.020037669397134
9361,14.552863062732717
9367,10.161914005532266
9373,10.860996059683517
9378,17.72624251220103
9385,12.354864808696409
9386,12.354864808696409
9390,17.48132060570025
9391,15.146990043496178
9420,8.074240536129713
9424,21.529767203917608
9427,23.56644106794317
9429,14.22807252472375
9430,14.440845531150336
9446,23.755447426676387
9454,22.249659006165185
9457,16.76436795317835
9464,23.436048658597038
9465,15.15396371065125
9466,23.542308679334035
9467,12.05360409992678
9472,16.92998454554618
9474,8.284089554012436
9475,7.859918480623753
9476,19.531446149439788
9477,13.14038143625162
9483,36.79035445708041
9484,14.617819888935278
9498,8.05905593048195
9503,29.39696303126529
9522,20.442640583125193
9526,18.292358358207938
9528,37.24965822991537
9529,18.184091121913887
9531,13.918812977251726
9533,17.486894699323297
9549,14.900555664398599
9551,52.1892593165103
9555,14.273491763337859
9560,35.88544531886564
9567,35.37346824215189
9569,21.956803618817812
9584,15.973297472888845
9585,13.00115810875086
9606,15.843026827809428
9612,27.36451784869401
9614,34.04217854507498
9615,25.03605871532036
9617,11.284704349562272
9627,16.802259019282072
9636,20.422550290799204
9656,14.840434619110678
9659,8.972456038474371
9676,18.78477535343905
9683,9.45638060491955
9689,16.16785276589743
9690,15.710979911253123
9693,33.35287863596713
9699,17.04429992758792
9703,16.356511884092804
9711,9.132554113995031
9725,13.310988525924563
9726,25.777102554592478
9742,30.49634295294304
9749,15.380598914724057
9757,13.421637886093086
9760,27.584682472953048
9762,21.494757698312497
9763,17.72256667058462
9764,12.707541479510613
9768,57.080000000000545
9777,33.17818034382888
9783,84.8354177561348
9796,25.025011553469522
9799,31.54657251367363
9808,26.720446543465815
9811,20.843214669418554
9814,9.552030905938457
9831,27.697038189617132
9833,23.753947222564676
9836,20.339152587939353
9839,14.206815210237608
9840,14.545370855862249
9841,14.206815210237608
9846,11.60401338737087
9851,27.804470583807525
9854,12.279310169963166
9860,13.38645408072901
9862,15.235659420079639
9863,22.280965614393622
9868,16.042419497773892
9883,19.2652478325038
9886,14.617798543095807
9887,8.698369813699312
9892,8.519240717529582
9898,16.216819196465174
9904,28.560699747874313
9906,9.146880775957984
9911,12.440343197102223
9915,22.311410699121677
9921,14.357787548003603
9927,11.501194620765215
9928,15.452074302095681
9929,10.721055390707047
9930,23.02263056988955
9938,16.41859333118264
9940,13.700861534043462
9971,36.47228570244872
9972,24.26254880327078
9977,23.09583549353745
9978,16.647103850031353
9983,14.112356066997224
9984,16.427596339209572
9989,50.990815894783076
9993,7.657793368474486
9995,16.25288759325329
9996,38.5767805833363
9997,15.07213776875648
10005,15.999523416629312
10010,10.225186689677983
10012,22.80057338288682
10022,14.91804478084294
10026,8.049307112272581
10027,8.049307112272581
10031,16.57039849996649
10032,11.093517333614097
10033,15.768663720700676
10036,11.915202892753044
10040,16.382613060916334
10049,21.17777433405165
10050,17.385572111361334
10052,12.61142467552088
10069,8.949442044468006
10070,19.90632173469094
10071,17.750670482100357
10074,8.950448290467481
10079,9.276325026171987
10093,16.035545456062184
10094,17.82074230112966
10100,15.652564833713782
10102,19.1658732416568
10122,11.202383667130613
10125,12.590609082657528
10127,16.785709636586326
10130,15.421446468837345
10142,49.57825615420034
10148,15.538970084631956
10150,14.170906015574019
10158,15.177728820611598
10159,24.630610481031642
10164,38.06077789334564
10186,12.654704924885962
10187,12.654704924885962
10193,18.814492809460834
10195,24.647946892558743
10210,21.449564664978556
10214,14.692960758785135
10222,14.636985280871103
10232,83.62225065600664
10238,26.022731491519973
10245,31.081211946102997
10248,24.30233032073086
10254,11.574405431189321
10258,16.640849466084852
10263,18.759433048375225
10264,18.683347349014714
10272,17.714726821756166
10274,7.095787871406804
10277,10.655394082638571
10282,18.85101670504699
10283,8.737242527173755
10295,12.721616314055876
10296,14.231039382909167
10299,12.660870535060154
10300,16.35667437584671
10301,16.298663478375023
10303,15.492014891040228
10306,15.021003448758552
10308,14.25894372534024
10310,14.925435115206534
10312,7.9374368854932325
10322,15.131358277727124
10329,17.97393400757414
10339,77.85597857872487
10344,8.450375496276576
10347,17.0012533770738
10353,16.5061619270351
10360,14.815066175329264
10361,32.690164753345535
10362,33.17954514606988
10363,13.77661829670867
10366,21.890915431204764
10371,13.775325652963193
10374,10.953478969609264
10378,10.488363927866835
10383,24.666217255969514
10384,16.228884331314102
10387,18.678166918097
10388,21.993922240500922
10389,12.345790769111257
10390,16.98873545032704
10404,16.522035664796093
10414,16.356294697758223
10415,9.769510222336713
10425,20.084989375715327
10427,17.84951511114357
10429,16.371287033097584
10434,9.308658741162631
10442,13.440000000000062
10443,16.905950351110942
10449,9.349361231039712
10451,21.32422751051903
10452,16.988462906166895
10453,38.448280096356655
10454,41.93964309408598
10462,26.00857428275462
10463,16.221400663505896
10471,18.503610534285666
10472,16.202292284115753
10485,18.32826791351833
10487,16.303488958495254
10522,37.37224545406884
10528,16.05461577685542
10532,19.332366534591728
10544,9.34402068800822
10546,15.136619560607596
10547,16.18111645141278
10557,15.45443474891399
10559,15.949947464294983
10561,15.010992943572113
10566,27.458590139949347
10568,141.0993699788941
10571,17.754388102345988
10574,9.16833311358562
10575,24.759647476246737
10576,9.494136349897905
10577,9.17589171849262
10579,24.237104979828214
10581,12.718890001180531
10587,17.90125127173528
10588,13.202379359393582
10594,11.68338487310271
10603,35.444247876857965
10607,15.64658738356274
10609,14.881811670187966
10616,8.521551577976268
10617,11.778559798887025
10623,9.561898342251041
10624,22.476704560201355
10626,14.938203751173347
10635,8.12194430622383
10641,30.4023669513708
10643,11.996834414290637
10646,16.558222925990325
10647,16.558222925990325
10648,12.03407612579258
10650,12.741128986511733
10651,12.741128986511733
10652,24.247983417340805
10655,18.885539635409945
10662,17.670000000000005
10670,11.807292105507631
10676,12.739999999999936
10681,10.95999999999995
10692,25.96885495595356
10694,14.331531429712658
10695,17.813978105646957
10696,16.978192419499628
10703,17.689536401911106
10712,19.129439730713365
10714,14.311443453338251
10723,11.603752753303555
10731,11.635276886827358
10746,18.977576055243595
10747,16.746483245536243
10780,15.515732028079569
10782,19.103798155566544
10792,15.496442962350372
10801,19.278282744829653
10803,15.633415651457533
10804,15.633415651457533
10813,20.18637067098508
10816,76.89366978624957
10822,15.650374072423357
10827,12.525699558682552
10828,15.068015233176851
10835,13.117479629118398
10837,10.954235036498625
10840,12.347240770016684
10842,34.07216776366113
10845,22.102057782255585
10847,22.637301527931562
10848,15.0585872629137
10858,29.530669757764446
10860,28.634537484870794
10865,18.630294948655795
10874,23.065919068202298
10879,18.083266547226238
10888,18.13112278573231
10890,19.47174292803275
10892,27.760422659059508
10908,11.79694357834115
10913,23.040211701255544
10914,38.6493780872044
10926,35.5001972197325
10929,8.932482033902367
10930,27.267734473102692
10936,17.626992111579796
10947,8.845166900827616
10949,18.176249708869754
10954,20.01098906348484
10955,20.01098906348484
10959,16.39107789115115
10964,14.386114246313348
10971,7.505361983604958
10976,12.918661182242824
10982,8.626243066617644
10988,50.852277651705705
10992,12.178243985610017
10994,15.151647907864305
10996,21.327866074952105
11005,10.512840129074918
11007,15.119655086000275
11012,33.473007138102815
11014,27.28201424020633
11015,12.58649969151195
11017,25.43068043147898
11019,16.345123284075136
11022,11.170700397784154
11028,11.538608391662642
11035,18.720204782691287
11038,8.220346729768307
11042,8.485603485803095
11053,16.257208455869087
11054,15.027611670058526
11057,24.106566684367834
11062,17.57058352196595
11063,17.593718660946436
11071,8.158554993125897
11079,8.446364071945645
11080,24.13707389626218
11086,18.789999999999942
11090,12.835388978681289
11097,8.125055377681566
11099,17.320811965562708
11101,14.256070458123636
11115,30.167109432241343
11116,21.631594317265264
11126,48.6661315347708
11129,13.605779455147964
11137,14.245596908067172
11139,12.765998461705182
11141,21.0009286673557
11148,17.885161378330814
11149,8.51616975886588
11154,8.544024967974961
11156,16.768081882754846
11162,8.830459359158578
11170,15.065736338949009
11172,13.808915043827769
11174,40.18934822770684
11177,21.46518579497155
11181,10.470000000000034
11185,16.203833450014834
11196,11.776704366992554
11199,11.161495951539877
11204,15.682115253341195
11205,16.84938236427747
11214,15.366575768730446
11223,23.712579950463997
11227,11.703914267276732
11237,15.68880315339857
11241,26.170571199744955
11249,84.54105668138986
11252,31.417839403937293
11253,14.830289176779033
11255,17.526198773203266
11258,18.261374265663232
11265,15.41208079845952
11268,12.739093076150596
11278,8.05776598364329
11282,4.872874616876435
11284,18.75474059839049
11286,20.96435371618359
11306,10.033248032598419
11313,15.562005396130669
11314,15.45715733080469
11319,45.011360236693875
11324,25.469678451792458
11328,21.462633467319176
11330,16.3561549177785
11332,16.144373633996874
11338,14.921257337476137
11343,15.894770417491078
11345,8.247021521572536
11346,18.621610438463904
11349,11.260006503448215
11357,8.918748639029724
11367,7.758450139937629
11369,14.374833897847083
11370,13.697397182812265
11374,29.43740615605445
11387,17.871026320320812
11388,16.5014246585153
11402,12.67993875160687
11404,17.36590834350932
11416,23.13795796580858
11422,26.236261889213946
11424,16.492210574153603
11432,12.230022605375131
11434,27.003048296291556
11437,16.931583919570567
11438,21.10354768025232
11445,8.163585000189483
11446,28.800000000000196
11449,58.2320136932333
11454,22.304506460358645
11458,88.16305061006213
11459,18.86463400805066
11469,17.411440877843635
11472,15.390361247693573
11479,9.506203876535226
11490,13.100337923248224
11499,34.379910310602995
11501,28.62692687024349
11505,20.309670896554692
11506,19.875313891833244
11512,9.226119538355436
11519,10.975818627867474
11527,14.62195901657265
11530,14.761133378072223
11532,22.47195334239477
11535,14.635894875633937
11536,39.93422707145276
11540,16.111755453248115
11542,36.657743911895324
11547,13.674682338530078
11549,9.685825797489125
11552,16.05296439327544
11556,6.4378334083818745
11557,18.11358327094523
11559,12.220582670093782
11562,13.563025953081402
11564,15.026439265504408
11577,33.42026981641961
11579,9.269999999999964
11582,9.269999999999964
11591,17.459756004260335
11594,30.611045545583213
11601,13.706434591196007
11602,59.42842355784105
11603,21.196011767744487
11610,9.84298969621775
11613,15.09324597943646
11618,20.007728433344514
11630,13.697397182812265
11631,13.697397182812265
11633,13.697397182812265
11640,20.187253951675775
11641,19.416803736157078
11649,11.466894828503378
11654,15.687415960347597
11656,18.63869693427721
11657,15.697905468873298
11660,14.39486796114439
11661,11.813926380848601
11667,9.339003460335057
11673,19.447710592388837
11684,8.913322362776617
11693,9.538377604633906
11697,8.5824495562802
11698,23.26814600290814
11706,34.43489915787799
11707,30.399999999999732
11710,30.399999999999732
11721,11.667673596410564
11743,13.220013224512233
11744,12.33834471740964
11751,15.519679051830078
11756,11.729004873922976
11757,9.864771241800774
11758,31.506924887675446
11774,21.02417962763053
11778,12.114980530656403
11785,15.200063350072305
11786,16.144689366355998
11790,19.259048582988143
11792,12.699902353538608
11795,32.004563791714766
11803,12.767350446728324
11804,18.47479544409318
11810,14.85543532814849
11811,18.231021182094995
11820,12.477952816822354
11824,12.717913461222254
11827,17.683079490968023
11831,27.75735626889483
11833,21.555187513742517
11842,18.10778082517935
11844,15.719018727251129
11846,12.697588140022532
11847,12.697588140022532
11849,16.86758007699009
11851,9.509311068877393
11852,60.588511315651324
11860,9.224891699516798
11862,20.982574409215204
11863,12.326277065990606
11870,16.713309918579107
11874,69.06901552135457
11875,15.827885564314954
11876,14.27385364899977
11879,16.099592789490323
11897,11.6017348369259
11901,11.573523314347476
11910,24.847949982239268
11913,31.760330298580044
11914,21.86593529186083
11915,2.4525809358460458
11916,2.4525809358460458
11917,22.305692316973715
11919,25.203745693431898
11920,17.108521287723164
11923,20.437430557604145
11925,13.826666366963217
11943,10.12000000000003
11944,10.12000000000003
11945,10.12000000000003
11950,10.12000000000003
11954,14.031604698198025
11955,48.659657840961124
11957,17.667604830177986
11959,20.839095231924663
11960,16.006194759560987
11961,20.70074550068712
11966,15.42211242136339
11975,17.659302176127614
11977,15.760352369155154
11989,10.219639561180376
11992,9.831940705225025
11994,21.109940460550785
11996,16.890332255549307
11998,8.725890602752557
12005,16.187942134420414
12007,9.04375459185488
12009,20.02668352550137
12010,16.120742172311672
12012,13.59480770421596
12013,24.693554274937608
12017,37.20015479042203
12022,28.286147496503112
12023,12.632678122403918
12034,8.685516883280233
12037,14.970206948613795
12042,15.350000000000005
12047,10.091187132845342
12048,34.0686358623635
12056,18.517521144415433
12060,8.297904522641343
12064,32.23315669672857
12067,12.132782172272718
12068,12.132782172272718
12073,9.402123989437666
12075,41.234679231862245
12093,13.886423831770475
12097,11.849999999999943
12102,22.363769176783958
12105,9.306267096193322
12113,14.36556163395809
12114,20.303683270799112
12117,15.918429914319294
12123,18.187654721320914
12125,16.883286992932277
12127,10.524221170826275
12139,69.88183122931332
12141,9.003925439347906
12166,19.589999999999957
12171,10.914085172191992
12173,14.520000000000026
12181,9.02142786905852
12192,65.74817931836235
12196,65.74817931836235
12206,17.985833950776584
12212,19.65661446846527
12213,19.65661446846527
12231,13.959943446744457
12235,7.8299518837066415
12237,7.8299518837066415
12239,15.567283192894983
12242,21.58383980276832
12243,20.26843359832565
12249,17.09349524921515
12259,13.36750736001066
12260,25.8667191885471
12270,27.647270809038066
12272,21.53479950865611
12281,25.5332759765414
12292,16.345814544888192
12295,19.267734014642695
12300,14.803898029955736
12304,14.283400504807036
12307,17.262348221562352
12319,14.754480225924269
12321,17.652100044306057
12328,39.331772898130076
12331,20.428584025566572
12332,19.791515331982737
12333,11.027306232303054
12345,9.1065274602013
12351,37.54371424005239
12356,12.207517386682133
12366,14.366480705091483
12369,24.824754008827156
12374,33.03667215845465
12379,21.557014523339113
12388,8.879999999999974
12391,35.759092083992826
12393,12.055689666241417
12394,7.9449352116107566
12404,16.071176001390032
12408,17.010867001719824
12409,15.127598787885972
12411,15.482483115699772
12413,10.292747376003454
12420,17.74506790941829
12425,18.601763425837177
12430,17.335990932675074
12432,21.16417864514271
12435,14.12981927385545
12440,25.170686453333897
12442,20.324122483414772
12447,16.554242272426606
12450,8.297646620076307
12453,30.48947258032405
12462,16.196035643000748
12480,21.81903187185708
12481,8.100464958722087
12490,18.818525580716635
12495,20.65817496911198
12499,14.375079048577904
12500,17.724946546423386
12505,13.700245313221505
12507,15.258424732315515
12509,18.386028016518804
12511,21.502494705384347
12517,23.536189292800113
12521,20.63134483917083
12542,15.685029186794036
12549,15.830056343499962
12558,18.868672342996483
12563,18.920792571670727
12570,12.668141911803335
12571,41.391476676536186
12580,36.06750751880784
12581,14.810738353881222
12583,19.29901234928564
12588,13.60116946373225
12590,12.137172020750032
12604,17.34844895944202
12607,18.884225165254037
12608,15.888264514525403
12609,14.398999061586716
12614,16.933826827469368
12621,12.277529124232853
12622,18.552521659088065
12627,35.29982582106264
12637,17.47859765919278
12643,13.132167904801621
12649,16.863727673831665
12666,20.743284223066976
12685,12.550000000000027
12693,27.997600183862634
12697,64.92509185218562
12698,11.386141583315064
12705,18.009380230893644
12722,9.086596671617393
12723,12.436230192049804
12725,16.080423750539467
12726,9.930500281836524
12727,15.508186113377771
12738,40.107334373822056
12744,22.345701790989896
12755,17.97968159729092
12757,14.50691804762915
12767,11.558133663026467
12777,10.631799250612174
12781,20.40554980084158
12787,15.984086698693822
12793,9.683174473817724
12795,13.086944260238086
12796,16.71336595413131
12804,31.931052853508795
12805,13.355192895750106
12817,14.985082716798079
12824,15.525736065781828
12836,16.220512918316476
12840,14.666842388924712
12846,14.897794915047971
12847,16.805513990732003
12852,17.97960005934367
12856,15.624744358019306
12861,12.562298014716198
12871,15.82129404838567
12874,28.65896025582198
12881,17.79660709718868
12888,16.608521697148863
12893,18.960159089965632
12897,14.840243317092785
12898,14.877821529750902
12900,16.341592722332
12903,9.719249180155728
12904,23.485038372231667
12907,24.181733893378045
12909,21.512931457060027
12911,8.869586567405118
12912,14.68919632509113
12914,17.63051072560366
12920,9.914035116452013
12923,30.453163303572584
12929,9.638869571043754
12931,8.27000000000002
12948,18.69697194914049
12951,9.160892675537902
12956,12.994407157634232
12957,15.158748046140573
12959,9.113285020225105
12962,15.600587452522163
12971,12.129999999999962
12972,16.72498891826501
12974,15.154443773590895
12983,16.809563535982658
12985,15.087689329831633
12986,23.408817136160422
12990,10.625519446223835
12995,15.199688450649173
12997,14.717142939594064
13000,23.968943933108523
13002,7.682954636526002
13006,8.290787825325372
13007,15.843026827809428
13014,15.24571105887637
13016,6.982854796983758
13019,36.19269784289942
13021,27.661944378790178
13022,15.55755955619886
13039,20.955076709994348
13042,10.093243390916435
13043,24.112435001385062
13048,18.852614417583347
13050,20.368872927124748
13052,23.989525180543318
13058,15.25464502085698
13063,34.11888275983539
13068,9.011204603857387
13071,9.011204603857387
13074,19.69223533867607
13076,21.956235797768983
13078,16.8732434318365
13079,38.75967567527689
13087,17.137710414383147
13094,17.92144517068443
13095,23.850356426689267
13107,7.827402056516732
13108,18.76416776404877
13118,8.71499285822642
13135,11.721305323954063
13136,14.154213614047167
13138,8.23240436624083
13140,20.678766569056098
13146,22.685442389799505
13158,18.614688731177626
13173,14.95047715135738
13185,11.822923739209793
13187,10.36926790354258
13188,35.19451359469773
13189,17.191250123306652
13190,33.18833001306366
13195,24.1046841914651
13196,26.76362205790896
13203,23.142542652776914
13205,42.168150233779265
13207,22.25879042103144
13209,19.864341094193417
13213,15.62758869113362
13218,14.847907512988384
13221,15.232561066109
13223,17.30533095623387
13232,14.878832593839771
13235,11.77415357306337
13238,10.481108024749462
13239,36.45483192237783
13265,14.51037328431728
13268,21.24236900161102
13269,21.24236900161102
13279,13.190461080515677
13285,12.519887338724507
13286,20.453708589347897
13296,13.019156754283799
13303,12.811902833692734
13307,15.384475946446944
13308,17.891627444206218
13318,15.574338594620112
13329,17.52761289251163
13333,15.008681951759232
13336,25.69039659909542
13340,16.878498559071517
13350,17.191976033577284
13352,23.668340979934353
13357,8.991733331375045
13358,8.991733331375045
13367,16.706969598868376
13368,34.4194415722665
13370,16.06398386183141
13376,14.434735221733666
13377,14.434735221733666
13393,11.561520778035396
13400,14.817850436234286
13407,14.401779090837062
13409,8.632969825334646
13414,38.73021588320586
13417,8.004978107293585
13418,15.996635364302882
13420,19.259788842055585
13422,5.962324460607142
13424,16.173007293690336
13431,43.3765637954635
13435,34.103102798287146
13438,14.484361802585443
13442,15.604018371011374
13445,15.971164113748966
13448,17.640240393752624
13452,9.546661979094713
13455,18.479551327911587
13458,9.073340396617636
13460,17.689297934051194
13467,10.972011178507502
13479,7.9461589382980975
13485,19.82134719474383
13490,11.109147993362352
13496,18.03006814390886
13505,12.684658362398615
13511,8.747956584353346
13517,27.51169644598789
13523,14.621760108797067
13525,72.66957266256178
13526,34.072657571968975
13530,9.249540414122242
13538,15.875631097994411
13541,15.224341957833332
13543,8.264416617239311
13548,14.30265689186232
13552,10.577348580943328
13554,11.65461296198361
13568,18.10895021940599
13569,12.553297961232209
13572,17.999662371607165
13578,12.90551004607919
13586,18.622616770660837
13592,18.537571083138275
13593,18.1602680446398
13599,13.34924321238366
13611,17.829694443861637
13622,18.42745096573263
13628,14.30588494860745
13629,16.764079795252044
13635,27.51333053367089
13655,16.066105600160075
13665,15.108160537941949
13668,15.785647572418828
13669,16.9554406068114
13674,28.63458430298249
13677,11.2983344896095
13680,8.062213925526164
13681,8.612613028538112
13682,9.716398831303595
13687,14.520000000000026
13696,8.665893427901995
13700,10.778921529054589
13708,13.980570750183588
13724,32.67857920085083
13725,5.9040341079171474
13726,21.08816772602438
13727,17.98845550162074
13732,8.88059986482133
13736,16.25000000000001
13737,15.13728989898415
13739,13.440000000000062
13746,17.73029190607513
13757,14.64420919205128
13763,8.867083494768309
13771,14.141100622973733
13773,15.40894006751951
13774,17.24878865438284
13775,13.485453774871965
13780,16.698634773740505
13794,20.34987162547411
13795,26.422151302707974
13796,11.807292105507631
13798,10.984203500106537
13799,19.989480487825595
13800,31.882998366376007
13802,37.866996119798024
13810,17.583915807823594
13822,16.933772852983935
13833,20.804858984660896
13836,8.33856781620243
13837,15.45365129536373
13852,45.599056393954235
13855,15.272799599561203
13857,7.531498763960039
13863,10.4298274412801
13873,13.975657634869533
13879,42.82714732810771
13885,16.543190787915236
13891,14.302859067314037
13893,20.39067857907887
13898,10.422086532396984
13901,28.804606765348534
13903,7.782454733297648
13906,8.749866849900547
13908,13.185776550723194
13910,18.976641775640395
13913,14.918166658174831
13916,14.796210189662837
13918,15.56757736593018
13928,21.378213345044877
13931,9.198991737889706
13933,43.33465979344119
13939,35.511981762133885
13945,23.23506661748361
13949,18.7819905641476
13950,18.74175479125993
13952,20.539660520023116
13954,14.433529453856087
13962,35.32744576025498
13966,12.397892703530166
13967,18.218894098271047
13973,77.76080166601851
13981,14.106573137825107
13984,8.698053952002237
13994,16.996107317246633
13996,18.32729180550928
14005,14.079842068331894
14009,19.29999655915856
14010,22.670340074082535
14011,16.79866823550958
14016,25.001980197016497
14018,16.78759420653449
14020,39.06931809581441
14031,13.557500905828483
14032,13.557500905828483
14048,15.306666905740691
14055,19.762027139242807
14057,23.564775996951546
14059,14.84700649182451
14061,18.096758658420235
14065,28.261997640367284
14066,21.802501949310983
14073,30.266171727492377
14081,14.548463727762012
14082,18.564720884991758
14090,8.93642686260693
14093,18.7727560445919
14097,9.709553618645916
14099,9.709553618645916
14108,15.873786463873394
14110,10.01433365481459
14118,14.239835804291936
14151,15.27468255266038
14155,14.660745134651352
14156,18.420990196786498
14158,35.41886264196251
14167,17.706100037418175
14173,17.670000000000005
14174,17.670000000000005
14175,17.670000000000005
14182,8.720000000000034
14187,23.053359791906555
14193,15.12674870202412
14201,16.44913649360858
14203,17.48900137737853
14204,16.10206276739965
14207,14.919502430682972
14208,14.919502430682972
14211,8.695900389787848
14213,9.822352557744047
14221,27.10439578931202
14233,17.457460045826572
14234,19.16089326917612
14235,17.176151090233915
14236,8.617032513318845
14240,26.771483001259153
14241,10.055895267102107
14242,15.658406325682666
14249,28.854070178936464
14251,19.72764202957624
14253,8.086523189750178
14254,15.594799850514477
14255,19.80946530757352
14257,16.720944931478936
14261,8.747956584353346
14263,29.962177039723745
14266,8.153886079356564
14268,33.90411368014871
14280,31.53459750288529
14287,19.817270997556076
14296,30.321706648837456
14318,20.74827407853577
14324,17.543471060488198
14325,8.88449715009271
14335,22.82792657356487
14337,26.715635243239134
14343,14.846297598996971
14344,27.213026495960232
14356,37.97698061516488
14358,12.002318559189423
14359,14.616176841399168
14360,13.93418575835208
14363,27.583937669557784
14366,13.926660910590844
14368,20.421058046365488
14370,10.347756121446002
14374,20.88246759054747
14375,18.30538922362278
14376,16.900663258440805
14380,82.39751278064239
14384,13.813726769529541
14385,22.118112569589528
14386,14.242124110550549
14391,34.84778663196552
14396,12.696701180009233
14408,19.227040422879362
14418,12.954611095916418
14420,26.047677559883248
14430,14.310551024592812
14431,16.96981212977131
14433,18.314489498566452
14434,9.423466776569837
14443,24.935601601561714
14446,18.642632000042596
14449,18.799946463827872
14450,15.204883936801735
14453,8.517874532546161
14460,27.749999999999897
14464,19.40324960828114
14467,17.922545113328706
14470,15.842843678910452
14471,17.649414090205518
14473,13.446767361281175
14476,15.657736778246466
14477,12.11455851139628
14487,14.695043632442363
14490,15.172968759667018
14501,24.665306312876424
14506,15.624010932056361
14508,10.053752486416657
14510,20.76023247269562
14518,14.613457150685736
14521,15.713156994021666
14522,15.713156994021666
14528,22.465247757606782
14531,36.16902732259107
14538,17.24486338412798
14553,14.01421116601779
14563,11.035397432050958
14566,23.753380347106425
14567,28.16022368917441
14571,8.121044520943217
14573,8.121044520943217
14576,48.32226909592631
14586,14.978387936380912
14591,27.51599180461723
14592,18.732435200267044
14595,17.01992434553326
14596,8.522156356595993
14597,17.67000000000002
14599,21.9370757433142
14605,25.8339755763526
14611,14.753639330752687
14615,11.285965638780857
14620,8.367642377983408
14623,30.308060188849144
14630,18.485132678429324
14646,16.265077102212175
14648,29.185905144055564
14655,9.554151854439867
14659,15.496442962350372
14660,7.413193207474158
14671,18.932003096129467
14679,6.28248492906446
14688,15.32423032465125
14690,16.901031110542394
14692,15.4078205901809
14700,14.974101840570448
14704,9.443657888363617
14716,10.825875961261769
14717,14.803489894234374
14724,17.084746041722138
14725,19.959611602405996
14728,49.57426370640359
14729,9.685308849173387
14730,19.544296833575093
14737,38.80612774613536
14738,16.30406647360358
14740,17.23627708622716
14742,20.030445576799828
14749,16.51013012654266
14761,9.89674897112766
14764,10.064640840140125
14767,17.083304887502
14770,35.858203268582685
14771,11.136060635413992
14774,16.095344417889248
14779,13.459008043392645
14780,20.05852890358577
14781,47.69006696244554
14782,25.49017611129959
14789,39.47092418371041
14795,44.58212479763648
14800,18.244888248519437
14801,15.650267447252851
14802,15.650267447252851
14807,10.203933808370698
14809,15.388660093180171
14829,8.350687967533702
14832,19.742148025776515
14847,12.60564840009524
14850,30.639389779708466
14855,15.02839530634595
14859,67.55456698049089
14877,20.606370623184095
14880,16.57580377940954
14885,13.790636917523376
14888,15.923947331530439
14889,20.349780913559872
14905,20.68731167782693
14921,17.386919417754218
14922,17.29519449285064
14926,26.286219899326444
14935,14.770403368772975
14937,19.9202584809417
14945,16.976160179213146
14956,16.824601515061623
14957,16.751130870623562
14962,11.849999999999943
14970,31.333247563449127
14982,11.803377223715065
14989,14.173975095298003
14990,21.277375780213664
15012,12.466787676048265
15014,7.0654121021513365
15015,23.936847839132014
15021,15.63113494794084
15025,26.538302631511836
15031,15.778227708658122
15033,12.283670876735657
15035,49.311764789740856
15038,13.712674676095384
15050,15.089679260381114
15053,7.757612940583213
15069,17.03136136626444
15070,16.036010879541273
15074,19.815875228547128
15086,18.05679852463542
15104,35.414252540176214
15105,35.414252540176214
15112,14.861809773981546
15115,19.131289180408398
15117,10.313493328414626
15128,13.801766503277246
15131,18.404094034168867
15132,27.853278286232516
15139,29.803116663734837
15141,11.108300573216509
15145,17.602026554805636
15148,15.882892930875702
15151,18.00258909264339
15152,10.495627159126851
15174,11.024025277686716
15190,15.793630210077243
15196,8.822582954945862
15197,8.488765015817446
15210,11.086596522358118
15212,28.46528270123808
15216,18.712688109678822
15220,18.034186865194965
15221,14.795503666195046
15222,20.53851486128094
15223,20.53851486128094
15228,14.496670141898397
15229,17.444866378169756
15232,14.57574517492284
15240,14.770895608159194
15243,14.189649873453448
15246,12.551748381686204
15255,11.902452897196321
15258,20.21708084619474
15261,20.82481207840311
15279,21.685881257614376
15280,13.92469204310446
15281,16.770071671554163
15282,20.61335930819629
15287,19.16380099167289
15289,11.774015281391742
15291,9.501681774575063
15296,14.479002063443476
15300,10.370284946996454
15307,23.85847941864602
15308,22.357893186505258
15310,7.930880398096672
15315,18.52428239049862
15323,17.46477793998068
15328,19.846607355328874
15331,12.349372253428678
15335,13.021365365314326
15345,10.093834117014314
15353,13.370000000000058
15357,10.48107216661129
15360,9.782281049743759
15364,11.505479154406755
15366,18.919112784620992
15376,39.98951014748239
15378,13.441521523559736
15380,9.094706840011952
15383,17.266699637816156
15384,17.83655154115524
15389,24.554395805945266
15391,65.53088368124087
15393,17.79234766862121
15394,18.511256422847268
15397,13.02413061720133
15402,19.18278571101455
15404,23.633766799618844
15412,8.57752860819236
15424,17.509593866178463
15428,12.513556797606583
15431,13.50284564150212
15440,16.187584856909883
15452,19.651647947716487
15456,14.764249265130504
15461,56.237685730751714
15464,10.454569032444084
15466,18.553287117217923
15469,87.58225484909251
15478,11.79268851826115
15485,12.129999999999962
15486,16.129134781304593
15495,29.241501978794528
15499,20.911832192335037
15500,16.361518596433967
15503,7.710942954871136
15505,81.15661347099864
15512,52.12383152531853
15521,8.63567443717117
15523,25.98742859332372
15532,51.23431049394825
15535,51.23431049394825
15549,8.27000000000002
15555,9.529329360707715
15556,9.187373419520238
15557,18.389051436225515
15558,10.189301666867483
15559,10.64343634703807
15570,17.315391479442177
15572,8.787345950583623
15580,12.654790097929137
15597,7.1928798825376425
15601,16.695388150903252
15603,19.239456568836566
15614,7.097306517541343
15618,11.29231300595309
15621,14.293325064763408
15622,47.24337313226439
15627,21.6462055119283
15628,37.13970122083098
15632,11.975975090751845
15638,20.29215508718441
15642,18.28121922832169
15645,19.508199464139388
15646,15.349159206251596
15647,16.704842372257342
15657,25.047056530380946
15665,8.08270250240508
15673,32.194652028603535
15674,8.42448337122738
15675,15.624298899845925
15678,13.391170552765296
15680,7.910028044379359
15686,12.709188280516384
15689,8.520222237823157
15696,17.3803325694773
15711,8.476041780561934
15713,12.247945227717775
15715,15.07882810845302
15724,15.837615690565915
15732,19.0442709525974
15742,15.787763032516732
15751,5.179315001325929
15754,5.179315001325929
15755,5.179315001325929
15773,9.450342336377044
15774,22.287046779576073
15776,15.245389806697212
15779,34.023102816103986
15789,9.166682294961698
15793,15.564986297486712
15797,14.303348565881109
15807,19.00336791767598
15808,17.694628365621394
15817,21.961669915074367
15821,54.86360013856369
15834,12.049741616320187
15836,17.570680265977213
15838,20.795239090599942
15839,23.55935284762616
15841,12.999779941514907
15853,10.157793454258616
15856,14.737569020799734
15861,20.138964829042337
15867,30.671517470700763
15868,40.211803991439886
15875,7.425843192174362
15889,59.3037532191287
15892,15.613176875198231
15897,30.57921761564172
15906,164.61855898334434
15910,20.289388947974665
15914,14.638511458242633
15918,18.516680990830878
15920,16.314627434309404
15921,12.215872431716084
15925,66.3475193116409
15927,22.677264654167004
15932,16.437629736971946
15939,9.122431473137677
15950,17.179069492342315
15955,9.438573460594668
15970,18.73144592842711
15972,27.414041029399357
15975,18.448246884481662
15977,15.032968955358736
15981,16.203833450014834
15982,13.768678383753368
15986,9.78962598960835
15992,17.320749189329064
15994,19.069901391498306
15999,19.543948682696552
16004,12.856983914272982
16013,17.14251590489518
16016,7.38999999999999
16018,22.521489953689123
16019,21.328254534133855
16024,11.564131921631121
16029,19.645574549685087
16032,9.92766534175915
16037,71.07731433479147
16041,12.816000546595538
16043,8.195885154891483
16046,97.13179481606512
16054,19.697390228805006
16057,10.094797721852151
16072,14.151954111819828
16073,9.43603385862582
16074,16.65675842585942
16083,23.168506799549373
16085,17.339667787704634
16087,19.56770797895338
16089,9.006401236070671
16094,9.629065790096194
16095,22.818639168304824
16099,7.798280960859346
16113,15.742283504644185
16114,17.51836579809175
16115,14.983795196617724
16116,18.330320082762398
16120,15.76608403891916
16126,10.336326860287976
16128,25.372596608052277
16131,20.07868489533746
16132,25.49517671421808
16138,16.98120504208711
16142,33.24877538385548
16143,111.45877863703878
16149,21.631658999682273
16150,15.408493164764074
16165,32.308454727200996
16167,15.230053171515419
16172,12.615594592672116
16173,24.55536354132075
16174,13.996708679557264
16180,88.70833274537009
16181,14.580122366533548
16187,10.007091457712397
16192,19.876863593880753
16194,36.026014297344254
16203,24.484699435211848
16204,14.507658191008765
16206,21.00129621780506
16210,16.034602707950793
16218,10.814113050090663
16219,25.4751766441886
16220,11.004217236039588
16225,8.573141332205104
16227,17.68032007681801
16229,20.083270182910926
16237,14.716364376294703
16255,17.86168725393715
16262,9.395981511354071
16266,9.751325795506634
16272,16.41540104651235
16282,23.152424133090825
16286,16.199251459858793
16292,13.877489234759823
16293,31.176046730467533
16297,14.8499046368314
16311,35.318492770989
16320,18.399517221676472
16321,19.817482363349523
16322,15.736640200136492
16324,21.50347276130927
16329,20.727913715071058
16333,12.915066249922258
16335,8.616356162594172
16353,12.58058332055803
16355,38.6493780872044
16359,41.10258125485493
16362,18.961648934358216
16379,8.518411145344212
16384,48.22720989303596
16397,13.816345094330007
16399,48.82250162319965
16404,16.502622614973994
16405,15.02190650152098
16409,17.813370380809832
16416,23.649316928834036
16432,12.715091283996763
16445,12.70307380120007
16446,12.808734530943221
16447,7.8135039202994
16448,9.785818484401892
16450,9.785818484401892
16455,11.754033203296546
16461,18.686083478784504
16474,15.616150302359525
16486,17.558827969209016
16488,11.429684084988834
16499,14.878083150888989
16510,20.187606756206286
16514,22.026877812997046
16517,10.589292561046275
16522,21.605121801557416
16529,9.186487798928395
16539,25.579919689866138
16546,13.323539370001512
16553,17.16015939096201
16554,11.173701408704241
16558,28.649045913547134
16564,86.2327503364289
16565,23.07973782799381
16568,9.654573523854303
16572,15.07314974724762
16575,8.188975547102288
16577,15.62424425766007
16583,17.9612940152096
16585,6.28248492906446
16591,32.10775850428566
16603,7.9374368854932325
16607,16.746183205073738
16619,12.575137520343638
16621,9.800797675153785
16623,5.418096580837408
16636,14.841136296897107
16639,12.9511715361653
16642,17.526442969833525
16645,10.130000000000056
16646,16.656289727411888
16653,13.94307948554906
16654,26.24999999999987
16662,26.18672749040454
16667,15.683049290834472
16672,17.18582767973779
16680,14.492237237772533
16683,9.348851084945586
16700,26.76362205790896
16706,55.415774711156914
16707,13.467527186564295
16713,88.75197251305015
16714,16.173904480641532
16715,24.77211945758727
16725,18.923366882433363
16734,15.900957028790568
16735,15.900957028790568
16738,26.185757042463695
16741,9.288016290185396
16743,7.740000000000014
16746,14.944408379123816
16750,16.247597837295924
16757,17.590018134614837
16761,21.15089794779477
16764,24.603296817669836
16770,15.764089672762239
16771,10.1631795080822
16777,16.66291444301705
16788,9.380330516724108
16789,15.3216203354521
16792,17.320429883871704
16799,16.789999999999957
16802,74.60470203537783
16804,16.368817715428705
16805,22.932140194857464
16807,21.914079066650192
16812,7.794042571495886
16819,17.81455387181996
16833,18.531928015984047
16839,11.709303880841022
16840,11.996834414290637
16841,11.996834414290637
16842,16.539451622911372
16846,17.16682025156854
16850,36.33704581562948
16853,18.047041006932208
16855,15.281181849405158
16858,22.915325247893236
16866,15.431559016624572
16871,17.1675548957094
16873,18.471202540284754
16881,12.971926902088942
16886,19.7831093414579
16893,20.50188736431576
16898,14.131698004723269
16899,12.759826922004446
16905,17.183697589671223
16908,17.282889627295017
16910,37.69203962914338
16912,34.67808193097617
16918,9.358607188237732
16919,16.420878340099694
16925,18.010679444338404
16938,15.455302745380664
16946,18.319394477434155
16947,22.61399805553468
16950,32.25569218901195
16953,65.80236002352582
16954,15.350000000000005
16958,15.25094838949288
16959,14.625251791296158
16964,16.03471511677051
16971,17.84873952140685
16973,12.048513419355686
16977,15.359614563885518
16982,8.10231920292125
16983,16.69859335428113
16988,19.16688596372621
16989,15.896478754772282
17000,18.374834187038434
17002,12.609576925342202
17004,12.609576925342202
17005,12.609576925342202
17008,12.76240229932956
17010,18.388960685098585
17015,14.77234450370617
17026,12.384304932609616
17027,21.56233462126088
17033,34.07202072613832
17035,15.336314701109465
17038,28.985217217561292
17047,9.679239539319136
17057,15.277537967142372
17062,14.162086092320799
17064,26.482857234188625
17067,15.283826266108314
17069,12.440110051185519
17079,28.04971476344054
17083,9.318015734639696
17089,11.107957874888042
17092,10.557018629119161
17094,19.423154474072305
17095,8.245666354565563
17100,15.554025686317605
17101,15.745616967233673
17107,16.465615676995498
17109,30.412095673680998
17113,19.38664307582365
17123,12.477952816822354
17129,19.225810083291464
17134,15.988819279370016
17135,14.885103182891962
17138,17.639999999999947
17141,14.891027433565183
17144,24.0838328710266
17152,14.986563514030573
17156,19.03187115601318
17163,9.50899582128279
17164,9.50899582128279
17165,13.44793974563929
17167,15.647996558893773
17168,15.752688796211018
17179,13.905832100347132
17180,16.03146674174629
17187,26.294869248869464
17209,18.199005648590862
17217,8.27000000000002
17222,11.328192155801187
17224,14.240326811091581
17239,21.097189852931503
17248,57.997274444225646
17249,14.35673361245282
17257,17.445430424267123
17258,17.445430424267123
17264,17.264262105056076
17271,12.689999999999937
17291,12.321333712982819
17293,15.222148934313577
17296,27.817089024001383
17297,14.087722674489276
17304,25.36060371272935
17318,8.51616975886588
17325,11.049145069207267
17333,23.987096371007308
17335,8.566998059708446
17358,13.6188302221597
17362,42.072393509631894
17365,19.522127605967256
17367,17.929008412159885
17375,15.308349969015747
17378,20.823711670235433
17391,8.753695793060205
17392,19.098211616707793
17395,33.06545317371979
17399,14.107725164132528
17415,15.105475752440363
17420,16.70288520536468
17423,7.671778155332854
17428,8.476927625062894
17430,17.00148501485066
17431,17.00148501485066
17439,21.224087533213197
17442,59.496835824033646
17450,15.833483044518182
17456,33.54740468262976
17468,13.02219167305275
17477,17.952368361393795
17481,7.893680154536396
17484,36.850383192153814
17488,22.45303857507502
17489,14.464888579582453
17490,15.962413003273067
17492,12.822051464557347
17499,13.730064219395015
17502,18.93213236603301
17509,27.29844206749073
17515,16.990746804593456
17518,11.365265752165925
17523,16.691664834799735
17527,17.33687953149033
17528,24.486109930534536
17533,18.569726655010015
17534,19.36920528906723
17535,14.539973552813626
17537,21.484192534057087
17538,17.961824942377635
17543,17.719423734171542
17548,25.95908979232413
17554,13.881555464262759
17559,13.891758196327185
17567,27.98041182263234
17570,19.29741244551718
17571,8.868287401520886
17598,0.5570942378192447
17618,10.979827430810337
17622,77.57252117233611
17623,15.573415214701665
17629,8.785100141668858
17639,17.209451817751535
17644,10.112323409468495
17645,10.112323409468495
17649,17.038399785969457
17653,22.649812855590667
17657,8.844226294061931
17659,8.646599913966337
17662,44.646731852122244
17663,21.180180379129702
17685,17.44473075261122
17687,24.894859424630482
17692,8.675174971404855
17699,24.231263398303444
17705,8.357198316796902
17708,14.398488779947641
17712,8.281398048024306
17720,13.869599870824171
17723,16.240009780166517
17725,30.29136596976177
17743,8.775504551362157
17746,0.0
17761,16.14415552667192
17769,12.10466465056694
17771,15.30314882762097
17774,12.478081057338626
17776,34.92437734177804
17790,17.439787477194105
17794,13.520000000000062
17800,15.149167668385303
17801,15.207335975795921
17804,30.675384262626874
17810,15.919999999999927
17818,8.05776598364329
17820,9.432186607412607
17840,26.260738554671104
17842,9.326597523343773
17844,13.88741015683269
17849,22.772432327731185
17851,18.939062525523468
17855,29.300981957252702
17860,25.848526269574762
17871,22.0827635610795
17872,16.49500909307485
17881,14.009458167033568
17892,13.184442640899098
17897,35.79701772246436
17902,41.572803311437966
17905,36.36747292905515
17913,8.669191337271368
17917,17.10508761430837
17919,16.461335874514283
17921,31.561603434357203
17929,16.909468019242023
17934,17.45337130066535
17938,18.69672830934258
17939,20.51686788586273
17954,16.2522870180852
17957,14.891352870387992
17959,17.52271405697023
17966,14.195752911846636
17987,20.916109981207114
17991,12.537455818584569
17999,14.157421235803234
18004,17.112421444222576
18007,7.8257263992595725
18011,13.68641254450648
18012,14.2490055106288
18015,10.509502596446481
18017,76.73075403627259
18023,13.862546919231946
18025,14.862748404612454
18028,15.169892928178289
18034,21.206790401602195
18035,8.97170093279118
18041,18.322528427684613
18044,13.93910742433526
18046,17.112097931961603
18049,16.300959268047922
18051,8.01803888759695
18052,13.459568150411565
18056,17.520003356340627
18061,24.111119796779054
18062,18.06694146386699
18063,26.15960003520074
18069,10.564420822594814
18070,13.336946998008424
18071,7.705937150786125
18072,19.75597134019447
18073,23.26337633023733
18075,19.61604220911025
18083,11.505479154406755
18084,19.921394571017657
18090,18.84274035025026
18097,17.58525636922199
18117,25.36952278435594
18119,14.726332460378803
18120,14.239314903206374
18121,14.239314903206374
18127,16.646747581983675
18136,15.974384384107491
18137,7.591899640155583
18139,21.417755455631657
18151,22.424703299195325
18162,25.10452484203039
18166,15.772284618006324
18171,16.768896907117664
18174,19.15925485353748
18175,13.945119107726422
18180,15.55697780892545
18189,14.207231900554232
18200,21.510683055006258
18202,11.150636114423104
18203,11.150636114423104
18222,44.904805711217264
18223,28.72610360997215
18254,14.794531703900093
18263,21.344020302431826
18280,11.243278020054973
18284,11.973190731095226
18287,9.01567915200531
18288,73.04868175196448
18290,14.30075995816216
18294,24.054968663679748
18297,19.118741058394313
18303,24.195820656730863
18311,0.4753614766363758
18314,17.389632569604174
18317,17.712836220680693
18335,20.87957390660516
18342,17.963332629592838
18345,22.14440437213928
18348,16.129536232903355
18351,6.166538986370622
18353,12.567194710469488
18366,12.677594193873663
18369,22.87756210091138
18373,12.388201931246279
18375,26.734367745091863
18376,12.223877879142425
18382,15.21795356679624
18391,25.779478971859007
18398,10.12119952291311
18402,9.84111591156158
18406,25.342998291080395
18407,14.088926714297248
18411,8.699288082028671
18412,8.572503804346798
18413,23.399227628964525
18414,22.32042719160276
18415,14.985762314021008
18417,23.29975191582782
18419,11.924354835150526
18430,7.742901913129938
18442,16.788625290265582
18454,29.605737012160965
18461,17.583760922412555
18465,11.759009445936
18471,17.29550870114422
18474,21.963326856268488
18481,15.18209961088695
18482,14.76803939378281
18490,25.15738032932888
18495,14.52866416094812
18496,16.743986441744937
18512,17.932455884279676
18513,17.932455884279676
18514,11.087718582171414
18523,26.650223037495017
18525,15.13992640094041
18537,22.54800306753347
18541,22.768867449673895
18548,18.479279177519057
18550,22.479476576082504
18551,19.786835012930766
18555,15.640313492295022
18559,7.534216044080132
18565,14.842256708342203
18583,7.3685761896009545
18595,26.843395208396814
18606,36.45144189918979
18608,13.945630310280833
18610,16.122547373264723
18617,13.323473152859448
18624,22.118112569589528
18628,13.928448042457255
18630,16.889808352487627
18638,14.242124110550549
18639,12.716275243213738
18640,16.089903638076215
18641,25.833687394609434
18644,17.818300472868124
18652,15.568474731147738
18656,21.005355687669322
18659,10.701887040720042
18661,12.874827983287368
18667,10.95999999999995
18668,26.867856298075203
18669,26.867856298075203
18671,12.641231193652041
18673,13.443993259332826
18676,22.483494920355717
18677,16.278437782079962
18696,13.984168158302559
18701,29.228595287176198
18707,21.612934592876773
18708,15.309255140548157
18710,14.173089432385325
18712,18.633011277951777
18713,17.02697604075902
18719,15.803498033961134
18720,8.566998059708446
18722,13.712941719890049
18723,22.52418976291627
18730,9.502676876082878
18731,12.264924678783473
18733,5.4874008099173
18735,19.245398204895867
18738,12.813772204695573
18743,7.780000000000003
18745,16.142381729112348
18764,16.126395934273546
18769,23.270818441987096
18778,10.005170144945255
18779,31.703003260704982
18784,16.67275990434281
18787,12.998338747052957
18788,14.741982812264345
18793,15.827826093963466
18797,38.2998646020152
18798,13.500860466393151
18799,16.086696528297328
18801,11.74347708693329
18805,13.440000000000062
18806,13.440000000000062
18809,11.64309708441575
18811,14.008802229795252
18820,11.875961794606065
18823,14.858971766844126
18827,22.784456899647743
18828,16.3735090471884
18830,17.7340408958381
18833,27.565767417677236
18835,11.499109273275954
18838,12.47558124926506
18840,12.753502031177025
18841,12.753502031177025
18842,12.47558124926506
18845,8.471546333622197
18848,14.256971883222718
18850,14.804820087921193
18857,15.322653482682803
18874,18.64316563499862
18875,8.759733113421746
18877,24.04651189652767
18884,18.982178510735846
18888,17.1421037649613
18902,57.82678987242395
18906,9.034137115746555
18912,126.71190485198534
18917,14.213466928534206
18919,14.687913022606601
18931,14.862819498772872
18937,11.1674880118119
18943,35.48668749739426
18945,16.148437132319106
18950,40.79434990461768
18952,13.382515004782299
18955,12.693092358786073
18957,11.91687541523819
18959,27.63818516317272
18975,20.5175678839569
18980,12.8775732546395
18981,16.73115895210695
18986,9.29635836210179
18992,12.575414057163645
18994,27.21072307354267
18999,17.90327964403908
19021,12.69764911196291
19023,7.959806085193161
19030,16.296439687929034
19032,19.65282710634202
19038,17.66979994749083
19052,7.38999999999999
19053,8.209343898007877
19055,25.893505676988866
19059,19.20362781959733
19061,10.535646332205243
19062,9.06024628452679
19076,8.27886032142322
19079,25.39353183167091
19083,15.777683802754286
19084,16.823625757569886
19087,9.334055156347572
19100,17.670000000000005
19108,16.991017817604998
19119,14.429543578095634
19123,13.406203751248622
19124,51.2540779855929
19126,12.980143039722737
19128,11.92994505106577
19138,22.228652642231648
19139,15.315911767996571
19140,14.618456980171834
19147,10.422287483915316
19149,16.267690368520864
19154,10.53713724262812
19164,18.75455151269565
19171,15.337505893618758
19180,9.831495576559192
19182,16.098368432673087
19183,15.091275468892348
19184,25.428202823114415
19186,14.712060824824807
19191,44.35839294178625
19195,26.205691725892923
19202,24.479321157486652
19206,16.1100000000001
19207,16.1100000000001
19209,16.1100000000001
19216,16.1100000000001
19221,17.511414698243613
19223,26.339351886088444
19238,14.944204220082703
19239,23.808991364525546
19244,25.584742107045162
19245,19.43584943638636
19246,38.94390736034841
19248,14.471760117748833
19250,20.495665588542597
19256,19.29623604205556
19261,19.577421952506604
19264,18.144615170292425
19265,17.617233771003658
19271,18.948366886609794
19276,14.965303773045063
19281,13.690517205841465
19288,21.73889120857792
19291,15.782104852255223
19292,13.266933768797148
19293,9.220484088762467
19294,23.84557944823431
19299,14.80107321801824
19302,9.78865880091627
19308,40.896175299934065
19310,18.083020198613493
19315,13.167052653251016
19317,13.179303853661649
19318,9.011697669989438
19319,22.193488728784466
19321,16.444396940597443
19325,100.34797654643185
19331,26.916983310014867
19333,20.334721619628873
19335,54.07579351060498
19340,11.620772917100696
19342,27.07825340530523
19349,13.836132061748962
19354,12.32225754950629
19355,19.2525166474727
19357,15.481816390328788
19361,12.325319819429565
19366,17.544986869784516
19382,46.29211618780272
19384,10.169324593742118
19385,17.14893411621674
19390,40.443430221780574
19394,4.586238692130989
19417,10.46571094105564
19420,24.794727386412163
19422,22.389932323708155
19430,17.10212108524327
19439,11.689447794059678
19446,30.29136596976177
19464,16.934727263403754
19466,24.34765463659721
19471,14.782757193407955
19479,18.307445624812516
19483,15.660884579622792
19486,27.738760885208553
19490,22.650455759579312
19491,18.082447066512554
19492,16.38622255208152
19496,10.844433902018686
19497,7.655171032385047
19506,155.3403611972631
19507,31.220489264560605
19508,11.992573977370126
19512,24.4899999999999
19516,11.717179099663156
19520,21.28872812649011
19528,16.945502455040724
19533,14.996653646460993
19540,24.46080636060623
19544,14.580368652661914
19548,21.88954870393295
19552,16.666160147601673
19554,13.190461080515677
19565,24.38481099760554
19571,10.236829385963983
19572,35.27936618867699
19586,15.062232891547279
19587,13.855515188171806
19596,17.408621439618013
19604,14.610575068450874
19606,14.194266578716526
19623,7.392111381202424
19632,19.2332960814259
19641,15.169574866232931
19645,16.2994035057103
19647,17.537368516160086
19657,12.416736695491688
19658,19.992736980818847
19660,43.53154379926588
19669,27.702736873300378
19670,12.606341429496434
19679,18.582287695935733
19680,7.501090306784272
19683,12.378176877464703
19688,12.632900605586293
19704,12.701669137091178
19717,10.683391188890772
19718,18.608120437891827
19744,18.131928298667106
19746,12.060840999396001
19748,14.209999408282872
19750,14.933102585496348
19754,14.122227695890956
19761,14.402646122857547
19762,16.822277363348757
19770,17.815083942851356
19771,14.143635544057963
19773,22.257739711967975
19788,21.81903187185708
19795,9.61621325292067
19798,10.902879088049133
19800,16.510214990760478
19811,19.376666810910347
19812,22.453750758546068
19817,20.978017295736596
19819,25.331958439563365
19822,17.773570896780136
19828,10.802277932405483
19830,18.186846717341805
19833,38.163215943236786
19839,9.706622347660801
19840,9.683453450044302
19843,13.699559277037594
19857,14.159688765271067
19858,14.159688765271067
19861,8.206780412093325
19863,24.009764390775498
19880,9.537660405069726
19886,43.27468928818791
19889,13.69157084001342
19898,12.537267849439987
19908,17.274500404751443
19915,32.51281759767045
19918,12.229662994138177
19919,10.97614176463117
19926,23.48999999999988
19928,18.662384676611136
19929,15.8487618230557
19937,11.098012717487611
19942,11.359279641550401
19943,21.287511681772212
19951,18.316472317282443
19955,8.991733331375045
19957,7.745811402713375
19963,16.903056533060056
19971,13.893941960742303
19973,12.258947017722983
19975,8.755664344870707
19980,15.970040767341821
19982,17.32914424087436
19985,16.089903638076215
19989,13.403614531265479
19994,43.803158102597635
19995,15.65335754783046
20006,16.512213312837495
20015,11.267249998290294
20017,18.20275277494916
20035,16.207777735284424
20038,7.7768054287906825
20045,19.33098840068494
20049,26.043518907709984
20055,16.392116662610672
20058,18.236535292394645
20064,19.028346739782073
20098,28.851170933276197
20100,22.69865050411325
20106,18.945004783611704
20107,17.581803994034512
20110,13.183094282351938
20111,33.4591078286631
20121,36.30939860306189
20122,24.561120618008182
20132,12.784822950170357
20140,22.831677926283344
20146,13.099272847512994
20149,16.58541509651731
20161,21.877986468395406
20167,23.131337625597865
20169,9.568407052665103
20170,9.568407052665103
20176,15.910320514257911
20180,8.643623512181959
20182,17.416456728283176
20183,14.082011658790055
20195,17.36654581396214
20199,7.870423935704336
20204,13.605779455147964
20214,29.519663395661542
20219,25.635776470583487
20221,22.3608532408859
20223,8.893252786024904
20229,13.820267419390847
20232,35.11476573121382
20237,15.764342920046726
20238,15.303614257151548
20242,13.468388407952077
20248,16.541338092673026
20250,20.989999999999945
20252,125.22279888258173
20257,8.100464958722087
20260,31.18589536563818
20261,18.709547614356254
20263,20.809912098525288
20271,14.151756884210942
20273,25.960890783565347
20278,17.600432882102517
20281,19.488589266220337
20285,58.13477783077698
20286,58.13477783077698
20289,18.107424915760006
20291,18.107424915760006
20293,16.491519234414486
20298,10.844433902018686
20300,27.321695063650928
20309,16.22807849533958
20313,16.091023526330826
20319,20.806762728072766
20323,19.28964123808967
20334,16.331266155172038
20339,12.166823695402739
20340,17.742118712339963
20344,17.828975220916156
20348,54.82819553375879
20354,8.690554344917857
20355,9.531440061697793
20357,39.98175041372487
20360,13.605779455147964
20363,32.06021620964827
20366,12.235931777740763
20377,10.782350180721824
20379,16.686310400129855
20386,48.757254325974955
20388,16.469429668690008
20393,19.026261297975193
20398,19.38664388826895
20402,4.586238692130989
20406,9.695493052277827
20417,16.43876573963395
20418,14.045809159337592
20421,19.033933380089543
20424,23.134843036374946
20430,12.649927724109421
20433,12.742101343967917
20437,11.809905006868036
20449,14.30654189620672
20450,21.638777549538144
20451,21.89668346667012
20464,8.30378559647606
20467,11.209175613597536
20475,32.94909576960786
20480,21.1876825015549
20482,12.284383263669813
20484,11.343700217605894
20490,29.280728106020256
20495,16.483902360877877
20512,26.480152498446905
20517,6.5379259323323335
20518,13.614499628312736
20524,39.982561372287655
20526,39.982561372287655
20527,39.982561372287655
20528,28.860695048648214
20542,9.853298767547543
20548,23.19485459222893
20549,13.120901602173051
20574,17.72106220687467
20580,16.045400614429255
20585,29.6668136209153
20588,19.573731334799522
20591,17.708168510830713
20598,21.011954174670173
20599,20.362015983954187
20600,11.506083582793718
20602,14.02752089743129
20608,21.606856505323687
20612,14.394624461360321
20617,22.562933070501703
20621,10.130000000000056
20626,18.545569890205066
20627,17.43616620214127
20628,17.082672733265923
20629,18.09720095067985
20630,13.223871182691692
20632,18.761922439396148
20636,17.430659228326757
20638,16.10334006837435
20645,8.133160399118145
20655,17.26861485029266
20664,11.940280177853726
20665,9.65443990884757
20666,19.830210288558884
20674,20.072211383987696
20688,14.604006552341389
20691,37.25915709495682
20692,37.25915709495682
20693,37.25915709495682
20698,14.171384580616698
20700,16.658272080838646
20703,13.891169440492769
20705,13.891169440492769
20709,15.827250064207668
20718,20.42535961987719
20720,8.639823571409963
20722,15.099999999999962
20725,14.563553887601586
20728,13.510812571218397
20730,14.741749560551977
20740,11.231401044685159
20743,13.38345667036359
20745,18.040000000000088
20750,19.64470053466493
20757,15.421446468837345
20758,33.85393763603261
20766,33.66157352386829
20767,11.64987823299021
20774,12.926149724256469
20775,9.874839311978144
20779,12.079783588755337
20780,10.36790834194831
20789,9.722054940453694
20796,8.481830788952687
20801,10.617366202321982
20806,16.740527084548138
20809,9.705688077429134
20820,57.33018741232451
20822,13.430069414225963
20826,14.783782896875207
20829,14.34396131224476
20830,20.153123040853426
20832,13.897717579853815
20841,14.81600939734802
20843,3.5921159259922177
20844,3.5921159259922177
20845,3.5921159259922177
20846,14.873689731330845
20853,13.440000000000062
20854,13.440000000000062
20858,12.162773017478226
20863,15.263357988805751
20866,26.912610898625804
20867,15.141980002071687
20868,15.212943116718652
20876,15.285994738382922
20878,8.810212929813337
20884,12.88227553744331
20886,17.502176240436093
20888,14.498808228241757
20890,14.721051250666509
20893,22.198438413467635
20896,14.669749757388079
20900,22.122783778692334
20904,24.954701691631865
20905,16.738884807368088
20911,18.631873054096804
20920,12.18878486558152
20924,27.873708882470915
20925,19.696652904570126
20940,9.372916114922065
20942,9.281612984600093
20946,17.915876821561994
20950,19.92663603119254
20951,9.299819290321327
20955,24.782741051929523
20957,16.0561765674269
20960,16.717663712716288
20962,9.647957498630568
20964,7.881638425540601
20970,17.6756953969749
20973,26.1264411239998
20977,20.765486017045813
20980,14.90797273530807
20981,18.854763292575203
20984,16.95428469907099
20986,11.637493417581435
20996,12.477548604905405
21006,21.124982389847787
21012,13.517428068314972
21019,42.01409031654183
21024,19.65282710634202
21025,17.326342521367646
21031,13.185873775868632
21042,11.236310567957089
21043,16.178625720660325
21044,42.312000353763544
21048,24.071149631284147
21056,33.51157115691483
21058,15.354025980979216
21080,12.683931092487365
21083,17.539538787751866
21086,12.866515963137868
21087,10.641802764264698
21094,19.875922980181826
21110,21.953593094068925
21117,8.670480088950272
21124,29.385062516295456
21125,15.995822231760577
21130,6.5028298807946365
21136,9.700876549933875
21148,27.402073031790966
21151,7.91787817485355
21158,10.077785910168728
21168,16.031109417297632
21170,6.0873041717572764
21174,9.195690840801566
21181,17.01070346976683
21189,19.031480940023776
21194,9.071789286450144
21196,13.016319165804807
21202,19.385178204521495
21213,17.613706094602833
21217,22.709245258092036
21218,31.46949735896949
21219,14.396382760141849
21222,36.98726859996196
21225,20.220214594352445
21240,3.5596435769388366
21245,35.27523065590574
21246,20.494591949788607
21259,57.632747431916115
21262,23.92860869848783
21263,16.83569023553556
21268,15.715769867423816
21283,10.363261503591206
21285,23.86226440466274
21290,9.607258126431674
21294,9.607258126431674
21301,18.764374535345624
21302,9.24208294513372
21308,18.140533776058145
21309,18.140533776058145
21311,20.217986604715495
21312,17.5068156213851
21323,14.882025383456147
21326,23.391741905859384
21327,16.095383045910154
21329,45.65102728166425
21346,14.04537617267024
21347,14.04537617267024
21348,35.1484535129333
21352,21.130000000000035
21359,15.600323588802425
21371,35.3452465846085
21379,16.36839608642221
21386,20.989999999999945
21392,11.696510368264503
21393,59.10928190562271
21394,23.013607301764484
21398,11.995608756439845
21405,9.144903981320889
21406,11.82494515629676
21408,23.10195743227231
21410,20.265838250248713
21417,18.59780483831959
21430,14.556554944794753
21431,14.556554944794753
21437,17.574650862784637
21446,55.14945198896069
21448,14.608092279994246
21450,15.918017770198464
21453,19.25657309387734
21465,12.976762711908474
21473,8.64226766719238
21484,20.3765198142578
21485,21.596465261610028
21493,28.61677827246515
21497,41.8566931034893
21499,14.717114136449634
21502,19.42313585929228
21504,11.819509314174102
21506,8.201056127325236
21511,32.242333992389476
21519,15.013588793344546
21521,83.20852203538035
21527,8.716404761095342
21533,20.027065051838267
21535,27.853278286232516
21539,21.79755701981348
21542,20.630135087085428
21544,17.672421716919274
21545,11.296207942181427
21547,9.347493226900687
21558,9.541898540222856
21569,16.184312104966533
21574,19.40917305394518
21580,16.03484012613782
21595,21.990568775749384
21596,9.362635651274852
21597,15.510139741993541
21598,8.489950785893283
21600,25.571465865417267
21601,21.674258978843458
21605,16.596714033856536
21607,7.874675813335411
21611,19.745502323054303
21613,13.190510368363043
21622,15.603990728318998
21626,15.012776574850918
21627,15.012776574850918
21629,15.012776574850918
21630,15.012776574850918
21638,12.238625367215187
21640,12.70313245929504
21645,27.81209736571449
21646,24.909983886440983
21648,23.071919356390712
21658,19.47320071723505
21665,48.22271763475762
21666,48.22271763475762
21675,13.639996652967655
21681,14.15200449875726
21687,18.048513870147392
21690,30.322199974958632
21695,23.44946623753392
21697,12.86146902049438
21699,16.240401110936418
21701,15.597484775496206
21702,7.8135039202994
21706,17.75535620868056
21709,20.344167704153495
21712,16.77802556776825
21727,15.16742068818952
21730,16.386194894772473
21731,16.386194894772473
21733,15.575549596998165
21745,8.35206601579557
21756,10.16856717070783
21760,16.223124440864776
21765,13.051850379375239
21766,15.887617781557424
21771,15.975418497352852
21776,15.608907928154839
21781,15.560389452523047
21782,20.626013375854452
21783,12.491233862874157
21793,16.164495939503425
21794,55.374195392883166
21797,12.756028342130136
21803,34.885595774787824
21818,17.12038852290622
21819,12.427878786820562
21833,20.75606240065129
21835,20.75606240065129
21841,8.577163404272543
21845,9.972119406691306
21855,21.800052603889863
21863,14.808843589138066
21865,1.6099812170109304
21878,15.743327791164482
21882,14.805320008822136
21888,43.45014223053775
21890,15.626898102778863
21892,21.923245698024637
21893,12.487464417850388
21902,19.990388926632704
21912,11.778559798887025
21917,16.33868696934758
21921,16.221481449564045
21927,57.700868658460166
21931,21.796197526277055
21939,12.705033256685558
21941,14.629064138874917
21946,10.964803946362796
21951,15.287519916953688
21953,21.211257145708746
21956,16.120512297768165
21959,19.23734477709239
21964,26.060371981869253
21965,8.35206601579557
21968,8.243206360170998
21972,34.06848281510682
21973,35.411792074547826
21975,9.892613679547711
21978,12.086384372089364
21985,13.706938073062682
21986,17.128549132747246
22007,12.560893678546249
22010,69.5234020249329
22018,26.391427671141166
22023,17.908352071623447
22029,19.963292991735027
22033,11.898413887924852
22034,8.85569848109892
22048,8.456778266840928
22050,13.329952609099555
22053,8.608683468104017
22057,48.83678514179552
22067,12.915213267522367
22068,29.07220234919101
22071,13.02661188331954
22074,15.582098688730209
22078,31.59957636612973
22080,19.763668393519005
22087,29.29538397916482
22094,32.73347382593936
22101,16.740961800636185
22111,13.576658367565313
22113,10.448602647918653
22114,28.050183706197902
22115,10.167148020078905
22116,19.313319367733865
22118,16.121442319404576
22119,44.22448017598225
22120,8.229693605971164
22122,9.210038031143023
22127,15.532029882015667
22130,11.746913669583392
22139,110.55762373589045
22143,13.430624167984755
22144,19.689368083834353
22152,13.61934153709146
22154,26.1264411239998
22165,13.28894434397582
22178,15.130563447656549
22180,21.255307524939454
22184,50.320697358659594
22188,11.031777834196925
22203,16.75066438093473
22214,19.0503193264899
22215,19.0503193264899
22219,15.137466350879755
22226,18.60232599067902
22233,26.23632358596024
22236,14.791256348083415
22237,43.63841481163463
22240,17.884954767635435
22242,12.362020293108559
22247,17.06053005438881
22248,15.683049290834472
22250,14.113390907493333
22260,9.358828227096856
22267,7.985212225102265
22270,7.985212225102265
22273,13.435840280365094
22274,16.651153211945736
22277,14.296802276215969
22282,20.685525760496287
22284,12.54647070550046
22285,22.05478033451516
22286,15.781243184401053
22288,19.374840464409704
22291,12.440329814612127
22299,16.10887963934599
22306,18.248166262889384
22308,14.885103182891962
22314,17.326230953228656
22321,18.52028196495931
22329,9.339999999999973
22330,9.339999999999973
22334,17.00929864976593
22335,16.3543435242885
22336,13.150000000000054
22338,17.01002156743115
22339,21.40865905361342
22351,17.06717275958744
22352,16.093444661195132
22353,15.989650748546158
22358,14.693762791251233
22362,19.411288246798488
22368,18.133178438868626
22371,15.974346125515162
22373,32.44932979388113
22374,19.24546989007084
22375,15.84570687897829
22378,32.13664102556243
22379,10.137584738740864
22383,16.861082906046224
22388,15.001150691122927
22396,14.793117356865116
22398,15.495860730631449
22412,46.20740668318521
22414,16.678610089426513
22416,16.131361864538942
22421,18.688417570143486
22435,15.939969938429837
22437,18.71071118376843
22439,14.297588910452191
22444,8.22772432576709
22448,22.47626749746115
22453,19.789026359635997
22457,19.433834529892966
22459,19.183124047156348
22461,21.98903658011215
22462,15.058756720587503
22464,18.04874045959636
22467,8.201903394140682
22472,17.102546410799317
22474,18.263089104676357
22486,19.812691652577602
22489,16.7933907135163
22492,20.17685379624209
22496,19.60095039561667
22497,17.582499222752347
22498,49.56731739400709
22503,23.6515688249529
22512,9.258422380462031
22513,14.038031838541706
22515,21.682742579302136
22532,17.39201793697392
22538,41.10617534583944
22540,8.192552701770984
22543,14.64420919205128
22544,18.058617718775764
22545,18.058617718775764
22546,14.95211998513184
22554,31.966662797302156
22560,15.982736748587438
22562,18.63032016840074
22571,11.66209403263746
22589,7.422396812355309
22591,17.581016207445604
22596,8.17376439222325
22597,9.57838412724621
22601,13.093745694562362
22605,19.649420803537264
22606,8.945726187286597
22607,14.341566512414072
22616,15.868573150662478
22621,14.933694101087776
22630,23.849999999999962
22631,19.48586933783879
22632,17.128437295251867
22633,10.506279393803313
22646,17.600770202947288
22653,12.3129482079421
22660,15.538612936682373
22664,10.004631794390594
22667,16.154598909605493
22670,12.417657085572158
22680,13.95885211166594
22682,34.10052253408899
22685,16.92654920816647
22691,15.324739514611164
22693,23.362461297599857
22695,18.815823248510412
22697,17.100511987602644
22699,22.81230497185658
22703,18.73617777189425
22712,24.01588629629245
22713,16.53227249521845
22725,15.515181155694275
22739,18.111871970837363
22746,14.905268069208812
22751,15.100698497809052
22752,17.242993842589723
22754,14.519803477757897
22757,13.22565739974008
22761,14.400301502044593
22762,17.7819820679041
22763,7.1686146226881995
22764,7.1686146226881995
22772,33.51157115691483
22774,93.57026358599335
22775,19.36461174146633
22787,15.827826093963466
22789,15.827826093963466
22794,14.378966587328902
22795,16.033523459568457
22801,16.038182163949795
22804,10.358176572681078
22819,18.083326514344815
22825,11.767070338826626
22827,24.548957080061818
22840,13.954441651747565
22841,14.78894675507494
22843,17.00347462078398
22844,17.00347462078398
22846,20.690693830422354
22868,7.941401407202328
22879,7.780000000000003
22883,14.902187368301648
22884,12.689999999999937
22902,9.076031962254657
22903,15.594793152626394
22905,30.2731618557401
22907,11.913212595923332
22916,17.7999259521062
22917,16.20774674373611
22920,10.453166271692364
22921,9.964370342170673
22932,15.426678548632655
22933,12.740598706801274
22935,35.82809760848473
22945,34.542868599398965
22949,66.22002572822409
22961,16.242087564598126
22966,13.924536018944528
22971,10.859484923985416
22975,16.06485228300424
22976,20.31264132215805
22981,16.304094668572592
22982,28.045908282486973
22989,13.435246117154238
22996,12.57631999666996
22997,15.811428678176792
23007,59.31966018713333
23009,16.553569973047942
23010,17.78362905579219
23039,0.10334505503459339
23040,15.054126387110976
23043,10.8498820794005
23049,26.56312841258871
23056,19.742148025776515
23068,18.54978957935848
23082,11.186679003827985
23088,45.777376417192364
23093,16.94923653044699
23106,8.84256259549197
23112,9.9123587303023
23113,10.525153942852135
23114,27.508567361456635
23129,9.560210161307376
23130,8.367344039556942
23134,31.9183098933338
23137,38.70245084440816
23139,9.602087733122657
23143,18.928399685314307
23144,9.643829023067314
23148,11.849999999999943
23155,31.705020335199684
23160,11.093831851340354
23162,16.355180571143393
23165,12.610404094096745
23167,14.519402921210547
23174,20.959473636234375
23186,26.313892661685177
23202,9.226589397505213
23207,15.780619775247555
23225,18.597431586660086
23234,12.861294001577003
23243,9.62793108703351
23245,19.12119618475215
23248,35.11670978563089
23250,120.83759725390959
23252,23.42631401055937
23255,15.386181951114015
23260,16.789999999999957
23269,16.348013387013268
23282,14.924667573136729
23284,16.424927637636973
23288,17.88520279293099
23290,31.195504958241095
23293,15.921780631117244
23294,18.81556328326015
23303,18.782366058078043
23306,14.33590500893635
23315,12.195227337980622
23326,29.5879663004719
23334,19.069679869679813
23335,18.080413429171944
23337,22.51359732442582
23342,10.715604927909586
23355,15.083644733428137
23358,15.79128069489014
23359,20.73804876975614
23363,15.02890567816684
23364,8.670608059352674
23371,22.727199110223754
23380,16.212501776826638
23382,15.724972880181777
23383,15.724972880181777
23384,34.68314711534889
23387,16.86400831403103
23393,12.935033111136994
23403,20.758672025849616
23412,15.285547347589123
23413,17.87428996923793
23416,14.644114019650182
23417,11.268919711826129
23424,19.485524847501797
23425,19.485524847501797
23430,15.50600670879733
23440,7.6328187534177765
23441,25.676034739678116
23442,14.151605720252912
23443,19.255268327402966
23444,42.073347174079004
23448,13.226505632455991
23451,7.925154691823186
23453,11.837091726095053
23457,18.090472241180795
23460,16.833667735016366
23468,20.319298220478483
23472,20.99773652579442
23475,9.814004744575444
23483,17.713085433423878
23491,21.36869820921274
23492,18.575130327976467
23494,32.84197674923791
23498,18.823815599236287
23501,18.30237928479524
23506,58.029999999999994
23519,8.345586213912302
23521,18.607448366979767
23522,19.1937242358585
23531,11.16344544744141
23533,19.316266627321045
23537,15.309924981469702
23540,13.860677671015155
23543,17.12062628607242
23544,63.179752383065335
23547,10.56906196516245
23548,12.01993127635144
23550,18.480661236941387
23560,15.868447738982468
23561,8.921314894424219
23563,17.67000000000002
23566,19.289899975595734
23572,8.773861365794067
23574,12.447028185905415
23575,15.28918691661795
23581,18.57362462366163
23587,13.797154629317221
23588,13.797154629317221
23603,17.05075064768869
23606,20.022213935933642
23615,16.55479319373248
23619,16.811823552775206
23620,17.343161332895537
23627,10.18336915655602
23634,15.038766572776325
23636,22.61980933529015
23644,16.347393205071374
23650,15.355105418910192
23655,7.940000000000044
23663,16.160527916761716
23665,19.194199325616665
23673,27.007198029604286
23678,17.672047939761423
23680,18.92931117872049
23681,20.69744778639706
23693,22.48939812883999
23698,10.694847820535896
23700,10.064649020205866
23702,16.42949696490688
23704,14.048774233238252
23705,13.260584530972572
23707,8.35206601579557
23711,13.331777142390925
23715,16.95801106937156
23723,20.63171911089161
23730,14.243997764745897
23736,11.945439843368966
23739,20.518013805509177
23747,8.229600239436639
23748,27.853278286232516
23750,12.80733602925417
23752,37.61396272147501
23762,13.732961570234108
23766,19.396426010435757
23768,15.094094032593883
23782,11.560981259397947
23785,5.1958493298716935
23795,16.822277363348757
23815,51.736535156264125
23819,40.849543825919696
23822,16.53289017009538
23825,17.06173589687456
23829,39.56975610653719
23838,9.173837254645775
23840,15.357794250171995
23842,11.989530874455793
23843,11.297658968457359
23847,9.553054278474097
23848,49.88418085385866
23853,17.980796792983398
23855,19.77080601287005
23856,30.11608511709336
23857,0.0
23871,8.833334412368758
23883,14.300813966374362
23885,14.25344171262403
23890,16.973073455384938
23899,15.624798366787505
23901,26.54974034693554
23910,20.962669266345433
23911,8.905068828347842
23923,17.873232650525356
23929,17.439934105344953
23941,16.50004279158607
23949,14.920514309797374
23950,22.649627538647653
23964,13.680631939523959
23970,14.524121430286469
23975,13.767720263551947
23977,46.516790839617045
23979,12.710248263306728
23993,33.25375316858243
23995,14.801282045717539
24003,15.625285502490538
24004,15.358943361292226
24011,15.529555119623968
24014,10.566797107678303
24022,11.725928466400223
24026,12.695096626361305
24029,12.292602628203491
24030,22.000726967522837
24039,20.56105490476954
24042,13.27034620132032
24055,13.682025241036893
24068,17.042184824741597
24070,18.756788764315058
24080,18.946680383280714
24084,17.132362344838324
24097,23.988781515237942
24106,14.542051550371989
24113,15.639482607774283
24118,15.405106155678297
24129,13.204676060858901
24131,16.615195846446696
24141,18.55863257894333
24158,16.575367988732005
24160,14.569334806383793
24161,14.569334806383793
24166,14.284675205833537
24168,16.317020885676317
24175,7.581104789711871
24177,20.010476568588622
24178,11.911866590763989
24185,40.37999999999968
24188,16.280361130997903
24194,7.54309904419787
24199,22.613347764268312
24202,16.41140270004087
24211,15.631319832714055
24214,22.815070986778245
24218,26.783779169595018
24219,23.452101956396884
24221,36.571258536383894
24223,14.5388202593633
24235,11.479542159938195
24238,15.331210896451928
24251,11.963524459597245
24253,9.250827865543247
24254,9.250827865543247
24258,13.615411825118882
24264,9.349400579928199
24266,22.58765739879192
24299,17.224596046024235
24300,19.771645243500238
24302,8.326370003673503
24325,17.128437295251867
24346,9.435135289793978
24355,31.99200643772886
24360,34.38693072390077
24362,11.340377541960976
24370,54.43402217371393
24374,11.95495378565092
24381,17.659999999999954
24387,15.08802260965236
24388,7.668008379079437
24389,14.08266639267213
24390,12.247369688815377
24399,14.30996460320407
24400,33.14037241172205
24403,21.41200840767653
24404,35.35157980567681
24405,17.294025558098863
24406,23.11749100862824
24407,9.861086097406098
24412,8.426862214385364
24418,13.317305912581746
24420,9.014807233589305
24421,18.563701120661168
24427,13.079999999999986
24445,19.488281810422308
24471,14.884342566329043
24472,12.201252206015555
24474,15.481697328372409
24477,33.78591669450465
24480,16.849199860725
24484,13.458981542917519
24485,17.91443657326117
24487,8.35672555157375
24489,11.06057497429503
24497,17.600770202947288
24501,16.90885946328015
24503,14.312392671256461
24504,17.724987988080468
24507,25.11000000000012
24508,25.11000000000012
24517,15.740485385558337
24518,8.918913376312299
24519,14.468957209851217
24520,19.29195661752515
24522,23.987123382616808
24523,12.194986910344458
24524,17.72337216458182
24529,15.362808883647226
24531,19.43619018682456
24541,15.689140894964503
24548,10.691572398867425
24558,7.38999999999999
24561,7.38999999999999
24564,12.151074471228574
24567,18.27992166969724
24568,14.645864110913944
24575,15.948118257723195
24577,13.700245313221505
24583,26.399642055149364
24589,25.8732828496628
24592,30.251894726980023
24603,18.510757318004263
24604,18.510757318004263
24609,16.30160060887894
24621,21.108529901603266
24623,31.402236763851214
24628,27.789819573838752
24631,18.131263310512303
24638,16.62873558240616
24639,7.961557063268639
24645,22.424827994953294
24656,10.41535774273906
24661,9.471795319876462
24663,8.639785313390446
24669,9.920604810332387
24681,17.416586167769996
24682,14.932924802590856
24687,18.807179361675544
24689,13.895850665574283
24698,18.312444696198597
24701,7.526712844702976
24702,14.421744858946285
24717,10.800446961041555
24724,14.7692154692079
24727,20.69501005840831
24728,16.872254823503884
24734,20.950449689359587
24738,12.643584861827096
24749,9.525733019224184
24759,18.22973830386851
24765,12.646125613701704
24769,40.97789122656429
24796,57.2656233403557
24797,15.012324098444271
24799,16.11747425417793
24801,11.618961458222376
24802,11.618961458222376
24803,17.185652006178632
24809,12.396587363601359
24814,14.627068444159516
24815,11.86267361154623
24828,17.17173314271631
24832,15.930232912294485
24839,18.06523023515339
24842,18.62531044187964
24846,7.405664870741999
24850,19.424722548518172
24851,16.58607844439066
24856,15.993895349932803
24867,11.79397435051264
24869,17.37748652238873
24871,33.495184638162236
24876,12.06182673737728
24888,18.78024514205544
24904,25.218153303921596
24906,11.059000473042973
24917,9.373056994802422
24920,19.139353093772623
24923,15.937037318099328
24935,17.46560104337432
24937,17.381570209170377
24943,14.478465058201257
24945,16.769854334844435
24947,7.869527912134856
24949,8.88449715009271
24951,23.376562896381504
24957,16.691197631890482
24963,19.23006291358046
24972,30.157937951815843
24974,22.270676665521314
24985,22.63731064045359
24988,49.71200990653392
24989,49.71200990653392
24992,16.13817450219779
24997,32.51585005597496
24999,10.810140472987852
25003,16.448951340830995
25010,18.1840707717413
25016,13.978138190417543
25018,14.306362036185519
25019,18.62172520447862
25027,14.625814465524897
25033,8.196557554769106
25039,21.76521165559157
25040,15.844991523370563
25054,7.693406613025925
25056,15.485702231175313
25067,12.329570169455701
25068,22.874629682501997
25072,14.622701991646576
25074,13.122175150677004
25076,43.886033024299515
25080,12.693092358786073
25081,16.303550488497628
25086,19.660173415888604
25091,15.430910301512846
25097,13.23471762528965
25099,19.82623340341348
25101,11.247408915584861
25105,9.731405165697355
25108,18.14854726861792
25121,15.585327243651786
25122,73.97053536588975
25123,15.667805063324849
25125,9.000884538815034
25126,25.662790081265697
25131,17.826179055901832
25137,15.652564833713782
25139,15.998471540627527
25143,13.808915043827769
25147,50.86759109420201
25152,21.15309720307563
25153,21.882833777084848
25155,13.545448583890265
25158,14.526943938683866
25165,15.520078672435101
25168,20.84287208014605
25175,8.401677650872339
25176,18.127722104950255
25177,21.00480183458958
25180,7.950638268611096
25190,31.987736882350625
25191,11.0979794999769
25198,29.269577553671347
25220,11.448320638650975
25221,14.318682886497639
25223,44.421220209824966
25225,15.181037908885646
25234,23.374541305849963
25241,12.673541409711346
25251,11.85600405426235
25255,28.700581633082948
25257,15.495988447509212
25275,15.075867885024682
25296,9.031362279946434
25302,5.865748567776668
25307,41.667959941026254
25310,15.441775835667688
25313,17.333020315843246
25333,42.14549642125749
25339,17.564665636616144
25341,16.291384965975272
25343,9.499649815609198
25351,50.21622610770164
25353,7.651039386471085
25363,12.849879738772563
25366,15.099999999999962
25369,57.33018741232451
25375,8.828635669352083
25376,8.794350115565333
25377,18.151709069067444
25381,12.384021789984324
25389,9.316125822436113
25393,15.20776191796212
25398,10.370420795820504
25399,23.131892549423707
25407,14.457825012020647
25412,14.400107022809602
25417,16.74263936588905
25419,37.79265485960366
25420,7.984153157181549
25421,8.751969495803664
25422,14.612544504362221
25424,9.627813820292683
25444,7.746365386043838
25446,27.412400318236603
25449,10.535049913541966
25456,12.19868758115138
25457,12.872400895452525
25465,37.40412728883452
25472,18.861410954188162
25475,16.269283427808976
25477,20.148670096929607
25485,34.998825982386315
25492,20.989999999999945
25498,13.490827222844114
25502,41.471481427263704
25509,16.11080658646283
25516,10.1433012539908
25519,40.507120971045744
25524,14.152788774990363
25527,7.116951857879926
25547,29.354717207162274
25552,9.160499748000575
25553,9.160499748000575
25579,25.61582172426862
25581,15.715290866053728
25585,22.266683112787597
25590,12.880167733031396
25594,54.07699392274531
25597,15.321748318667172
25606,35.11679000484009
25620,19.586769448141546
25635,8.840906765900554
25636,11.57698864112826
25637,9.707688561990105
25645,10.90325280606849
25646,16.675622175092034
25648,105.77960158487679
25653,14.525963449828234
25655,54.73959050890947
25656,16.007706051448313
25662,13.981183654053016
25664,18.657058474232965
25675,16.789999999999957
25679,25.200229109893108
25690,14.504121953353792
25692,9.480976402119632
25702,12.04774663358439
25715,27.182326545718503
25723,21.575083414949134
25739,11.045716849771546
25741,18.887371954854377
25748,24.694626694024493
25750,26.1264411239998
25752,17.83970154743486
25756,21.906576116283397
25760,20.90114264963877
25764,12.816086355511073
25767,17.592647285874808
25771,17.182467136725123
25774,19.133653659137345
25776,15.173632121884825
25783,14.111967702462694
25785,24.170720055603073
25788,23.87192914638492
25790,17.30589008091976
25799,17.444949409703025
25800,7.38999999999999
25806,12.412716790495082
25809,24.995213050872774
25811,14.773360022801963
25814,10.401644930879923
25832,22.848338517662103
25840,15.649364388210586
25842,11.870342116428414
25848,21.852795453479732
25858,16.47766297139376
25859,46.824819340296855
25862,16.60749901290774
25867,15.538921333730514
25869,15.844012940160454
25872,13.792752998228663
25873,34.34599098213902
25890,12.550000000000027
25895,20.253258543017647
25897,32.53804884020422
25902,43.9357224292996
25906,15.479999999999897
25914,15.155575420247335
25915,15.28063058147384
25918,19.813081428948013
25921,9.177000479077432
25929,27.643585393527857
25942,14.607545498119942
25943,17.68763746676969
25945,13.974309155826441
25947,20.1295399200302
25958,16.94843448643594
25960,16.353281776061838
25961,19.792708238073274
25965,13.108254946428271
25969,13.520502899004358
25971,10.477893849747058
25975,48.129889277947875
25977,33.85904700051773
25983,15.115426333619748
25984,15.115426333619748
25988,18.375236440644734
25990,13.25214007782448
25993,11.459439040265941
25996,20.22938895909539
26011,17.23851701125711
26017,27.03882117838435
26029,20.52992179880963
26031,23.34812909829262
26035,51.4658330785678
26058,20.988772512743637
26063,16.661763639825573
26064,21.82592840873907
26066,11.649873169920825
26069,19.75285292594215
26071,18.231249685726453
26074,17.663054465730422
26079,17.15897041254785
26083,9.902825699069563
26087,17.520411124554585
26088,23.51365821607665
26093,26.605375420975562
26097,24.731217244854793
26101,18.6159396124093
26110,26.46249568286125
26111,18.925871591327187
26132,6.855594614912076
26143,18.851529466037896
26150,14.952454011059979
26158,22.907444393125655
26166,1.751361905345013
26188,18.235060890589512
26192,31.541171218286657
26195,42.93428648441995
26198,17.21031621588556
26207,40.05328642692128
26226,17.714959780133174
26230,16.7090633416653
26232,19.961755239281096
26233,10.666868836254404
26234,13.383495071999999
26235,11.49962641375765
26237,11.869842003675103
26239,16.878090652385
26246,16.88323648868057
26252,67.93069098365959
26256,16.63614415026306
26261,12.129999999999962
26269,20.514064590345473
26277,9.666774226882115
26280,27.279068533103853
26285,27.71024488072525
26301,14.665047827056174
26307,15.699913183649713
26312,14.998193608134198
26314,20.564960115520496
26315,28.899736565193642
26319,38.74838061542477
26324,14.555946392372375
26335,18.571775883279475
26336,18.63293775231903
26339,20.05344060739109
26341,22.00795723153587
26342,15.951270942906088
26347,10.646235903780742
26348,38.09745663633894
26354,33.57702619305501
26365,15.611113998945871
26366,11.53547073623631
26369,14.776418282528384
26377,15.82909934587072
26378,8.61513878454956
26388,17.6623745530688
26390,13.07728736372473
26391,23.69138776765363
26405,18.764191885458203
26412,15.268912254001108
26419,29.07064494459115
26424,18.220106901502767
26427,19.523500618350436
26434,9.194667730747081
26436,16.690669901877598
26440,18.331784303033483
26444,10.51854857032934
26445,22.76689795543834
26449,27.96434634717257
26452,32.33212991105236
26462,18.00042515319218
26467,14.633498963865271
26470,14.582130649462488
26473,16.384104958913817
26477,18.067272292580427
26480,16.850253894123345
26486,34.10297121570787
26494,8.914077924619122
26498,10.025972552493002
26499,37.496220736863975
26504,21.282730579813375
26517,18.631931918402127
26518,14.762759326556703
26526,13.583028840409703
26527,16.473629667854006
26537,15.721228994318395
26542,16.710756478082548
26546,9.499293060830436
26548,12.39915470536811
26556,7.660586182773077
26563,42.182103940548714
26565,20.003038911963475
26571,16.1100000000001
26574,34.99171458687087
26576,8.121708996832492
26584,7.164185884968159
26587,8.777406835806355
26588,14.675868432467631
26590,11.653510988773322
26598,64.63598896356338
26600,25.14494173687983
26602,13.952853810710526
26604,22.399693792696585
26620,15.099999999999962
26622,14.599394342112037
26626,16.825462092080787
26634,14.855520501035985
26635,22.33907212226556
26642,22.333231539444423
26643,26.069642392683654
26646,27.28319441970287
26647,27.32511376121996
26653,30.135986922774936
26658,32.09678820287023
26660,25.33990909812918
26666,12.418604059812456
26672,16.018414932340164
26674,17.311625440089863
26686,17.44741984261152
26689,21.02107827508654
26692,17.44741984261152
26711,22.190684949548704
26720,17.898531478093147
26721,17.898531478093147
26724,16.829999999999963
26729,27.749999999999897
26733,16.583526422129175
26736,12.436748615525204
26747,10.309764541012058
26762,15.32226211930385
26763,11.159832943377813
26772,6.5907078013216935
26777,39.835422777614795
26798,11.93773714642891
26801,16.134764646890527
26802,8.879999999999974
26804,43.2082751997957
26805,33.55111668125257
26814,15.155404245809667
26822,21.15507945645022
26824,12.429818945166796
26828,8.376941545276237
26830,16.746487494230784
26831,11.817337412066108
26842,27.19875900435739
26846,19.908023907575682
26847,14.19598237707927
26864,18.59391905070089
26865,16.390880653386517
26869,7.8036779639393
26873,44.64399867561242
26891,35.57122926991614
26908,18.883194628047423
26909,17.83747254301327
26910,14.743032754887535
26911,14.743032754887535
26918,20.05138555168353
26920,48.788588077773596
26930,17.118101126950087
26937,14.065450518567989
26939,14.252482062902855
26955,12.84863116779543
26960,25.561898623184472
26966,25.169515867590803
26967,13.192579505218411
26977,12.851954829071468
26979,15.348926991686806
26985,12.0263320071986
26989,15.178231347467197
26992,19.81873876804041
26997,18.02225612731885
27000,16.425928455452638
27002,17.363405812457177
27006,20.381746759646617
27008,15.279211069203338
27014,8.654744415242416
27017,26.979787995175396
27019,16.814316343655893
27025,9.000375952521296
27026,13.378709444699867
27028,17.78724750345155
27030,19.425059068932605
27039,15.366237949411676
27049,25.052011492153383
27070,8.201903394140682
27080,27.24098048574351
27081,27.24098048574351
27089,39.92006544063554
27090,17.664959152745652
27092,24.32495869906267
27098,16.64395167771694
27103,8.326353628142673
27110,37.055720428690016
27111,32.86966278427007
27112,12.770453238272546
27114,19.98949291105846
27116,23.308100281902853
27117,17.3337392011378
27118,17.3337392011378
27119,33.16120647015328
27128,32.92024704288221
27132,15.524468321416137
27135,10.466387416158678
27146,7.498755437703895
27148,8.936006212194949
27157,0.0934549039125638
27158,12.682452338307671
27164,14.557776824554606
27165,18.603268804841186
27173,16.653876818484214
27176,26.592722997927925
27179,28.74959532182046
27180,15.75014229577653
27187,19.897816630314967
27189,13.173421450003824
27192,15.776463226723514
27206,18.841144479684395
27215,21.79588181754486
27219,9.01714445711822
27228,23.556138365083832
27229,29.647406397007227
27236,15.954974790179314
27241,12.956356536044796
27243,14.65910522007928
27246,15.31524394513644
27255,20.368589817315673
27272,30.70452255382578
27278,16.381205809772133
27282,12.66056603587329
27285,12.66056603587329
27288,13.121777780868252
27291,9.381802379694438
27292,30.036037478221672
27298,8.386726093410289
27302,18.735132902756853
27304,15.220906619037141
27305,7.830836158127843
27306,14.766799642704596
27307,18.025593332285002
27308,10.122236649967135
27309,17.609257038166508
27316,15.00992955176251
27322,44.897566459784976
27327,14.84958986462355
27329,8.638411039812684
27332,21.081081013786562
27333,21.081081013786562
27343,12.271270556932423
27364,16.95393835589202
27367,53.676261401350516
27378,9.21916789872127
27380,23.426364817188773
27384,28.037312535750974
27391,17.728946404691527
27392,24.253429834414924
27393,15.90951472907027
27397,19.179662122798455
27400,9.862659625894857
27405,8.312118295213157
27419,7.237317071326197
27436,11.849999999999932
27439,11.849999999999932
27442,33.969033577745435
27446,44.44127322607779
27452,7.996630287186488
27459,15.024119604249773
27470,12.284936166879529
27471,29.514590756577793
27479,15.05457703880915
27491,8.401677650872339
27495,7.6484754424352825
27498,19.751954193364664
27499,12.183553439617816
27500,23.83730511066679
27502,19.848232940860477
27509,16.34536629351059
27513,10.17053852484228
27517,18.615484828266634
27521,13.489787292776295
27525,13.489787292776295
27532,14.40204740433405
27534,14.357992787253387
27536,24.05591801541761
27563,40.55061238694736
27569,13.000485299794239
27576,15.064735466345258
27580,26.817661465133355
27583,15.924586627962434
27586,39.973159214534775
27588,15.330732226410735
27589,7.808790418159429
27590,14.762364613695032
27597,11.96379982389944
27598,14.140119499028097
27604,13.707291476536701
27611,26.991520272427586
27632,8.134523048621267
27638,21.168897876877303
27639,62.120626705313995
27658,32.04940318093555
27671,15.5206949515349
27674,36.86336927050574
27683,15.113656474827309
27691,17.994890069680174
27696,19.44759605756088
27701,26.175963260478994
27702,25.011838981485475
27716,23.995846904183523
27724,16.224649763306953
27732,37.23612206169576
27740,21.106187897759625
27742,13.438422795899136
27743,26.320344760718225
27747,9.3903060563891
27748,14.370777551795307
27752,19.66668708265637
27753,9.141352268962864
27758,25.770091695238776
27773,23.84650783590337
27777,19.591180057193245
27782,6.138582555120283
27783,16.313391051890036
27791,17.50804619451295
27795,14.562892661926599
27796,12.436748615525204
27798,9.48997246851058
27812,19.594089176039343
27813,8.444624340856379
27820,29.25778382594101
27823,17.05646635654394
27825,7.780000000000003
27833,7.772176384876953
27834,7.772176384876953
27840,8.702106946430062
27841,10.407900968265489
27854,15.293099642153638
27855,15.293099642153638
27861,11.945884209958185
27862,34.857886370574086
27869,19.13740287535478
27873,11.944198874014727
27874,14.966591333150575
27876,23.414020897069573
27882,23.177197644281815
27899,18.210779351800884
27903,7.692108082013819
27909,9.463928266602826
27914,18.656186716151545
27922,9.752052258223962
27924,17.547887747391023
27928,15.939529533952975
27933,12.129999999999962
27935,10.507095112935511
27936,13.626694093612922
27945,22.913596252341247
27969,18.242806411834767
27973,8.549550623726821
27975,20.164740440490295
27976,22.004498679188742
27979,10.20467909122509
27987,20.59079596686967
27989,39.02616843390631
27994,10.995417416414524
27996,21.27047652867492
28007,22.560909826475836
28013,7.856125815645218
28014,32.98101819852905
28018,18.093533196955416
28021,14.503217524060688
28024,19.81266645977629
28025,16.98773886362397
28029,10.271912777880797
28030,35.801506329921494
28039,14.908701769831206
28057,15.498516733635082
28064,20.999002886723385
28071,17.666214019431873
28072,9.288016290185396
28079,12.300014831754021
28087,20.89716357639799
28088,17.24033772266048
28092,8.299999999999976
28110,16.981449007150403
28113,19.21914605826911
28117,14.047798192068576
28121,14.24088472628157
28127,16.27597878305468
28133,14.845743617472186
28146,12.43601994047656
28149,10.2686235499032
28161,17.335702956121537
28164,14.920183261377161
28167,17.529479456690474
28168,17.529479456690474
28172,19.675793829869193
28173,11.76546314680428
28176,12.736420092808759
28181,33.1536052449244
28182,14.751468368262872
28192,18.371926483591796
28199,24.3552849902663
28205,27.38337413773772
28209,22.018154606491517
28236,59.18288185550277
28240,16.807035138217806
28244,28.373292567237897
28245,28.373292567237897
28251,23.9874946864309
28262,16.268356523861694
28269,13.84737724181867
28285,7.6260291788098336
28288,18.968058118422718
28301,14.334496261848843
28304,15.694558779136415
28305,16.87238910352366
28321,27.77197358311286
28324,23.816197377138053
28326,16.086071872618593
28330,10.232684571854161
28331,17.672602306513387
28343,13.462310802262188
28347,43.11455154123117
28350,17.216655984008035
28354,7.962439974555455
28359,41.87117911690181
28362,17.646117408984065
28376,19.6269102066838
28377,17.74693001277461
28379,23.944915068521503
28380,9.91553866368352
28383,16.903299675701923
28392,23.2742554590429
28397,8.00742606693958
28406,14.088711400549897
28409,77.81818257910771
28410,15.164817700504607
28412,14.767518685008948
28420,14.001906398024625
28433,20.197894474186626
28435,12.64303783375254
28440,9.977304572906071
28441,14.748906874181808
28444,16.79306358314153
28446,14.418776064735084
28447,15.862999929369646
28455,9.008912618362764
28464,22.163488404438194
28467,16.668662570667827
28468,7.902675139327242
28481,18.164723740762085
28490,13.400130140042087
28503,25.451292392722216
28512,8.958142882207731
28532,21.027127643919535
28542,8.311799857516826
28546,12.156931636710613
28549,7.385194406372673
28550,16.635542915709074
28565,14.57163054549943
28566,28.90033645631903
28575,20.58605390405545
28577,60.39731525465399
28582,16.572348999977905
28583,17.797732211221007
28590,15.373956058984938
28593,12.3416758160674
28598,11.722652668813874
28599,23.665435519526604
28604,20.735328570327237
28605,15.095799692562679
28611,18.03490894380736
28613,23.081506672781856
28617,21.085285592160993
28622,11.925789553566736
28624,15.688289822545762
28628,15.116378667516212
28635,15.91775046890854
28638,17.049743944637118
28641,20.315197067260012
28642,20.18674481835967
28646,16.550268279856578
28654,16.828398148648102
28657,23.751751208797444
28660,18.093306148805613
28662,11.36819332110089
28667,45.87704876436771
28674,7.72235971873053
28678,16.048566587555225
28697,11.103133550712286
28698,18.189737707254643
28699,11.63321802262597
28702,16.388239063928374
28707,14.185816294668772
28710,23.54136037773042
28717,17.45750679786722
28723,20.600971169423584
28737,8.698421011139924
28743,10.03245736925115
28752,18.117359586237853
28762,19.07576744181805
28770,11.773588849156678
28775,27.451091778044585
28778,20.227927198313505
28779,20.6481363278458
28781,15.317209847366431
28787,28.947828483181244
28789,20.412052056801414
28797,26.158266380051128
28804,16.686310400129855
28807,25.708008302467125
28808,22.139126051292205
28809,7.646031452288021
28813,15.026646567615707
28814,13.98894146897915
28821,11.807292105507631
28827,16.846224752805302
28837,17.884256947007756
28843,23.823770587057542
28846,28.197018491552523
28867,22.07008309673741
28868,21.53427358430387
28869,21.486961490096192
28870,29.183848493103554
28882,28.1752686083056
28883,18.02835731339348
28886,28.383816415138163
28888,18.39151598369452
28906,33.899841133978775
28907,14.968550560865877
28913,7.78749537483035
28928,12.868589165257584
28949,15.097034683398466
28956,15.79971081458475
28963,68.82268602976845
28967,16.10753125656858
28969,9.695493052277827
28973,28.98520184018255
28979,15.459319921518688
28985,11.360985917703257
28986,24.058704704346496
28991,19.54856290318092
28997,13.476421203022788
28999,12.935202340429361
29010,34.62008809263905
29011,34.62008809263905
29026,16.059252734090187
29043,16.622796346161138
29053,29.42930561653083
29059,9.243719490362457
29067,23.013607301764484
29069,119.60659778429952
29079,15.998249811155645
29082,13.620035480459114
29086,6.006498560084228
29090,9.53732338509258
29091,18.91702722385642
29093,14.0292702108976
29096,94.07705897306315
29101,28.80677615707806
29102,28.80677615707806
29104,131.05528605183065
29120,13.24781215268904
29123,10.348839531972088
29125,15.799297276052123
29130,14.39335255822563
29131,14.39335255822563
29132,14.39335255822563
29133,14.39335255822563
29134,2.852438172651045
29136,26.064147111675744
29140,12.13166434758582
29142,19.404904791484537
29145,16.30416627961701
29147,15.105318112791267
29150,21.775646477289445
29157,40.08172930666056
29160,9.827495117225522
29161,16.14821927793775
29173,22.05766086347858
29181,28.258539180276344
29193,15.961601380934372
29196,19.751643075315368
29201,15.40417416179207
29211,25.57938925337839
29212,21.187911393663036
29213,12.895439094595574
29233,18.0723518462558
29245,14.794704726370872
29251,13.468388407952077
29254,26.745693124101088
29255,27.110093284571875
29260,16.21999999999996
29266,16.21999999999996
29282,16.2043251849642
29286,0.0
29292,12.158568551042785
29293,18.483919189409605
29308,9.607258126431674
29323,13.840922242567302
29328,16.803143002881857
29338,15.161953940150902
29341,21.21575699851401
29355,34.37410133985768
29363,10.351390863111215
29370,37.67294330261252
29379,38.66071359458266
29382,29.827640155053732
29383,8.804066552851312
29389,27.853278286232516
29393,17.81389897180676
29402,16.13037001486937
29403,38.23013804429712
29407,16.343087098571257
29417,8.657997374524163
29421,29.801575029584274
29425,27.48659701454213
29431,6.886676685040501
29433,13.381624267450547
29435,25.330974544414904
29446,19.90532951136465
29447,24.195071000347866
29457,13.898073376822714
29475,7.655171032385047
29476,20.919517044581486
29487,20.53756034331616
29490,37.503006721822175
29500,15.886148056761073
29507,10.477893849747058
29508,10.477893849747058
29512,10.350317839927136
29513,16.633518065968836
29518,17.347919811680622
29522,16.05918898874934
29526,7.780000000000003
29528,17.977021484081206
29529,14.289854925882914
29542,9.28601971704059
29549,18.708297633555535
29553,20.4899242503748
29555,44.84373824788076
29558,15.270388466199527
29563,25.22586457688785
29564,14.593228458528145
29571,15.0336607406118
29576,22.4189289031409
29580,12.659184882419762
29585,16.337444739543038
29589,36.98559635940714
29591,23.79972870670233
29593,13.906211644264566
29594,21.443284726022142
29604,13.918650040685387
29605,9.918976184799483
29621,76.89465097638626
29627,14.810611750034811
29629,17.202806233594256
29630,28.973136537331964
29635,13.839945143269004
29641,14.579794134877869
29643,32.62275410780363
29649,15.346280914075134
29656,10.513123324911552
29662,21.664152345323856
29663,24.87893367100467
29667,23.156186658246646
29668,14.403519490514912
29671,24.57049745327235
29673,30.851072265325904
29678,8.092643889493642
29687,28.6943227371504
29690,15.389134926814656
29696,21.65301683169751
29698,18.809789086471273
29703,18.3532629587897
29705,18.3532629587897
29708,11.860928906962325
29712,25.90873675769663
29714,18.13977545636859
29715,18.13977545636859
29724,11.028121775904085
29725,14.52184002288053
29730,12.036756872779895
29741,44.65083306575422
29744,16.75064033863722
29745,15.156010309245978
29748,12.129999999999962
29750,21.809761059703874
29752,22.028148387175328
29756,15.651422218681287
29760,18.29346657426422
29764,72.23804931609523
29775,17.026099835893856
29781,12.399670598934724
29787,58.85047997093999
29790,14.791820142602381
29794,7.420758155026986
29796,11.441667747604384
29805,16.800799578569862
29806,14.727027347262956
29808,23.416850978816942
29812,16.490689859160135
29820,6.412025589877644
29831,16.703340212006417
29838,15.209231265811809
29864,18.196725328660037
29865,8.144201341139455
29875,9.072138373265975
29881,37.12689868364421
29883,14.82318213700714
29890,19.694518783043048
29899,25.279457326388837
29904,15.633176723787034
29923,15.47826032403976
29927,11.760000000000034
29929,11.82737353000255
29931,9.199958321748726
29932,9.0705237367586
29936,24.09577763550456
29937,27.45949408997423
29940,30.181071421387546
29942,17.913253458613045
29943,17.913253458613045
29944,31.136233180470917
29948,17.648604529279574
29953,16.202538029678134
29957,16.202538029678134
29967,18.203876574633096
29971,13.874460738969363
29973,14.870994761928797
29982,16.29818295187543
29995,27.39224038135658
30002,67.64670491477683
30006,18.70350428856395
30011,15.800052665323218
30012,31.64306892538923
30015,9.218175156948705
30020,15.314598655171942
30032,17.58447958875669
30034,44.08083150086265
30036,17.899415810217647
30049,22.32836836749208
30051,15.103641467225795
30053,11.342265186036398
30056,11.772935474066262
30059,27.340163238921185
30064,33.86989962650244
30069,8.333585336777412
30073,17.639630142933086
30080,8.45112179607801
30081,11.915794604997078
30088,17.437227323961068
30094,18.265449807899824
30095,13.99060469407814
30098,12.585862538278624
30124,18.297243709586407
30125,33.94286840224909
30128,90.24043557837378
30132,21.40338498691168
30134,21.3093502744211
30136,22.51478682764095
30137,14.00604088791929
30138,17.14865799465534
30140,11.44423221346487
30141,17.453273975557508
30152,13.194401930594374
30154,8.339980453282323
30162,13.68434039473794
30165,21.902693378540633
30166,14.162854451255043
30167,32.34327384014339
30168,17.995991507201612
30170,14.966392291787413
30171,10.533989267980962
30193,15.64361492944579
30195,19.154401760058892
30198,16.978192419499628
30200,42.92349103550867
30202,15.933973348708705
30204,24.014296039541797
30207,23.26438301530338
30210,18.14999999999997
30226,24.032830127962615
30228,39.70211493466741
30232,10.70633758033699
30240,17.801235733004205
30242,35.93599497057249
30243,11.21119675803929
30244,10.467234403013821
30245,9.061963911867492
30246,12.704920225833417
30254,9.183720589007152
30259,34.136070653930545
30268,20.325835241053397
30273,9.22546998521615
30275,15.118060959770169
30277,13.605779455147964
30284,23.264108217441002
30287,23.264108217441002
30289,9.420847617920597
30293,7.829835703933972
30294,26.24999999999987
30295,13.596636587609243
30297,22.212044690743475
30300,22.212044690743475
30307,35.08489158288168
30311,19.32240883038353
30319,11.860575568750921
30321,13.71637008466999
30325,10.124121694501964
30327,27.78098841701756
30341,8.487079581358522
30343,10.919472145588703
30355,18.03428959987811
30358,13.308030537258627
30369,13.417692419313894
30370,12.110457621856055
30372,31.82795885811585
30382,81.74425486495018
30383,81.74425486495018
30387,16.783849151185745
30389,17.495008369872465
30391,12.186542759594301
30395,17.47491795212374
30396,10.57119815154653
30399,24.58097491288263
30400,15.350000000000005
30404,18.097469074930736
30413,32.907145429613635
30417,15.065723739037566
30420,18.377943894912708
30424,9.353531858006692
30426,17.462935447891528
30434,15.548111768915895
30435,12.550193557696517
30445,43.32223353103999
30451,17.670000000000005
30453,13.912376530255418
30458,34.842495090757275
30469,15.706112223170582
30476,28.033385488146447
30482,16.346836428688867
30483,15.264639673919035
30500,18.508856368401613
30503,27.300173604019182
30517,14.977482109228703
30534,16.832109321389126
30540,7.48579931838858
30542,12.796321458242819
30544,14.025583406573753
30547,8.774651029399555
30549,17.502397389513618
30551,13.79244647115508
30563,14.787137416071385
30566,16.261126024094242
30578,15.885985218209317
30581,17.01023974685663
30583,9.347240253442413
30584,24.048695562830183
30588,22.42967324095953
30593,10.592204453308325
30594,26.7813936235121
30597,20.718179929388345
30601,17.046637993140703
30606,15.058756720587496
30610,13.105681740536602
30613,10.575836290721488
30614,10.575836290721488
30622,59.42466185229532
30628,13.509130706670975
30635,19.57726578785402
30636,9.570024382428993
30640,12.274916743425049
30660,15.040976565438363
30662,10.708322676538032
30663,21.341774990626103
30665,15.285063006116967
30676,15.229073339917015
30682,17.641340802989934
30685,14.982612330288818
30686,8.646599913966337
30696,16.429846341985332
30700,13.351173519350697
30701,10.760591457658501
30704,11.852891735387788
30705,17.247796397808642
30710,17.754369358828306
30718,15.180132648742088
30724,21.063728335910568
30741,17.52401064518048
30745,21.3608892079845
30748,24.955366549119322
30755,7.94232878914762
30757,23.20994863256822
30760,30.77184836362015
30765,19.239488815754633
30778,22.433451556225734
30787,35.00174369647692
30789,19.285093475247383
30791,16.068841216038294
30795,28.958785535097768
30804,14.880675824102278
30811,15.053145824838005
30814,13.248023119370135
30827,16.019088494765153
30830,32.911585208111255
30832,19.50089038660061
30834,28.93721410635583
30836,7.792909055830185
30837,7.792909055830185
30844,7.689124568139356
30852,11.996924367406647
30878,13.336066210409356
30881,17.953688958932467
30886,16.347084312372587
30887,19.208730218579642
30895,8.890884796889726
30899,29.80934298796248
30900,16.0672680465702
30903,26.80890027107545
30904,26.671163762834844
30909,15.275952853110859
30919,16.282366251300434
30926,13.518097781085578
30932,22.77129202997829
30937,15.964939079674036
30940,15.49921930204528
30943,20.534094031727275
30959,16.432547346771543
30960,12.080680878566778
30965,9.103961950999105
30981,24.000558182284774
30989,15.636239259155772
30991,23.822631204834764
30992,6.28248492906446
30993,6.28248492906446
30994,17.249253837314015
30999,12.001390581368758
31004,10.703009951696428
31008,33.41812282437933
31010,26.969155829570536
31019,23.954531706057722
31023,16.79066737101305
31024,10.329774976036404
31025,10.019494311874734
31027,17.716867747127136
31029,13.808639197875555
31031,14.14309889676949
31042,11.16613991105751
31052,8.094206087244114
31055,8.092103821773092
31061,28.819999999999872
31064,14.729183092976516
31065,11.613848281174024
31067,14.188725675700464
31077,15.531981766553333
31080,12.17722869337115
31086,20.109134730270434
31094,15.049882828560783
31096,15.049882828560783
31101,56.37246825855286
31103,17.20667439516477
31105,31.499426877587737
31106,17.073304964017133
31109,13.510549185549298
31111,18.86337621055708
31117,14.16892893288999
31120,9.008364762015137
31122,20.408214246040572
31129,19.878491167437474
31131,16.379051885456686
31133,14.669845903550259
31137,18.151224839491814
31142,13.974041499022295
31146,13.15731849470718
31147,17.70634839371171
31162,9.244440151936125
31164,15.32863729456718
31171,15.636535830703831
31186,16.66351599133558
31187,12.742678859556877
31193,8.129498508473109
31197,14.125766479897216
31199,15.369326371244732
31202,14.438462622623652
31203,37.231622095010614
31205,8.221742646401339
31222,13.998623454827671
31228,17.64192894864787
31233,37.23753321682626
31243,15.946898965508002
31256,15.91614459655208
31265,18.72351525473044
31274,16.06044111441917
31275,16.06044111441917
31277,20.4106247231251
31278,29.032606048883153
31279,16.206524443138147
31287,20.502209204584343
31291,17.743367814045815
31292,16.23368621023644
31301,14.5118909723824
31310,30.921314224440373
31311,17.182065609129346
31314,20.39275227881756
31324,13.537878687983504
31331,18.867633543852914
31338,8.37622752575514
31340,8.268555444713002
31351,28.35964479131956
31355,13.99500094780927
31360,18.323871375507352
31365,12.277432114245205
31366,12.63305774126964
31371,28.750682887378378
31376,61.73515132615048
31380,11.38668762713163
31381,13.003303960232303
31385,15.683964024183783
31386,9.986842425215757
31389,37.05363566914755
31393,17.86774260161746
31395,18.911912549522064
31399,19.824503512210494
31402,14.014182730788539
31404,8.0731409443572
31408,8.0731409443572
31410,17.232959040374332
31414,9.799557227928117
31417,42.53063638791887
31423,38.69728391619152
31426,18.668872348550714
31428,10.414564417821587
31447,13.328646347204742
31451,15.21832567229724
31455,17.687371415873013
31462,16.54373743391023
31464,15.095095063193593
31466,15.056399532171316
31467,15.811709013206137
31473,13.446833028221091
31479,17.96999999999993
31481,18.93975104774458
31488,21.73289825331717
31495,15.945520479238805
31501,14.777693156798737
31504,19.820894379506385
31508,12.90728734395704
31516,19.208498424710527
31525,8.363061385762865
31526,15.142003280401585
31533,24.97796111763011
31534,35.187824853640805
31543,9.010007472546008
31547,12.73047062686494
31548,28.199148915724
31550,16.933001425783242
31563,14.718966677099658
31564,15.329165117199622
31568,7.390549193606674
31570,31.753968977514646
31572,84.77869799015917
31574,17.133877831628848
31576,18.4817480047029
31579,15.301190968156334
31584,7.929127479481597
31587,19.794046691592666
31589,23.387795935918234
31590,15.524302396862133
31593,12.644453604636844
31594,16.492993201603866
31595,9.16532602240959
31604,21.195727534284742
31605,8.047376880385059
31621,7.486845650603774
31624,7.486845650603774
31631,16.51851497780344
31633,16.851277386750553
31634,13.284857267212237
31635,18.23503141333037
31636,19.563612541410684
31640,13.47054321299479
31643,7.849362216453324
31650,9.309255020728589
31664,19.68258592867816
31667,25.32896920512308
31669,15.534866127218653
31671,19.91205934941605
31674,17.06119869739079
31675,16.623795967421277
31677,20.858658513668843
31689,18.917493634162437
31697,30.86919941079821
31699,19.13023036845968
31705,13.596636587609243
31711,15.186070063690273
31721,15.550703674643298
31725,14.570713999861702
31728,9.00097217862582
31733,14.19713915479974
31734,15.995937746990677
31735,23.56346884382521
31736,13.859231749554622
31743,10.18448223599548
31745,13.599609947820062
31748,24.575133855488122
31749,17.511005167704404
31753,23.374541305849963
31759,42.36915837831306
31760,42.36915837831306
31761,42.36915837831306
31763,16.88238014461983
31774,15.37220428653135
31785,15.649654505759592
31788,12.388314739486418
31795,8.542255453490057
31796,24.000146018760315
31799,17.256954975663202
31807,22.879105899627657
31814,16.138602852228853
31817,16.94074739822505
31821,20.416229109181078
31837,8.43124301618244
31842,15.13790856958099
31850,67.78237503678542
31851,13.02661188331954
31854,13.348496125897903
31857,21.400399661769722
31859,16.04537000756176
31869,14.544104600214506
31871,14.252328541371238
31872,19.6269102066838
31875,17.398121075972927
31883,16.350940828527122
31884,25.36360332553194
31893,65.36741274755614
31894,65.36741274755614
31899,0.0
31903,7.434964288076097
31906,52.94951157874603
31910,22.02243979522822
31911,24.784479168204218
31919,17.667511657909206
31927,13.298454138680151
31934,16.688702086803115
31935,9.15090768808397
31936,16.854704455088047
31937,16.854704455088047
31941,14.595034779358858
31953,17.705665245332437
31957,15.530087342399863
31960,18.009711534805163
31961,17.02542757218505
31967,27.374063234873777
31968,10.232684571854161
31970,12.74428315833633
31979,11.990877024047258
31982,7.042704800408073
31984,14.630403420858546
31986,17.540171589988073
31987,15.995601868498913
31996,12.113072193066584
32004,32.17749433788313
32008,16.83196178172083
32009,16.987645084211838
32016,8.879729167586616
32018,7.894829345870084
32028,22.205428325668116
32029,54.173133593616804
32031,28.854628463979637
32034,16.56173648031912
32044,8.864509027895028
32047,40.36999999999987
32048,10.03245736925115
32058,15.690364788713694
32066,27.21947951355236
32073,13.340141668872715
32077,14.199999999999957
32080,35.17282881607215
32081,20.727915475927272
32088,17.05911674282206
32091,16.926785004050107
32092,12.033816002925358
32107,21.361644719954192
32114,11.29790677021513
32115,14.395067306572537
32120,18.849195063620627
32125,17.753198309519117
32138,12.671144466320634
32141,13.423946618679272
32144,10.299988564943705
32146,14.32311637015383
32152,12.06325454052831
32153,11.82737353000255
32155,39.97539908144672
32164,16.006643636788457
32169,13.200823747038706
32176,24.099896604846244
32187,20.549537546986823
32196,9.120449877119027
32199,15.210703943788754
32200,19.538240784253407
32202,8.008313447671059
32205,45.44619934899199
32206,18.267892002265718
32215,11.996746106639224
32218,17.934594759175194
32220,21.158565048757485
32243,20.115038005741063
32246,23.07349803986618
32255,22.656326563898645
32266,19.699866061932973
32272,9.742272293964172
32282,60.323935952145526
32289,15.64281351613672
32292,17.159371923946267
32302,21.484018643836233
32307,24.33364647405308
32311,12.435364272579795
32312,11.80323679267531
32313,20.27665677504729
32322,13.34986100032772
32328,22.725889158258912
32330,17.01922249828219
32331,19.279416744614313
32333,18.125131077352222
32334,30.154968417545263
32335,12.648120056612774
32336,30.78134221119177
32337,24.43357330370671
32340,8.542255453490057
32359,15.542345486376782
32360,13.988823511893257
32369,17.670000000000005
32372,9.373529395605827
32374,14.128528315109149
32386,18.29075379845542
32388,9.522529936716374
32392,15.562705558576798
32394,31.802788360126442
32396,7.827028576390308
32405,36.75975714844692
32410,12.854937200893627
32413,12.611298282876746
32414,15.090152537917508
32423,7.977526232130511
32425,25.523546796876303
32426,17.3071737159711
32428,13.996502791063056
32437,16.88067617776456
32438,21.406770621332143
32443,14.705033982610312
32444,21.05679631292066
32449,15.946038256908441
32457,39.909023384499456
32465,14.370777551795307
32474,11.274154088268906
32481,15.738904841887443
32483,23.948282787613014
32491,23.780195799139307
32504,14.276788544482825
32525,14.604744978830054
32533,30.254385422645942
32538,20.9569763687216
32539,13.129605464794219
32551,18.433186886825574
32555,27.952038659630695
32561,22.128499091501148
32562,17.077851798373764
32564,14.956925272184861
32569,14.47460292787157
32571,16.791415439543737
32583,15.014258616336427
32587,8.024016510598424
32588,31.42345972489761
32592,12.259631668729611
32595,16.131832829352714
32596,25.868699219530573
32600,17.37661175845677
32604,14.483391654023354
32609,28.595014541325334
32615,17.86978915245843
32619,17.022836732732685
32621,21.8966255185184
32623,8.589599788976908
32624,17.445150799685603
32639,11.147231475249308
32655,35.4316052506919
32667,16.588488012311547
32675,13.859231749554622
32678,12.056581672159648
32681,18.493051294668046
32689,12.534134870419656
32691,13.250702299729879
32692,10.159979016459278
32706,15.945287042262915
32707,31.1470857781258
32710,14.09999999999997
32735,19.19702671692997
32738,22.365253918854513
32742,41.23841665850614
32747,22.107959654513877
32751,23.20440577036924
32752,11.329655069292517
32754,9.69154910657397
32756,14.300165204282145
32758,19.357348717649664
32766,10.524326139882382
32767,11.185169914490057
32768,7.503087285085504
32773,18.764250211937213
32774,11.918845381694545
32776,14.950753471714888
32779,20.336089963357395
32789,18.71544976615268
32793,13.342182993080648
32795,15.00916642154186
32813,16.66866827212336
32814,16.66866827212336
32818,19.463919305354775
32824,18.94574109305912
32833,12.622956144038426
32844,24.399553320866357
32853,0.0
32854,12.550000000000027
32855,12.550000000000027
32856,20.772334170534954
32860,14.742473844088243
32867,9.736523504903264
32869,30.55266164654585
32871,16.861821726875952
32876,21.341892930876373
32885,26.797127629186797
32892,18.378258398469296
32897,23.049364495767204
32898,16.06398386183141
32920,40.36999999999987
32926,17.824719154474515
32929,17.824719154474515
32933,7.39013301755568
32935,42.34151559519559
32937,20.253963304921793
32938,14.321342982557995
32943,17.37952324240172
32951,20.105721507669266
32952,15.177773885302091
32955,25.0242206610541
32964,17.794566900049997
32967,15.035385235691695
32968,31.154423091610774
32969,13.70161140074342
32977,13.112889618115629
32982,19.232607180874755
33002,17.054580338491263
33005,16.587525930349305
33011,11.721677543489792
33020,29.489093017570077
33029,8.207457197770916
33034,14.911181033162922
33040,12.627225269148482
33044,8.720630358209297
33050,12.129979151846108
33064,9.02062328620353
33081,13.301052180040294
33090,18.199885296199124
33095,17.288554075365074
33103,19.843584850214942
33107,19.54008007037112
33109,16.56241103707848
33113,20.67678969815337
33120,20.16033622730866
33121,16.756580545534558
33126,14.216385050748757
33128,18.087794521091546
33129,28.20229955775295
33135,21.26252027468956
33147,44.01651270760915
33154,7.932846478151699
33159,15.944336189482147
33167,10.174117185889283
33168,22.076010223808257
33170,13.05279161086139
33185,15.630199941093707
33195,22.598412856760017
33199,16.995902286032628
33203,9.222835029347484
33206,26.502291595600333
33207,18.63617274202399
33209,16.58872011086585
33215,20.63880748840345
33221,15.542027204625857
33233,21.072197577459427
33246,10.951423606675284
33255,8.456029679298455
33256,29.415117946684237
33261,17.273534229477757
33267,19.948326140434634
33274,8.995126087552297
33276,6.28248492906446
33278,11.905170830870201
33281,18.266377848105193
33283,18.352013124597526
33285,12.546444073337396
33290,18.03209953333523
33292,20.905325258523824
33294,14.416982864053528
33298,8.867083494768309
33303,17.073718835827094
33306,17.619688099080303
33308,21.967680985835187
33310,14.125160057942619
33319,17.504178058598434
33325,69.55379525911474
33326,16.556296634663106
33334,71.27276702406614
33337,22.099414159024036
33345,23.53436551324772
33354,24.345056143582017
33355,14.555234920216357
33361,16.094360814120247
33363,12.319999999999956
33371,16.607703259561784
33375,18.2314378034175
33376,26.367902623608273
33378,13.092994510295739
33383,14.910993817368412
33386,17.945851634962622
33387,14.129999999999999
33395,8.51616975886588
33396,15.2479347724557
33399,22.019951294378558
33407,20.78116557004634
33408,20.78116557004634
33409,24.51376264310758
33410,14.76072240886467
33417,26.680054514440467
33422,8.569210420841532
33425,21.02999999999991
33431,27.15468114620344
33432,42.739857924357665
33435,23.315901441402772
33437,17.12480191728073
33449,31.837815060472565
33450,12.832757619092659
33451,16.408493376389593
33453,40.222111212091285
33457,13.902869395463787
33462,19.239636705546804
33471,15.494326142253406
33472,9.105862325741073
33479,13.405016575586055
33486,18.105829123759367
33491,18.95853642549998
33496,9.582132848738077
33504,16.996450260266325
33516,39.93942755447062
33519,12.342671890816563
33530,17.659999999999954
33535,46.72334644481339
33558,41.547334099546795
33561,16.238472961638568
33566,21.47130805848541
33568,29.271694749328088
33570,15.105359936557974
33572,24.339600728816322
33587,16.47920774538176
33599,14.077192587873384
33600,11.569844039351915
33601,11.569844039351915
33602,11.569844039351915
33607,26.14510779095229
33614,21.959736666979914
33625,21.080560827540587
33628,17.092435074772034
33632,13.901284402308821
33633,25.704989315041182
33637,17.67836229395904
33639,8.100464958722087
33659,14.520000000000026
33663,19.24579123712784
33669,8.561872696152037
33672,19.990669871930944
33675,26.111447722239053
33676,13.347372704824638
33685,14.298745586174546
33688,11.865693939530242
33690,14.690374813802288
33691,25.60203042532937
33692,31.0887003550284
33703,13.022933432675027
33707,15.077213123632301
33708,15.077213123632301
33709,14.938203751173347
33710,14.235032093455327
33725,10.262238470112496
33733,30.38968901038141
33739,7.669192301711858
33741,23.04947159797632
33744,11.564322566579646
33750,24.297096859469995
33753,9.420267292678746
33756,15.827250064207668
33759,18.644594814206016
33780,3.133120331932777
33786,25.626216499583766
33788,14.007725222421579
33810,21.44442626494086
33813,17.339300269997377
33814,64.109191601195
33839,26.037239691892378
33843,21.733745724232154
33849,17.664134135618845
33851,21.07525843501682
33853,18.23357778141358
33876,9.502403094276001
33889,28.781009431559887
33893,14.059999999999913
33896,18.9067574094973
33902,15.058756720587496
33904,16.42524551494238
33910,15.01534649362582
33913,18.30790105142143
33916,21.97426518925363
33918,19.64949896318491
33926,10.279191633552186
33928,54.62368358796665
33932,12.555040479718848
33937,18.625188612609037
33939,25.160709183220778
33941,19.64617573558588
33953,7.63355818761694
33962,9.783328507173813
33964,20.41297511295915
33965,15.905625403350932
33974,14.684148196864516
33975,18.068413757390214
33979,12.531000222466064
33980,9.821755700446039
33987,17.891865752372365
33993,14.573634770338572
34003,28.1752686083056
34005,13.284052229464727
34006,41.75309216531847
34012,15.137051188929451
34014,13.34986100032772
34016,19.439726622548132
34017,31.59728218272904
34018,34.791720985605
34020,18.154509892403237
34027,14.788455328356152
34029,52.22100293906152
34042,8.326621587617469
34044,8.773060810549275
34045,16.30321569399944
34051,21.720732255971104
34053,17.86753502362825
34054,17.86753502362825
34055,30.278058786492732
34065,15.317901188070703
34070,47.34619585243579
34074,11.957011175228901
34080,32.78964809581556
34083,8.145036950032715
34092,16.87388742336173
34094,17.33168759344375
34096,7.954717503482954
34098,14.905431495607937
34103,7.585933188489154
34105,8.804365932642414
34106,11.995608756439845
34109,8.503951940631767
34111,8.503951940631767
34112,8.503951940631767
34116,9.529806150242015
34119,8.025246496831214
34126,18.544380118012405
34133,24.423170811011502
34146,28.283177697568334
34147,16.960323085572504
34148,14.993300863303748
34152,13.183352449026989
34160,15.27215418973569
34161,16.381958840850256
34185,55.94592774239022
34187,8.189994204679639
34191,30.395848961561775
34195,10.437242308462096
34197,20.375291019075224
34202,14.323462136166023
34204,22.227658307231447
34212,18.23700089664241
34213,25.53476928644267
34218,12.334341753934247
34226,15.655668636946423
34244,16.006393540237394
34248,16.788651637512654
34249,16.268568807069556
34251,16.633184303567138
34268,8.692967306336694
34272,17.670000000000005
34284,22.03512631585854
34290,26.23735331959652
34295,27.35109700831478
34300,10.420089691706343
34303,14.068188049901199
34304,13.382871771941367
34326,13.562563132481253
34328,17.90207254528793
34330,38.383045189141846
34337,45.455326315201624
34339,45.455326315201624
34357,26.684396972030008
34363,18.92432749455913
34364,15.766747343300949
34368,10.662263011924754
34369,10.662263011924754
34382,14.349788887869899
34389,49.40151065774624
34391,21.432548486996176
34396,28.76023410230696
34397,17.382175018838414
34413,19.323299081774305
34421,20.103217941507772
34431,14.119512066395258
34432,49.467485807593704
34435,19.349298111228578
34443,9.205032264403892
34445,21.274640640434853
34446,14.843266161523225
34450,6.298536951202215
34458,19.476877876563623
34461,25.724984617855867
34465,18.81874705015001
34470,16.83234105721122
34482,38.81564144643074
34494,12.695721248846013
34495,12.695721248846013
34504,40.20371169451599
34506,15.079620262585529
34507,9.109138098208122
34508,9.59279154210927
34514,16.043419415465685
34515,43.77350086750153
34518,27.775796438659505
34521,12.641568623363492
34524,27.960900122233507
34530,13.45999999999997
34535,10.122425166923914
34539,15.691528132427827
34542,12.830791994452152
34545,22.803560017425774
34551,14.938801200587536
34552,15.982862671032446
34559,20.03567295703495
34568,15.881724595768436
34570,11.661662664329217
34573,27.862697316373126
34575,18.88842455410601
34580,13.247845520012097
34595,9.233748012770313
34596,11.484600578355161
34597,11.484600578355161
34599,17.73876855449381
34608,7.8936066617233624
34614,14.898957099781342
34618,26.828979019547603
34619,20.128262046478095
34623,32.50760635446778
34632,22.71027805579672
34633,19.041289378805125
34635,7.956881735487162
34640,13.440000000000062
34641,13.440000000000062
34644,19.771034833341503
34648,17.47705361571186
34655,7.976453553592632
34657,11.705420212027528
34658,25.685151253245042
34669,28.671711148328598
34693,8.375551624604876
34694,8.375551624604876
34698,20.804280578234746
34699,15.276914269284454
34703,18.90160738131473
34712,10.892702601213063
34724,26.658650910920073
34733,40.80693063975944
34741,22.15098017869376
34748,14.252210736352586
34757,30.280444205525736
34759,16.80628150317942
34775,23.342786678514592
34779,15.077046342074933
34781,24.09867919092603
34798,35.52204193998167
34804,15.66694329903444
34805,15.936437285217345
34808,21.936647709482315
34813,12.635397400977105
34816,17.729939940600236
34818,19.763384672736816
34825,8.268555444713002
34826,21.53984707288558
34828,10.326269522222972
34829,32.49794137709802
34832,7.5294225966640145
34837,14.5204103908855
34839,18.106017087594537
34845,13.860206125844787
34847,17.793344312074698
34860,15.66673557863529
34861,14.323476014645205
34872,17.818873352362598
34873,16.84108804334559
34874,15.93522624079841
34880,15.027222419567206
34881,40.72290408560971
34882,14.394372255254478
34886,16.142242804381524
34892,15.620023198602691
34900,76.06434741791095
34903,13.694369991055193
34904,17.4992192429399
34906,8.246761358512881
34916,16.01194690663555
34919,23.869892605723102
34925,14.37333161095067
34931,8.79288704773108
34936,28.631868167936155
34937,10.114458679616714
34942,15.569209056187699
34963,9.162708049332739
34964,12.321745092670191
34965,18.155627634220192
34969,24.551523139005035
34970,40.21858220075845
34976,14.765205921376406
34979,14.928378855902785
34998,20.13925165131163
34999,22.879999999999956
35006,31.77276525995859
35007,15.625617213292042
35012,18.874877661782037
35025,15.012740244785785
35028,9.134318462710885
35029,16.33448907802057
35030,10.06403654888669
35034,9.391300374070724
35040,8.87320213318184
35043,17.182134304218863
35050,14.61799831901292
35051,15.161675588668253
35065,14.433826611784017
35086,17.684407708195746
35088,12.215443727455087
35095,32.9153942016044
35100,15.64373752012094
35104,18.211046800335453
35106,8.75855559279865
35108,15.825339414196023
35125,40.24202398852728
35130,23.900700285408856
35133,12.618498053430516
35136,20.3616081170366
35141,16.392425759614497
35146,2.293725626461475
35151,17.163169581036385
35155,11.709814882256937
35160,9.30963795703675
35162,19.912025667893758
35165,36.035944229469486
35169,14.542278331647045
35176,12.797602985650203
35179,18.52855874383168
35187,31.630421713864216
35200,17.52196280952213
35201,15.600447225810058
35211,15.354145505888614
35215,9.381958494615626
35220,20.23759347714321
35222,27.08753782083582
35226,13.105701255213317
35239,16.849662475052963
35242,13.732961570234108
35247,41.358585079953144
35250,40.08832757103578
35260,17.70254329885832
35266,16.43032653588065
35277,10.574105022295225
35278,19.169522569314143
35282,22.313390162447345
35283,16.658735939153757
35284,11.051807451411307
35294,22.353329636716683
35296,12.846060093412419
35297,41.57206782917796
35303,44.781078794535965
35306,18.009661789851705
35323,42.47050083771312
35327,21.764322760668964
35333,20.97365651765007
35341,15.720515857259684
35345,8.74343175277351
35354,15.620885118449639
35357,27.703148528798597
35361,13.26614597370882
35363,9.136865493758847
35369,29.977068781460712
35375,12.444154373155733
35378,12.068730650015251
35380,13.643425047856653
35381,16.40948736534864
35384,15.136073059915908
35390,22.55578800884977
35391,8.9495141921703
35392,8.9495141921703
35397,19.300301708214555
35399,21.925432951040936
35401,10.33178837066813
35407,15.080105768505739
35420,16.09718149089198
35424,15.453398128920217
35430,8.954602205173162
35432,11.154130139679593
35435,16.136901865764482
35438,27.89664014293184
35439,16.288702587414804
35440,43.91953685386126
35441,14.716132870674905
35445,30.80567953965495
35462,7.654637064040454
35464,14.331741524998556
35474,17.844477428196935
35477,19.160391728051774
35485,21.62987245617237
35488,19.322841989778972
35490,8.388082977799032
35495,12.756648504120534
35502,21.219172708477256
35506,17.655282895148375
35515,13.998001814052504
35517,17.809918831090794
35522,9.732947973304237
35530,16.471825618320352
35546,10.886191726414497
35548,12.68326191327966
35562,6.537324852951913
35563,12.36609301064717
35565,16.733267554099026
35567,13.067967442735908
35569,18.352578709002653
35576,11.350776935275356
35583,15.192050897519689
35584,15.192050897519689
35599,23.456444888508443
35603,10.804839880873335
35609,7.584901426030143
35614,27.560473128511102
35615,32.37787395049032
35618,14.867662878525856
35621,9.125629479737457
35625,12.089054662231895
35629,57.8295810691072
35635,28.289625625633423
35655,21.962254386231095
35660,14.242124110550549
35680,21.944104419112843
35697,13.631573379715512
35699,13.148650628971039
35708,15.817576878465818
35712,81.67646795825318
35718,39.0109362091183
35721,24.227335180818102
35729,22.33200132580823
35734,12.9484539367063
35736,22.352836701880836
35739,16.025313260131522
35742,18.04373486835675
35745,17.179402611016233
35753,16.580746849587708
35765,9.407132040001342
35771,15.109999999999918
35774,15.77802494457654
35782,13.426806088236166
35786,12.722724768791773
35796,12.854937200893627
35797,38.62053280943162
35804,46.53977982760264
35813,12.675333502883115
35815,30.493298802032985
35817,10.1839351516169
35819,11.75415207933404
35825,21.718653774678184
35832,16.078061844668632
35834,16.078061844668632
35836,11.363090157939045
35847,16.122936575261225
35852,18.22999999999997
35853,14.419637126828336
35854,12.507418039817296
35855,10.965195723854544
35856,15.964710449813406
35858,14.751923972186503
35868,14.592612007216315
35870,14.80029880270856
35872,30.5840377901518
35877,18.27454874671492
35879,15.818073277206167
35884,23.098800297910174
35892,21.569635278163954
35904,16.709628049996088
35908,21.688346321545517
35909,8.247021521572536
35913,13.731346241832837
35925,15.97019980354381
35928,28.847303145290535
35935,15.867577935951296
35952,18.29320767720159
35954,15.775901116549978
35958,11.189045288023152
35966,12.630940020919216
35967,11.894728641471108
35968,16.91992362420803
35969,37.01456599615703
35971,15.385760922031004
35973,18.01674972976582
35978,14.561536354640578
35979,0.0
35987,11.517464643503748
35990,12.357650323167892
35991,12.699902353538608
35992,17.120000000000058
36000,9.474718670354056
36001,7.01012274203987
36004,10.099603767675896
36006,26.456004332393526
36007,17.63267688276905
36014,16.10009509696879
36016,18.774586288280076
36018,12.65929962535603
36024,8.264459093217257
36026,29.326899028730736
36030,18.401685746184132
36033,16.519172362689485
36039,17.863760679374426
36040,22.861154126763036
36050,19.4165161532882
36059,12.898958966209891
36065,18.60900485854718
36089,16.398251841595666
36091,17.881780036729708
36095,18.945195981556278
36102,14.28112865864499
36106,14.41962538504668
36111,18.443237019743535
36119,34.638402340795814
36122,35.282803873226804
36125,26.09405051061602
36130,18.307551707201817
36131,17.655043507897386
36133,15.9618655897983
36136,16.848883131236004
36137,16.764461746780345
36145,26.875087209964644
36148,21.413847424055636
36160,18.9067574094973
36161,18.28079237196932
36162,18.9272552809616
36166,14.342759454069357
36172,15.89822308409649
36178,24.801884188291442
36184,11.749603831791065
36186,11.778559798887025
36187,20.198353895498897
36189,21.02095250173102
36194,31.662440335113658
36197,15.648536432952987
36203,8.528362609997675
36205,15.841527140671904
36213,12.2038569630956
36215,14.232232184519683
36216,14.851778067998032
36220,27.090039001467062
36221,15.912763135537173
36225,13.716785514060895
36227,15.006636656596719
36230,14.835825307661404
36231,18.873964979716735
36242,23.96968961750584
36250,27.016411412541252
36251,13.188946623798675
36253,15.358682375095114
36254,15.930807269194368
36255,16.86446386406024
36263,14.462246463047371
36271,16.831168481767158
36274,23.772457716648972
36275,20.497436809075566
36279,16.12697172067869
36289,16.58405422972308
36291,25.92906096632471
36295,12.590113266006817
36301,12.55119521957805
36304,22.145875186709002
36313,17.554968407348937
36320,14.899331536804578
36321,22.342325926098926
36323,24.54913118081122
36324,21.51248186962793
36327,13.838358963747527
36329,21.6999999999999
36333,11.807292105507631
36365,12.284136998743666
36372,40.86630993578345
36373,16.75306922783364
36375,18.859366296729004
36382,8.867083494768309
36392,55.41526610900925
36405,17.007890208342555
36409,25.93853946701643
36417,16.639744458694697
36420,16.173762012037344
36424,22.781587430924557
36427,12.073294819372293
36430,8.967823608260753
36433,24.48342081453282
36444,25.848471493001817
36469,24.708366945166357
36472,16.691203221133456
36478,16.141210652733218
36480,12.014861968059945
36492,18.574280632954878
36499,15.351965921551297
36500,15.351965921551297
36509,18.162941516912518
36514,18.286508852434153
36516,11.116469443519977
36520,45.78743641024483
36522,18.70266460197839
36528,13.710021431557863
36546,31.678908737856467
36555,16.180955903783406
36556,27.02555027086657
36567,15.703080535718488
36568,15.618667904356968
36573,19.9731238857742
36579,26.205691725892923
36582,66.24873515937877
36584,20.31775321839764
36586,15.200846281422628
36588,15.789176524929402
36594,13.254183014089243
36598,15.571251273152821
36600,16.890582102466148
36609,14.03059217161183
36616,14.764027466203974
36617,29.2578191769436
36621,8.28252313822748
36632,42.073347174079004
36636,25.44543361569055
36638,18.79498502090216
36640,16.297761830084436
36641,16.98220076306238
36651,14.047406609087835
36653,14.013572447823886
36667,14.644158188331348
36668,14.412488329944559
36673,25.569264456158095
36697,18.381767176249653
36716,9.700876549933875
36717,16.844197871675107
36729,7.676001847019066
36730,25.990640615599432
36734,21.671368992510274
36738,28.848194364698408
36739,27.86501980023652
36741,13.498038898483005
36747,17.657886777899954
36749,16.160820994706878
36753,18.18735915481333
36764,28.63742299414233
36768,28.536196073203094
36770,19.047423823110844
36771,16.378928523465685
36777,8.145176652001998
36787,12.189728314235435
36795,26.01487536143433
36813,18.28391011952507
36826,20.019999999999925
36834,14.669649726820833
36836,19.40017157298844
36838,16.639744458694697
36840,27.73895981739204
36842,12.64998069513138
36848,23.091305037407558
36850,13.570000000000082
36851,12.36890471294358
36862,51.97732074870185
36870,28.52818514014855
36871,30.783421910940028
36879,15.719724272471638
36884,33.586841178834916
36885,15.607172246591222
36890,55.73543422524958
36900,17.989029668122928
36901,16.053978331031395
36903,11.458407373327898
36904,43.67903550601308
36911,19.09701425712007
36919,11.718250535183456
36926,59.3074700134492
36931,24.742635443174937
36934,6.85036095637869
36941,31.443720845262106
36951,16.482105575677277
36965,19.165933314170058
36971,26.854294269314263
36974,15.493857512422526
36975,10.268293931474464
36979,14.18253213162353
36981,15.544652809460494
36986,15.154233821001153
36992,23.187910781813898
36998,9.15571495966471
37017,16.239101193621
37028,16.1528249346547
37032,17.67000000000002
37037,7.394669014408912
37039,12.489556720704185
37040,47.92801305285992
37041,15.80695243868589
37043,16.86124623861122
37052,19.180108780077852
37054,19.180108780077852
37056,17.36683324956662
37058,14.49154934211087
37060,58.746281600772534
37064,14.657740274742178
37065,22.59285688927958
37082,17.516976884776906
37098,13.55252863255942
37099,12.993079440165312
37102,14.635361396195051
37103,14.635361396195051
37106,32.26925345396023
37108,16.191907510269466
37110,19.348595749897793
37113,12.731804043785798
37116,16.50933236347045
37122,15.628775976820865
37126,15.740162559286524
37128,19.439463926084443
37129,19.439463926084443
37135,25.721612401850088
37143,21.20001697059578
37145,13.548235926221992
37147,35.05340912070578
37148,12.165271691490629
37162,13.711789184908227
37166,12.692296109696697
37168,17.449338977928885
37174,10.012276500228298
37178,26.410027485496368
37182,15.80145100650347
37202,0.0
37205,12.578059641408473
37210,27.737129580015274
37211,33.303380639849664
37213,8.932243886385502
37223,43.870355938261575
37225,25.37214124463584
37227,7.651039386471085
37229,10.918179367596016
37233,15.66634066267363
37234,8.586986186790885
37238,23.87914715045873
37240,15.720769865767767
37242,8.82996677482284
37248,15.23191460061042
37251,14.494250137595769
37253,24.308723687947932
37254,16.558310493326125
37255,14.564744538731478
37261,30.34807656745974
37272,16.731236016860745
37273,24.432304532268503
37276,13.961850839815632
37281,13.440000000000062
37285,22.945390155507482
37286,14.80029880270856
37288,7.484062527067875
37294,14.896542269575015
37310,16.680319195128032
37323,20.772669776869773
37325,20.772669776869773
37341,38.95914577584643
37344,15.365244446103489
37347,9.534963551374592
37348,16.467548612271273
37352,14.335307550881849
37353,11.39186194398461
37354,14.752152674032981
37362,10.100363952106132
37364,20.665688810660054
37366,7.819977194400192
37370,17.49843795741584
37373,16.85057476650768
37375,22.638271844310808
37387,21.68797828546392
37394,16.74570397880921
37397,16.61856660136979
37406,15.884340586068465
37412,8.432335856915346
37413,23.18828752243992
37416,57.937821143881955
37421,62.1278909226943
37423,16.008719639849346
37425,13.511095365911917
37452,15.208364425861838
37453,14.191258508620553
37455,16.68086913228845
37458,27.986887907205922
37459,78.6281815966799
37462,15.223727441554217
37468,20.314120625077997
37470,27.308470075264243
37471,18.468851119815426
37472,15.759571499409969
37473,18.56478885690448
37476,13.935653855245377
37489,11.094297283369805
37490,16.748075180493483
37492,17.67000000000002
37511,24.827974509567884
37512,17.82552295666895
37533,10.421908180707296
37545,12.265951001469677
37548,18.162609796120524
37564,23.167243784163933
37566,8.427252959842054
37569,14.734049931322303
37570,18.423612139411325
37574,9.939186304977927
37576,11.786894248491402
37580,26.94872777366537
37581,12.128983021952848
37588,16.390168291913767
37593,14.05447635977735
37594,14.025012777768039
37601,15.792335286305669
37603,15.236474857821147
37605,13.44495930380005
37609,17.10928146686596
37612,9.112255945225037
37623,18.31210996248015
37625,13.407657909730293
37632,15.099999999999962
37635,12.686322693379658
37647,9.505912929761315
37655,12.824243136788501
37660,15.14415607461078
37661,28.08508826647733
37664,9.501856291866675
37672,14.854995943623424
37676,17.13676467274428
37679,15.909762338476718
37680,29.637784626099332
37682,14.642704768205574
37690,23.083154327741234
37691,51.494772226012905
37693,13.721772600712438
37694,13.056080969811262
37697,11.67123361381043
37699,41.1727540246663
37710,7.7799402511376154
37723,1.0837404080318662
37725,17.768866181517076
37729,17.277432403649655
37734,18.459296654059045
37735,28.999261526991397
37739,16.00133943533868
37741,15.467777277055465
37745,28.405342729490656
37747,16.173007293690336
37762,9.17399894904947
37766,17.35446582752374
37768,19.92438652053838
37775,18.76599170284901
37793,22.714610709373623
37794,20.83784658086836
37795,16.94713019465051
37802,19.400347448224267
37809,15.652946513071914
37812,15.089679260381114
37834,15.508507938963618
37837,11.863892321456827
37841,14.104712026270668
37842,13.490827222844114
37850,15.557649776121348
37855,30.210289540238556
37858,7.823976407017877
37866,13.722296386803672
37867,25.510941808392527
37870,15.702563991597156
37879,8.827342255416651
37892,13.903459702803657
37900,11.698945940251155
37906,37.08063201402698
37908,22.896337816890743
37924,17.18391338438366
37925,39.26563758929601
37929,13.140361302800711
37931,19.67013518843596
37932,23.721456857492388
37942,8.589567580219901
37947,18.193163241493394
37962,19.63691343835222
37963,15.364945919851685
37967,17.538842733187042
37969,17.538842733187042
37975,14.880821577397187
37985,19.701500527323727
37993,16.137284419966942
38008,21.15471375547853
38009,15.0380761064032
38029,23.709475662803246
38035,12.072722973199891
38036,12.072722973199891
38037,15.470467008736684
38039,13.993887267706485
38040,9.381845739033071
38046,75.34296141841287
38047,13.98534951974514
38048,21.93195340235044
38058,13.012797908527075
38061,56.7671244524126
38067,8.422918384409993
38082,14.787838298677492
38084,15.423928471876142
38086,17.620086742643455
38089,21.78320831859106
38091,15.177205877122951
38097,16.422669019260592
38106,15.616914956378544
38114,11.880655830110198
38119,11.867416278862649
38129,58.857989161149234
38132,10.882789063058683
38137,18.65400966595654
38145,17.862188615901257
38146,15.577093606154332
38147,15.142264547649347
38155,14.11048086039213
38159,7.422396812355309
38160,7.422396812355309
38176,8.714931744578042
38178,17.891613072943542
38188,17.031352904213275
38190,18.31542597239275
38193,14.325303206105698
38200,25.113397691143412
38204,12.34219163578473
38206,58.459774383621394
38210,11.745640895926915
38216,19.598153018388597
38218,34.51764381550264
38224,10.189918336843354
38226,22.613692745628303
38228,10.297116330506853
38233,87.91378337329151
38247,10.104741051874875
38248,31.73488617209854
38251,26.00726821947621
38255,10.154437341171139
38256,17.53920841237176
38258,11.274942584403734
38259,15.36060659402045
38261,59.255530986761414
38262,17.611736479990835
38267,9.722729867909813
38270,20.989999999999945
38271,20.989999999999945
38273,20.55289937800813
38281,13.433493226766252
38284,18.09174827617004
38288,13.063582693760754
38289,15.378752212751138
38293,15.917352706858864
38298,8.58355637132702
38300,8.737263353347139
38306,17.948100246320738
38308,12.810169467695584
38312,12.205188766941276
38322,7.9691754401784145
38326,14.998151557312392
38329,30.096953447698628
38330,30.096953447698628
38331,13.968396440574876
38332,9.019522716886556
38333,15.219311174418614
38336,16.03927050755822
38337,17.745559272490894
38341,16.620949170682305
38345,15.775127226403328
38356,9.63492161504864
38366,41.921976161685755
38373,16.731653050748484
38381,18.78322501530269
38387,16.15291350211382
38397,7.38999999999999
38399,13.631996897145669
38403,12.955531604835786
38404,17.670451040400184
38406,26.48268266007153
38419,14.118641635831521
38420,14.118641635831521
38426,15.854145410708117
38427,6.28248492906446
38428,19.583597314295705
38445,23.540366140437513
38447,20.302397564082675
38454,15.311602195902669
38463,22.604889958628775
38468,9.376488394116631
38470,15.23191460061042
38474,14.926365471546191
38475,18.899867074418765
38484,8.672162594870933
38485,12.014877727261846
38487,11.82805391838227
38489,15.130098873902387
38493,10.352137455412473
38494,8.610822906702166
38498,26.23389182163044
38504,22.09397885029795
38507,18.731388147308024
38513,12.51654050178078
38520,13.748382203625361
38527,8.856667221927848
38530,14.248963475384706
38534,18.9067574094973
38535,39.45272600459527
38542,14.497350457312095
38545,14.204192619598905
38548,11.243507716080082
38562,19.562650193913395
38574,41.815684026379174
38585,58.146348638076965
38598,12.871897984462276
38602,8.347873298732445
38603,15.403059523109263
38614,27.897119690852488
38618,22.8934345230231
38628,36.83999999999996
38631,17.750596468134766
38633,12.044167876142797
38634,14.798734850953908
38647,26.581636246798926
38651,35.12755277018738
38653,23.013452704139986
38660,14.058390362689304
38662,30.831802093880338
38667,26.1264411239998
38680,48.97106915270976
38681,48.97106915270976
38688,38.16021554847133
38692,11.929684306229406
38695,9.490795295041089
38701,16.15101544090385
38707,19.635815510819622
38708,16.639682915725203
38712,17.534171419908304
38715,18.559997096658666
38725,16.278021722222185
38732,19.923786492610155
38735,12.426451482071041
38740,14.9093349942766
38743,14.575053059673287
38747,28.600317616780288
38751,15.97306260412697
38752,13.040090765357723
38754,18.186324515455127
38755,18.761175046429862
38764,14.265808177635025
38767,21.441257601849365
38769,18.415067056411857
38781,15.817215192574555
38786,8.589567580219901
38787,14.923588111201523
38798,21.858296203527548
38800,21.606510771529706
38803,7.902675139327242
38807,9.66387335936854
38815,16.301008238963984
38817,15.370621336754695
38822,22.483626475027698
38835,17.131816101732984
38853,13.440000000000062
38864,20.061702585811187
38865,16.142643974347273
38866,18.778883911440236
38868,8.029418060363888
38869,8.868287401520886
38870,29.508774176523016
38876,16.530477173499644
38879,13.826904981193799
38881,16.28207317369239
38886,12.017724716198833
38887,14.988921547269069
38903,10.508823342503158
38930,17.70222050254219
38931,17.385012528616997
38934,20.21353481911816
38943,15.954007861144628
38944,17.09980739411077
38951,22.36191418541676
38952,14.920696115488777
38954,45.04217274905063
38957,11.027306232303054
38959,34.553016355401276
38965,13.651567715231785
38969,15.076440029935604
38972,20.38938391016451
38973,19.995953635378772
38978,16.922051275955866
38979,15.413601588757292
38981,14.598282544886143
38985,21.858846531224692
38988,12.428164488919506
38994,23.249662053177122
38996,46.2326110711013
38999,9.920666805618493
39002,44.265218905461765
39007,20.179775696704848
39008,14.69449570367775
39017,9.166682294961698
39021,20.171024028568436
39022,14.771571097992213
39023,16.031715892314548
39028,12.113727398067434
39033,30.9528513832119
39041,15.667522747907924
39044,8.583899866128604
39049,7.801713619497706
39055,16.125285380136937
39056,21.00319881504221
39065,25.324095409676573
39067,8.517111539121508
39079,19.709126662803016
39084,34.72997238143688
39089,16.964759888284632
39090,17.527347876462457
39092,8.944186141455233
39096,7.781854420541972
39101,17.173640817193675
39109,12.528521166582536
39131,9.420198102924834
39145,16.6022372772057
39149,20.224566091639367
39158,33.245905006265055
39162,8.944136761087995
39168,9.459016948450781
39172,15.538265582846165
39173,11.612205368084084
39179,24.308450693550125
39182,7.954309734891
39187,15.077290523480219
39188,15.035598324885363
39190,15.105359936557974
39199,16.19689028352098
39200,33.50366923023271
39201,38.04528267079172
39209,34.97877479430343
39260,31.951269636501216
39261,8.688248012857734
39262,18.710705163122746
39264,40.809286947867164
39273,9.579669154881262
39278,10.906372684296331
39279,7.39013301755568
39282,17.18895845208341
39283,14.64420919205128
39288,13.110632916807612
39298,16.702132953864226
39305,14.932671344918313
39313,16.81551231235085
39324,8.720000000000034
39325,15.217185529625759
39328,20.00662397048284
39329,18.877196071996064
39334,8.775054123528895
39345,21.232839217011566
39349,17.577786670066534
39350,17.577786670066534
39353,19.48513637129852
39361,9.636057958197599
39366,18.16785441561432
39368,17.293063543438905
39369,19.4975072120448
39370,16.814837449052295
39381,7.780000000000003
39383,15.962115691174553
39384,22.576476449346753
39393,35.48144488199866
39403,15.123336620804615
39411,21.427175741316084
39422,24.263495873933643
39436,11.180598571042442
39445,19.224618795429176
39446,41.66962645690647
39451,17.797673742299473
39459,12.808734530943221
39465,20.629219608655664
39467,10.597774451773255
39479,13.423946618679272
39485,16.585777644009777
39487,13.602760232890372
39490,21.301817658050876
39493,14.17902875667349
39499,35.81952930881314
39505,12.204599443425437
39517,14.075545488827988
39518,12.440487884728311
39519,50.29193621478644
39520,29.73274725403702
39522,20.424046535193327
39524,19.593047260174416
39526,14.088673801906282
39530,21.97383052598215
39532,20.323508727050218
39542,11.984288884060428
39546,23.154673024899573
39550,26.234558782946824
39554,27.897333829132197
39558,15.056497432509332
39565,12.749590012772472
39568,18.812260093808973
39572,12.536073926917249
39573,11.320638198273842
39577,11.66490312459512
39584,15.498228850747054
39585,16.65045632791425
39589,15.451923067094679
39590,17.77866578358377
39594,25.43015405104759
39596,16.490592763902
39597,20.47267042319264
39599,14.425025571061799
39607,21.773656472816235
39608,14.827467495355771
39617,13.187898311243732
39623,52.01121039239739
39624,24.655530962251458
39626,24.969885608027436
39632,8.35206601579557
39650,19.33446566716314
39651,12.37013298111279
39660,12.377806948167628
39663,11.849999999999943
39665,17.854772233378885
39667,42.343099498788725
39668,8.299999999999976
39670,32.787143034400884
39679,11.834805707688858
39683,11.834805707688858
39702,15.643442165265093
39704,16.155498856661293
39710,42.21838301476009
39713,32.198087861086755
39716,12.399468071947458
39725,8.25121998080617
39726,15.408436697691425
39731,49.43618712280972
39732,25.217689907791076
39739,20.244217390037523
39743,8.78562354979294
39746,12.990701641422042
39756,18.533331840316073
39764,8.992039110795261
39766,33.218577971411314
39779,18.455470426706427
39798,19.2137017563671
39802,19.509802351563945
39810,7.516701899229961
39811,14.579704421595082
39814,16.997124780714778
39815,12.420105647033425
39816,38.40634401414856
39820,7.263555358248578
39825,13.946253596076373
39828,13.443718405888134
39830,15.086152639779453
39836,21.03040784741049
39839,22.450576961108087
39845,39.47703775189103
39852,12.014861968059945
39855,18.218273978644035
39864,13.684759506140857
39866,38.674467022193014
39873,17.014697286887227
39875,11.782476548489543
39878,8.994604892684787
39879,9.643789857049537
39890,10.794502989737039
39899,53.35295657189511
39900,68.15047332835488
39916,14.786413505042063
39931,8.976771824370333
39932,20.140259052859836
39934,8.833188492688594
39939,21.66717148683635
39940,9.47290887451225
39942,21.81066951773315
39948,9.65078269153088
39956,28.78277202355
39966,10.348453037905923
39970,18.467290193515634
39977,20.63961494608438
39978,15.911893649538612
39988,19.816136073812327
39989,14.564133848905442
39994,15.810715140888664
40010,27.56166660139165
40013,9.574609299691279
40019,15.239509640829116
40021,15.3744943779176
40028,33.24877538385548
40031,20.40930881100593
40036,22.761426761873967
40037,22.761426761873967
40045,32.31866300443228
40048,11.181002312508415
40052,28.183634843139206
40064,9.639064269978235
40065,9.862122411753502
40069,65.73287175764128
40070,15.918882658157305
40072,16.963333179512606
40073,14.579714671371828
40074,13.05487756652437
40076,18.921178307929143
40077,16.586383380997884
40079,19.232685260837368
40084,20.715033730787372
40098,21.314420383327583
40108,13.434873783031557
40109,15.068896861764426
40116,26.90509232312873
40117,26.90509232312873
40119,15.975878214676474
40124,16.53500116275205
40128,49.7052646874861
40129,21.649994073774067
40132,10.672132215137006
40134,15.41128826817511
40135,14.276617536681234
40139,10.574105022295225
40141,17.829147800210567
40142,15.094344641793896
40146,14.220405063081838
40147,14.220405063081838
40148,14.55371007210051
40154,19.40625370007119
40156,41.04677284876913
40161,27.636009616199413
40164,16.008300243397656
40165,9.8550031165131
40171,8.264284291932244
40175,11.849999999999943
40185,52.13754144579455
40187,17.381733405194936
40189,13.333130361153477
40194,15.803161457241224
40202,15.479860359937213
40207,16.960961473782383
40208,15.067498792921743
40210,42.100384418742685
40212,15.943355703335698
40223,36.95258270541558
40233,11.285845105734571
40234,17.191297167432875
40237,8.045924158385576
40238,15.609999999999996
40239,12.555121068793207
40243,12.315301273291675
40244,17.448650442804105
40248,8.766178428701584
40254,19.424722548518172
40262,12.761862981179567
40266,15.909719280080147
40267,13.243599560714468
40276,17.845491761219765
40278,19.879845685946034
40286,16.011025851654473
40289,20.202705426852216
40305,13.762668188445277
40308,16.109951707647497
40309,20.504652513024187
40311,22.517503831977333
40318,29.71471666348942
40322,14.842490815420058
40323,14.842494584520008
40325,243.1349610931648
40326,12.621794629981027
40327,8.661053164793344
40331,16.165207975546824
40332,16.83340797118796
40340,30.526717255802676
40342,43.08243816110694
40346,17.519978821366077
40356,11.483067007807833
40358,18.2868496312685
40363,10.085331763777015
40364,33.45108374850545
40380,30.631562137941028
40383,17.417124910630022
40385,18.489079742589606
40394,14.285616418018154
40395,16.58892747035671
40400,42.99617612233359
40402,15.961927797180003
40403,11.689324463259206
40407,35.62323859672313
40412,16.525376950673895
40413,13.941753625190204
40416,15.585120470604508
40438,12.873602194353035
40442,15.176275074950862
40443,18.214241626548972
40448,10.88617670231408
40451,15.773590811645285
40463,13.71522719539833
40464,7.791705164207487
40469,20.530814094495227
40470,10.268930714962364
40471,16.888669714366504
40472,16.888669714366504
40475,21.339873217925337
40476,14.817292782185747
40477,16.9689144493975
40483,13.732961570234108
40484,11.931455121055912
40491,27.74028925211367
40495,9.609515603337222
40496,18.265492812191482
40497,18.265492812191482
40500,14.214795448442068
40504,18.869865765325564
40505,12.336929401372084
40508,17.400860527481445
40516,16.864085159731797
40518,15.183663157759923
40525,16.90897874826584
40543,29.250678767872795
40547,61.481757960283005
40548,13.4097572694713
40558,11.248395853394694
40563,22.317433030575604
40577,19.828311069622377
40588,14.428573558808608
40594,11.875061490762112
40625,18.807556761893654
40627,16.771840631905615
40628,15.979825374249664
40629,16.128791803006777
40630,34.34988851864007
40636,16.809261734038586
40643,14.82222342938918
40647,13.651198713743565
40650,23.081759844556025
40655,11.184388458081106
40657,11.020211132964205
40665,25.405279700864416
40672,18.74469900747731
40673,73.80025731012374
40675,21.15540087021438
40677,12.804647787419603
40680,58.622721214601064
40687,20.573022628028422
40693,11.329655069292517
40697,2.0054799390064804
40700,15.007426004182975
40702,16.436493215454078
40703,9.733600914155458
40707,26.284158949704338
40724,8.451801022052786
40726,10.99405346098406
40745,22.850000000000023
40746,22.850000000000023
40754,17.249560825801964
40755,17.672739967761963
40756,21.945463568621253
40758,18.774865767293885
40761,16.13115397180389
40762,16.13115397180389
40767,25.09367754493238
40772,9.217133497748305
40775,26.33438740961321
40777,21.657077216482534
40778,13.050544950819937
40794,17.587158792368832
40805,20.72911510164025
40808,17.691123092717966
40821,18.816871324382948
40832,22.982460683669043
40835,17.52079489635631
40842,24.0184042703973
40855,9.518029448499945
40865,14.429466939923671
40867,18.221536783442467
40870,13.929643597669388
40872,18.373644656628606
40874,14.160068113867545
40880,48.66549699847869
40891,66.57369520045725
40896,13.46999999999993
40897,18.395240734059232
40898,15.59175880347977
40909,24.350488601923054
40911,37.07882462787449
40916,16.451193589478173
40918,13.339896279973077
40928,34.766610512447734
40932,11.947468070206169
40935,25.941550387664655
40946,11.233037643605192
40951,18.867131918725818
40954,15.957337858392314
40962,22.07818105645979
40968,15.595168168016922
40973,12.10888641435204
40974,25.771769568067477
40976,39.246270192928435
40979,29.43203664906177
40985,14.332140407352828
40991,9.39050618842831
40992,20.95784880805017
40994,36.120628897640714
41000,17.53482819909075
41004,23.941669648849647
41005,19.75631520289728
41013,17.406173520472773
41021,9.049951792596055
41024,11.9113141303653
41028,15.6224958912469
41033,51.6133577772688
41038,14.93800811661197
41041,12.367420138344848
41042,10.232487675755086
41048,21.622957886652205
41049,18.712603083946817
41050,28.990617071794617
41052,12.010049414481067
41056,14.579763217040052
41058,14.579763217040052
41059,82.03296636351699
41061,26.043016676217366
41062,20.969230278007313
41069,16.062585633386984
41070,12.641290629248756
41079,10.552954464280525
41095,31.125990876864265
41096,22.66188809054944
41100,7.910817043641803
41101,7.910817043641803
41106,18.204964364959064
41109,7.452564220343005
41119,23.532250304218184
41129,18.62363763350288
41130,15.392038824480423
41134,22.32360567396261
41141,14.06777910080638
41147,8.954535288794013
41153,8.805018772752913
41163,11.213974452643559
41175,8.624587207709414
41177,21.531671662273734
41183,36.83745092990971
41193,23.733147830931713
41204,16.877026800586638
41210,9.560210161307376
41212,14.54585697085394
41219,10.157793454258616
41225,14.451912966300698
41240,17.43614473943918
41242,8.37323873924623
41243,71.80942941136908
41248,16.158411832737517
41251,12.935202340429361
41255,16.727733625436777
41256,17.830035082801643
41257,8.970699280385054
41261,11.254310938897662
41274,15.280452574090596
41275,17.712170587767762
41276,16.777544483490033
41278,23.304584567610362
41280,15.485702231175313
41284,17.30384391873892
41288,22.449451025920546
41289,10.617366202321982
41294,30.24778274197992
41302,13.495400531387906
41306,10.180322019977059
41316,16.51853892101954
41317,10.532488521362977
41322,19.667372491075003
41324,17.78427360780629
41325,14.762364613695032
41333,14.620325024695273
41334,34.28695674060976
41336,15.893528575675568
41338,27.815466434341875
41340,57.62254916721741
41346,51.1375186327848
41348,31.211280858266527
41350,17.05462096583537
41355,18.786968097034485
41361,15.131847717079651
41378,14.652504476621488
41385,15.281576936822916
41393,27.474022683078005
41400,17.97666338615261
41405,21.939020410487714
41407,8.482780449836365
41409,13.71637008466999
41412,19.396238577432726
41413,9.003081257236946
41423,20.776213101628414
41426,9.347493226900687
41433,13.706434591196007
41440,17.60000000000003
41447,27.946098549487655
41453,12.696659160430242
41454,18.259999999999945
41455,18.259999999999945
41458,18.259999999999945
41462,10.926245321916959
41465,58.17064258058117
41474,14.372534003398332
41476,30.73104967272691
41483,11.500004434164481
41485,12.196720551680265
41494,33.8901531920367
41498,38.67919288285288
41520,8.625095942714916
41524,14.189992376452143
41525,24.43306461051701
41536,15.429107134557217
41539,11.179448481503593
41545,18.10291881083914
41548,13.30675207200346
41557,20.912573075196708
41561,17.410018138431898
41564,16.9747648802445
41565,12.260994288147671
41568,17.292805099530128
41569,21.65472349274005
41582,8.636620314724029
41594,16.385983742395517
41597,17.054986385227053
41600,16.190739768428855
41603,20.484456273805325
41606,36.84505266102617
41617,18.3773901696433
41620,11.87147404857146
41633,17.462461757122714
41643,16.999530527076203
41656,29.020710657757398
41659,21.291191208934052
41667,18.692478810984525
41676,14.613964500934818
41677,14.613964500934818
41681,26.335144982452366
41686,53.730766150891604
41692,11.648946006371057
41693,25.90033269294505
41694,14.64420919205128
41701,15.404502191473266
41705,19.03282547942478
41706,13.04773245451841
41711,18.53496252610064
41717,23.200000000000014
41721,24.167930148058016
41730,17.670000000000005
41739,26.137369224272078
41740,11.02094812584733
41742,15.827334558466124
41746,21.517028634696878
41762,16.48391399823722
41765,11.984444551001125
41768,16.732534646743435
41776,12.343665651624345
41778,51.27825533788555
41781,18.77960177313516
41788,14.298187029797912
41793,16.270398906425957
41794,11.035954611660127
41797,15.232976419609756
41801,17.769216595686554
41806,8.457654376962525
41815,17.97107311673616
41816,27.755030201049994
41823,13.54016882057199
41825,16.04716390069224
41830,12.866515963137868
41831,12.866515963137868
41832,16.63690635061385
41836,18.45743635592602
41840,14.53944197921421
41844,13.68385233585315
41848,8.102830076221167
41849,37.78153161276164
41850,12.03729783323897
41853,12.094694449627983
41854,10.72145787991216
41862,25.369637638851184
41870,34.90014897853901
41873,13.90688690594467
41875,20.053219841299292
41883,15.081905401571266
41884,9.870725912396056
41889,23.146850372825085
41894,26.24999999999987
41900,15.523993075867327
41905,15.777170114917404
41910,16.607703259561784
41916,19.40700877170562
41922,9.770345352973466
41925,15.25839834940044
41936,26.899880104958672
41943,19.192818532745047
41954,14.179316242597933
41955,13.246189870602278
41961,15.356512985569342
41964,21.898129984074174
41965,15.714486643116153
41973,30.151369875238554
41977,27.716276796306474
41981,12.20324252191333
41983,10.962300330781046
41989,17.38043160432481
41995,26.878647512819388
42000,11.676468397589305
42001,14.614508756876724
42004,29.573935103628838
42006,15.548111768915895
42011,10.48983891582388
42014,17.120000000000058
42030,0.0
42035,13.23687670023415
42041,12.80659729197556
42045,26.152244725990148
42047,27.3369676554349
42049,15.64912387895454
42050,15.64912387895454
42060,30.342813076382598
42066,43.916156454587174
42078,14.773419483616879
42082,17.42056255783463
42084,11.68822405211529
42086,16.53439547697565
42087,10.236549729145185
42089,11.239999999999952
42090,15.561032034479886
42091,19.056217442335623
42092,20.360412764865877
42094,14.167187306797155
42101,7.852514532380029
42118,11.174571310016528
42125,17.828244520089516
42131,12.409130613243887
42138,17.74173093172648
42140,13.093439380943208
42143,14.721051250666509
42147,16.765144915005436
42153,38.265235412102086
42162,9.703452618297252
42165,16.48017461975404
42177,62.444564046160444
42181,23.729471351215803
42185,14.764303080890802
42190,8.79542679300564
42191,24.63529531217145
42193,16.442249144962663
42198,16.280361130997903
42199,15.520051446828976
42200,11.40047293646434
42213,15.405622369039254
42219,13.919246336006454
42228,11.177056535407694
42236,16.249254451638997
42238,7.460242018836807
42239,7.8446653458936115
42242,17.13610896043124
42250,17.47872309317076
42257,10.125828068099691
42261,18.286632596879688
42263,15.492917206985982
42266,16.630487222663508
42270,16.729747807818484
42273,18.47712510446434
42278,14.451991746165659
42287,29.42454124779359
42309,16.45574386449055
42329,17.723281900656666
42336,12.99335585013748
42340,17.755835902821023
42341,15.01113448472828
42342,15.01113448472828
42347,15.301555955263776
42357,68.88762678843555
42362,8.817975055194626
42363,73.85819490744954
42368,18.150208512142065
42374,17.600770202947288
42376,27.829139495666006
42391,28.058756328418237
42392,13.676364264667273
42394,17.096053375841226
42395,17.879704273549404
42407,18.48177990827888
42411,17.638498740712237
42414,15.897845310184046
42420,15.730318336280341
42429,121.29949310872615
42430,20.15544517227616
42443,11.094297283369805
42445,13.265589409792536
42449,19.14503923974435
42451,21.24873577503505
42456,45.49863325973264
42466,7.794042571495886
42467,10.401629012904033
42468,22.560923998762906
42472,16.514486476052234
42480,17.480000000000032
42484,17.480000000000032
42485,12.315964280800538
42486,22.090969643844367
42488,18.193382940247975
42502,19.24260505900799
42503,7.636802038141303
42513,17.477466424478617
42514,22.115369905356236
42515,19.420558553581433
42516,10.080482160234219
42520,25.73883540150692
42521,15.638467256257805
42526,14.64420919205128
42527,13.600655536948583
42531,18.628628279907772
42532,34.390058153554406
42537,15.114400419488152
42544,22.41854116277251
42551,8.949571841542083
42552,20.07117710287287
42554,19.095456642901915
42556,18.79900978575445
42567,8.953571285536027
42569,14.085643460932701
42577,19.16380099167289
42578,9.513000102916648
42581,22.1183929115867
42582,15.904167587384638
42583,16.818906435778473
42586,17.653093945110008
42592,56.36600797151451
42596,14.088368123204566
42600,14.03438043913248
42602,16.88656622830856
42611,13.440000000000062
42612,16.431322681528865
42614,15.744748725588448
42620,13.70368440363643
42621,24.42793466298683
42625,16.663944115299298
42628,12.732632267853784
42629,24.619609715137273
42633,11.136060635413992
42635,18.723406717969617
42642,18.27301452307385
42647,15.360937955870892
42653,15.102210440485955
42661,11.857011338913411
42662,11.230928575110802
42665,11.857011338913411
42667,10.281675111080036
42683,17.360234160440854
42701,13.468388407952077
42706,10.217661114203544
42707,10.217661114203544
42711,13.356526217004467
42712,21.223285466698602
42720,30.478897130686345
42721,15.096160417577675
42728,19.449360932036978
42750,10.19200512702301
42752,15.41778431595947
42755,9.43306883007536
42756,14.182942788229008
42760,17.5054163357578
42769,10.17382502772212
42774,16.96494321742994
42780,13.247367625859315
42785,17.26731004962343
42789,30.71665104996074
42792,22.546218734142315
42795,14.483391654023354
42796,16.657700340915213
42808,15.544922960018496
42816,15.8481305693013
42822,17.452433347262073
42841,7.484062527067875
42845,16.70714144898808
42866,14.380905101523002
42868,21.099969038480516
42873,21.82776603066188
42880,9.736460511083198
42885,45.71999999999985
42894,12.005538452916976
42909,9.726047567599048
42910,17.22861268760314
42912,37.201542228998385
42926,17.593911564074475
42942,14.738648163765736
42943,7.625635415559859
42945,20.288122795547768
42952,19.383246823908507
42959,20.495907767464463
42960,18.76488927356917
42962,12.27583555414252
42986,10.045233002962332
42990,15.803108763383147
43003,22.727199110223754
43005,22.08450637132621
43015,52.77255556079307
43016,15.275492247169392
43028,23.348132841701755
43031,39.36623749758116
43033,10.518003105394582
43038,15.469391590696983
43044,30.637238253231633
43047,18.836972442792224
43057,15.617808742457122
43076,15.965405184607551
43084,15.133490819850778
43086,15.133490819850778
43087,126.67818162172574
43094,9.375337268617983
43098,20.961322775002152
43099,20.961322775002152
43103,20.701517807189543
43109,16.673632851121564
43110,24.75901980197238
43111,13.817703288626825
43114,31.687020946333405
43116,17.623738195887004
43118,8.216837246443585
43128,15.999675059304558
43130,22.154873683556406
43132,30.903772822615316
43136,35.29403515470208
43139,10.575719567913195
43150,14.759736968499782
43152,19.179719749393207
43153,19.179719749393207
43155,44.41061446986647
43157,10.050867989073184
43170,8.18541226010684
43171,10.072985390285178
43173,10.62111309842284
43174,8.60254557464617
43181,14.8414043315273
43187,19.419479996472635
43188,7.32767032960678
43192,14.630929725287146
43198,70.7929404268577
43199,14.856573003313436
43200,34.61455081596337
43203,10.150569605241232
43209,33.435259016215525
43210,17.03449604368408
43215,25.642789543395104
43225,12.711513949884036
43230,13.518320812671803
43233,50.16150812968721
43236,12.81083055436191
43237,24.734034786360375
43242,10.825144752325919
43245,15.719063119184629
43250,14.128901026996036
43251,16.788923030469668
43253,27.982844634030666
43255,74.15643824838229
43257,21.681208838308912
43260,12.23153626880819
43262,26.81141811358378
43265,54.89491061174671
43274,29.742169923178043
43281,10.95999999999995
43282,12.550000000000027
43287,15.40386715890046
43296,17.715957898419028
43302,22.343137948285055
43304,14.467198654442347
43315,29.259242860763482
43316,20.231144764704784
43318,17.919725162025205
43328,18.220482560096432
43330,14.901928757238442
43353,10.447665286332146
43354,14.188518064925614
43360,15.372265074014578
43366,19.599157880248526
43368,15.183116688402368
43390,20.939079415811197
43392,14.113124655914932
43402,16.24979973716198
43403,9.510943089040392
43411,17.107574165968813
43412,21.125779202895213
43417,13.967062167496103
43418,14.872890615380932
43426,22.75903781309352
43427,22.75903781309352
43431,8.868688446823949
43434,8.868688446823949
43435,8.868688446823949
43436,17.115249260850295
43437,9.036700366139302
43439,16.84912509830559
43445,10.144203103953839
43447,12.927674292464792
43453,7.384867118223882
43458,12.050219444015296
43462,11.030955762021264
43466,12.104147598627817
43476,10.078289829759134
43482,25.4421549414628
43484,22.225778445747647
43489,29.744333840479477
43492,9.44808138548617
43505,17.994650621153674
43508,9.919334522536525
43512,5.319485424740996
43513,14.786491931910893
43516,17.197385442497282
43528,14.41678787490464
43535,11.891015720243153
43539,18.035477726491738
43542,12.08886091805493
43555,14.11486953189015
43558,31.722944210039444
43563,16.741645628628795
43565,16.127817501117338
43568,8.924978225166178
43569,13.063172336727247
43570,10.493174998477794
43580,18.728118558394346
43591,9.605392108693163
43594,12.529282113895471
43597,18.591069441177094
43599,103.44892461866004
43600,15.136435693479534
43605,43.61378740200372
43626,14.630035062986343
43629,17.971248162537947
43631,18.659357055085163
43636,19.154015362707476
43651,15.551546781595576
43653,26.542253490188557
43663,27.384989375029253
43673,15.033444692851301
43675,16.255350124631548
43676,15.239168550717682
43677,14.968663831727728
43681,47.564157211569764
43684,13.418803078544506
43685,9.939331638953194
43690,15.839067192529814
43691,14.190922446888631
43698,15.872842325036178
43699,15.872842325036178
43708,16.178999570909617
43709,16.640572937160687
43725,16.11789724724501
43726,14.096032084863223
43731,15.272696187374546
43734,17.54424331668346
43744,11.578441958940914
43745,11.578441958940914
43748,32.003385794341064
43749,12.330058545105567
43750,14.17460444181898
43756,24.153909627922115
43758,24.153909627922115
43764,24.854210034835813
43765,24.854210034835813
43770,13.064045233236625
43781,71.04244970232237
43785,32.38319609084709
43789,10.760377085153637
43791,14.613942391874167
43813,21.766540230992554
43815,24.484699435211848
43818,18.680677081982623
43825,17.50985934488127
43827,8.074831697183459
43836,7.742879527221454
43840,16.57983831699724
43848,23.480352903126978
43855,17.173959465430507
43863,18.390852818035317
43872,33.603588619438774
43879,35.36187485016181
43885,9.717459290077583
43887,32.33033346203857
43893,9.573466163015425
43894,9.573466163015425
43898,15.465000546663429
43916,13.54988356386083
43919,18.662129299139767
43923,14.42822418571416
43943,14.013319642541813
43945,26.0623492330501
43948,15.649894999735299
43950,15.267015194206127
43955,46.10527088189501
43958,14.785610791797813
43959,23.777685538847575
43964,28.23803832608689
43965,16.913532034729318
43994,8.266352601506659
44001,40.02011929946293
44003,26.786498443418722
44021,19.84815606687355
44023,18.325787587588444
44025,17.967435690828154
44029,22.327534393013703
44030,22.327534393013703
44038,24.135635825367608
44045,12.076738449734583
44064,12.602752214547014
44068,10.246503114085225
44070,9.505912929761315
44074,8.636620314724029
44075,82.80729463909778
44080,45.229880358097574
44086,17.227453294037918
44087,15.937639460862545
44092,35.40979462570279
44095,35.715387563873925
44099,11.239999999999952
44101,27.648998811928724
44102,10.977974346703016
44106,14.777693156798737
44108,22.728691619706265
44110,19.034248958715413
44121,24.750138033704292
44124,15.944642503615885
44125,44.66834053530867
44126,9.280949217591116
44127,12.09304341150047
44138,9.459092884136526
44140,15.959468907276744
44146,16.064091515408375
44148,25.421440648667055
44155,15.428781819227215
44157,13.536343090113668
44168,14.001895740287717
44176,29.137478541438846
44182,16.71742233258091
44189,21.92318319408
44193,38.063618136029156
44201,18.10068496457613
44209,29.96661358293582
44210,15.898541126062607
44222,16.21188378182172
44225,17.27810802248147
44227,16.766026547982257
44229,15.58654282461222
44232,19.681002441695735
44233,21.92399320381493
44236,42.20870568517838
44242,8.299999999999976
44244,16.38534806979269
44254,20.612198100254496
44256,20.612198100254496
44257,20.612198100254496
44262,10.03908292837391
44271,15.116690161112565
44272,15.116690161112565
44288,17.671246297475328
44292,35.92637070345914
44309,17.372806660280922
44319,18.446426351492832
44320,16.471697981260377
44325,7.564795984727633
44339,16.94289540003738
44342,12.21658890064977
44346,19.410076278440002
44352,98.50102197702867
44356,9.381324543705917
44359,13.453978863048299
44360,21.730463236106047
44364,15.98574663185828
44365,12.65038740351922
44396,15.641633858020175
44399,27.75765442680323
44409,34.034826562721115
44412,23.38189549670314
44413,16.149886898932635
44416,14.444692230905652
44419,16.510148987852766
44433,10.712204539846065
44439,7.867831853818052
44448,15.321083906766276
44454,14.407173562241427
44455,15.700348041310054
44465,31.73499309470958
44466,13.469252972583613
44475,12.279231812881907
44481,23.129293000053416
44483,10.644548216479624
44486,15.130051378744579
44487,15.257930623782755
44488,9.286346855785172
44495,17.043065660276323
44500,14.01081905880372
44502,16.35608383733139
44503,15.39102071901965
44504,28.124423141886805
44510,20.86155431568144
44523,15.458345336179946
44526,19.083263136015812
44545,13.319107485487581
44551,8.578336741413512
44553,18.255820659849753
44556,13.167055664494193
44560,9.069624578629739
44568,16.409139805288667
44570,13.42294192525175
44573,12.996925505143418
44578,15.571514175600043
44580,31.412272213863737
44581,17.75426152610515
44586,15.284352467660685
44594,8.248095276412204
44600,17.891381739455973
44608,19.747221576788114
44616,16.378669514303382
44624,14.00349457732243
44630,11.649836164964103
44632,27.100435259495313
44636,20.71168971880199
44638,38.035585566011854
44639,17.896330593142153
44643,17.129076288063935
44650,23.211255803885933
44652,9.58681011300639
44655,24.572740993590937
44664,54.57953143757969
44668,24.714519794297132
44669,14.104015534769001
44673,14.176653487809174
44675,9.561342799842217
44679,0.3537942987608251
44682,24.697517498012708
44692,14.61395921396825
44694,32.159140379805315
44695,53.325526032040685
44696,31.433365948490625
44697,31.433365948490625
44701,30.88513638975647
44705,13.47615642740324
44715,8.50537188169665
44718,15.260023975425469
44724,20.05522200570797
44739,64.96533927895516
44743,53.29492481842984
44757,9.386153591939307
44762,18.365653030794046
44767,8.12230771042163
44772,20.73030969132013
44780,31.70638587211348
44783,12.616759259011738
44785,15.818354372672356
44792,16.683888485437244
44800,39.06700542700468
44801,21.484447825676956
44802,15.018185023065659
44805,30.20788122861449
44808,11.894839336677396
44809,15.539441580372152
44825,26.286064501166454
44828,26.709135905278178
44845,25.08210529200252
44847,17.29182235921077
44848,10.269630205776158
44850,14.005863770561863
44852,15.023923364989248
44855,23.716513822194152
44857,15.137495724810908
44861,12.845117037611043
44865,7.654637064040454
44870,20.971336382930605
44876,30.72242689739693
44882,7.422396812355309
44887,28.961344152090923
44893,10.049764694005619
44897,17.33362423023629
44898,16.797332671943714
44899,15.415496898729987
44914,17.26348518959571
44918,20.844076529569104
44921,16.880633983819163
44924,20.67353774212043
44925,13.594808725434323
44927,9.712533814080846
44933,8.904155848309257
44940,31.36174265457519
44941,27.752603989926214
44950,9.675676666571835
44958,12.696529106485677
44959,13.02661188331954
44970,15.302562054389377
44971,22.649754346291008
44986,11.498880736918585
44987,16.66000000000001
44991,16.50181990187203
44992,16.50181990187203
44994,16.50181990187203
44999,12.30332699017598
45001,16.414549379041414
45002,9.721002016272843
45003,8.137505702456508
45012,31.511891267812615
45019,20.146105795142613
45020,23.845364848639782
45029,23.477149239578715
45030,18.953945021177333
45031,34.872052528085206
45040,16.089793708312374
45044,17.368213589653216
45047,12.395089333006142
45049,25.875329376190557
45059,23.422050508829855
45064,31.78700540311008
45065,18.43156323052193
45066,48.527551922364665
45071,9.374937161536879
45072,12.91062667694606
45079,7.38999999999999
45087,16.294727726632217
45089,18.688394326308387
45093,14.59131805285318
45098,10.950656376586629
45099,10.860840889859908
45101,10.860840889859908
45103,10.860840889859908
45113,14.431156840562883
45114,11.68884840407914
45115,11.68884840407914
45118,11.165828938264609
45123,16.491953068906408
45133,16.133269237636817
45134,6.5028298807946365
45143,26.11997731905661
45149,9.588398124514653
45152,15.739906935951247
45161,9.467132491937843
45168,11.469391239962006
45171,9.686355767991174
45173,23.645436358081934
45175,17.561401687479187
45177,17.490919583068944
45181,12.976944729945073
45189,14.991179062561233
45194,18.2546250012759
45202,19.688370149620493
45205,9.946250394959335
45206,42.01196867407463
45209,14.879881361583614
45215,14.371771765004233
45221,21.678005879969657
45230,14.799398430069122
45235,16.54573300670071
45239,17.074294813097474
45243,13.204676060858901
45251,30.505531320385476
45264,16.909048573515513
45265,27.606065537852952
45266,16.06796147709915
45267,13.571138329107946
45268,7.011871849936481
45270,39.82927216660357
45272,20.782701332547045
45275,14.829112407971442
45283,26.18457659841574
45286,18.972267857120148
45289,15.11528193750732
45290,33.93347111642235
45294,14.877947449498395
45295,6.28248492906446
45299,12.614660469775835
45307,20.31949266584391
45314,11.028109824910779
45315,13.44525054251862
45318,13.538451831575872
45324,8.237524316645462
45329,16.111386749922715
45333,13.617357647807829
45335,15.466739262935679
45346,16.65660532972287
45353,9.297953670432543
45354,23.645533850055905
45360,15.306904197758438
45364,18.674126044160257
45372,12.05703243766396
45386,31.09475780954402
45396,6.811900234593247
45399,12.348021066100198
45405,27.87681552074473
45410,11.709759971240912
45412,11.709759971240912
45413,11.709759971240912
45414,11.709759971240912
45421,21.31251939356917
45437,8.362408695413448
45440,33.22046523182191
45443,16.789802888349083
45445,40.304825850668664
45453,9.706313396894334
45455,12.213966981324933
45468,21.93332478376172
45470,15.421842726175168
45471,13.551622095362651
45473,15.016598083299332
45475,9.795057557095879
45479,4.287153566365734
45490,18.016067267633474
45492,8.00473982974847
45493,14.17460444181898
45494,14.17460444181898
45495,10.699893182568639
45500,13.281652708774462
45512,9.748712585441435
45516,21.703636396871257
45520,11.833605862966268
45531,14.312576021955724
45534,23.03714812085208
45540,17.722598384264156
45543,9.900000000000029
45547,13.249529538652693
45555,15.299120198948238
45556,8.189241715621286
45557,14.440419358943936
45568,12.360196045469165
45570,19.06586833215498
45571,42.56642253370166
45573,9.553788297781205
45576,15.233815210212608
45581,14.690885241303345
45584,13.029596771904071
45586,19.24830753768025
45587,16.665174477372943
45588,13.129686493835955
45612,19.06100940773289
45623,31.25851310474757
45636,17.428611514801542
45643,16.028915795940822
45651,17.97987328017666
45654,16.113449086430887
45661,18.400740077452674
45666,13.200823747038706
45667,12.708208180401842
45674,18.714201496438932
45677,16.502643202191948
45685,29.023992723858942
45693,22.42834133051933
45696,13.970331888529879
45699,13.15801268515598
45708,15.291797641741297
45711,20.391435691675834
45715,16.310972194130247
45717,88.27512302344412
45721,8.984497705881406
45734,6.28248492906446
45740,15.529990045901208
45743,9.380626392966747
45760,22.68928300120255
45761,22.68928300120255
45766,20.886876323995796
45775,126.90960803588463
45791,8.934630431859876
45797,11.372038308876219
45798,8.591375712441476
45804,9.128403811134941
45813,14.646106552630844
45814,16.32298608362292
45815,16.32298608362292
45817,21.79913527429626
45818,23.837073630829185
45819,13.43948945074218
45820,10.877588366915978
45821,40.17863558072349
45833,14.093987656900296
45838,19.808779343778454
45841,37.871887131176194
45842,11.238675709066044
45847,56.45033443404335
45848,18.28629610271239
45854,15.476912539758573
45855,15.17774345072505
45865,16.398562245835965
45898,16.869709127828926
45905,8.258553846479542
45909,16.779761778529735
45912,21.203896873977026
45922,18.704747229037782
45936,12.1322302370709
45941,17.70901044034304
45942,33.85309677461585
45944,25.66282900852774
45950,17.128437295251867
45956,17.84496021003541
45962,26.22898701678341
45963,16.420722452478596
45970,13.79356080878824
45975,23.68113279670007
45984,13.227454698420848
45987,20.477750500857145
45988,22.849078986341617
45991,11.972981601029923
45998,14.315338606501854
46007,17.08391788275124
46010,14.72218297485322
46018,11.395134834709824
46031,16.41790245894916
46032,14.20213656561405
46033,14.982385320935753
46034,25.051144037653795
46044,10.428562961258512
46046,18.868672342996483
46051,18.599531906403833
46056,13.969876466939644
46080,8.886351596666715
46081,13.647032676809209
46087,16.51392335779489
46093,19.041886235508294
46097,29.42926121501142
46102,24.152361490511655
46113,12.331919393154951
46117,29.582211528814714
46122,26.05563707616451
46123,48.15400229469659
46127,10.324013573143896
46132,15.479996349945942
46137,11.382743145535029
46143,17.67000000000002
46151,14.895055697272765
46152,15.027186472182525
46154,11.004385369059989
46159,14.005508834481097
46167,13.713506332491407
46169,19.146243399646764
46175,16.708334285877534
46179,21.109940460550785
46180,45.03628872929079
46185,16.916035457013443
46186,12.585046570665131
46196,8.672374412607828
46199,67.2131752588223
46202,24.841747912179514
46203,17.417799805372294
46206,22.65457407710154
46210,28.159193323776275
46218,15.305139410909256
46227,16.670319903010405
46230,16.573258484396874
46231,18.490779281358776
46232,18.490779281358776
46234,25.26173479994959
46235,13.243264506394924
46251,8.265440822368365
46253,7.808894073949315
46259,39.4436111001548
46270,18.247807439430087
46271,14.684252567304668
46278,15.853823002118993
46283,15.608072604179018
46286,18.72613626116913
46297,38.6493780872044
46298,21.29626820299754
46303,14.352561079090995
46310,11.315561991235978
46316,18.067225842261305
46323,28.103379420599556
46334,12.990608668561709
46336,17.733082450010848
46337,11.286949523237023
46348,13.486245229316019
46353,8.804420903062269
46354,8.185682679824634
46358,13.822907363291629
46359,13.950129725295403
46363,9.826787000041888
46367,31.81992036188157
46375,18.900433851770675
46376,12.17722869337115
46378,22.58382412668197
46383,21.950605885176085
46384,11.91596314887325
46388,22.821421068598152
46392,15.25056997436376
46394,10.337116803090954
46414,46.77392499764885
46419,18.030421627632034
46423,74.44294562340578
46434,19.715958646186664
46437,12.662739402023488
46438,16.273040378637088
46441,21.87840287346242
46449,14.569059507472273
46453,15.88702423950852
46458,17.67000000000002
46463,18.81346275648231
46470,15.512033683851058
46473,13.078879330542263
46477,19.036437345557832
46478,9.235560925503348
46485,17.06261884973416
46495,11.952907542567706
46508,15.334318154124531
46516,25.54160609265254
46517,7.935322530633579
46523,26.3726451806471
46527,12.318061050618837
46535,13.966739359043386
46536,16.793606543619262
46543,31.46166434508641
46544,15.313856050253513
46545,15.313856050253513
46547,12.31382186925022
46551,11.999167823891554
46558,16.75108314694109
46559,11.375190956045598
46560,17.173814283350122
46564,9.330593359868773
46576,25.425228235952588
46582,22.64211349634785
46583,17.17928508505211
46586,16.303889157383292
46589,17.02322933084012
46600,15.673941593550907
46605,9.45923747638488
46621,15.187308684925519
46622,10.533935332248717
46623,20.312862744565003
46624,18.436750891885154
46627,19.05499948182618
46634,12.964506413162853
46638,21.057493195805684
46644,7.534250399513725
46654,9.613846829588216
46659,13.130713844432565
46668,13.885699942271156
46669,14.589983178475933
46686,7.967218182110916
46689,15.687904808109781
46691,16.4568950076813
46696,38.53404912897675
46697,38.53404912897675
46706,50.929130750007786
46710,20.40997354619208
46712,32.99380091123619
46713,12.675452275192615
46714,8.347561275082247
46717,7.593053677972904
46722,22.640390096121056
46728,17.788678605343062
46729,20.521698106667838
46744,9.025747151862996
46746,17.604363230763443
46750,38.44279709824776
46753,18.187391691327292
46756,16.50463679907849
46760,13.403596155041514
46766,21.953908625373117
46767,27.093487959829304
46778,27.48739069339119
46781,37.20058090553202
46786,16.80558506441721
46794,12.779452785738725
46796,24.63459416367516
46802,16.885144171811994
46820,12.824585427351948
46827,24.091449261111425
46832,26.730421897483456
46843,14.08201965816539
46847,19.953957747100663
46859,15.076624036245594
46862,8.810212929813337
46864,8.810212929813337
46866,9.920256557594154
46867,9.920256557594154
46872,13.068010558242655
46875,7.662630497792616
46880,13.214766607543648
46886,15.886807678762178
46889,0.3784898007546651
46896,8.720648503707064
46898,15.272947559076378
46901,29.84880769498045
46902,7.490466224999343
46907,14.804719599155998
46914,9.904579899096342
46915,10.71393906533189
46921,9.097447962878567
46927,13.374885640813673
46959,12.228771398258845
46961,10.824984464497032
46964,17.66649177791944
46980,13.558329098876202
46983,23.198591423364164
46984,10.218543474403477
46992,35.87057082027487
46994,9.16361291570141
46995,16.982624601700074
47002,12.065104191754807
47005,13.683728884162438
47015,12.525937522530622
47019,12.088571855050839
47029,18.35884082841835
47044,25.526789974467444
47048,19.218767496573257
47053,14.200422848160633
47075,19.622419769782557
47077,14.847017480575731
47078,15.116378667516212
47080,11.449307316922146
47083,33.37571845931811
47090,9.792763893893138
47100,38.54212732705244
47103,9.572205864903601
47113,8.313202895340416
47114,8.313202895340416
47121,10.169806390540534
47127,20.167672473101327
47129,31.094593370742388
47132,15.13858765799485
47135,17.696482781374577
47150,148.12395314874507
47156,17.814686438523193
47160,16.132007047727882
47163,11.478581946580874
47167,14.907951005199024
47180,15.110052693240878
47187,14.911832337551205
47188,15.724538342405769
47195,11.668220160316837
47203,12.328392783441283
47209,16.687719195580378
47217,16.614802909668082
47228,17.40246976655254
47236,18.508631795730224
47239,13.952304040982288
47245,8.933640365986962
47246,15.073075106099491
47247,48.20956129744094
47249,15.699243999005745
47257,20.2831178039657
47260,9.926110587993737
47262,23.34212200726969
47273,22.729748942807625
47275,9.112255945225037
47279,8.131041560357886
47286,14.923432478453181
47289,42.12227719513339
47291,17.281808895699303
47295,19.802738186562838
47296,13.017180330776178
47297,30.346567956735647
47299,16.592283290470736
47300,14.153283373666866
47303,15.523985199480578
47306,19.95152824566607
47308,28.89290401491393
47317,83.03980442429184
47324,17.342128978933445
47326,15.153571375255353
47327,16.745663074171357
47330,12.464949092517971
47331,10.589589447326077
47336,23.59983688592062
47337,27.583211167976565
47340,17.462852608322667
47348,10.182208563329912
47349,13.512603695888535
47356,16.506102427813236
47357,15.286464027076779
47358,16.682425624518476
47367,12.689999999999937
47379,14.401041354668587
47384,19.923571595142203
47386,5.3929126339830225
47393,12.734972137693703
47399,19.882027170757368
47401,15.822817921962198
47402,15.669413220166678
47405,8.98581345696114
47408,11.910395219918382
47412,25.812717601279388
47416,14.568895659488359
47422,10.646670206236664
47424,31.718202448741557
47431,20.192065508148577
47433,20.248043894808017
47434,14.943023103360588
47436,18.065986883258745
47439,12.28346744388118
47447,10.695336011362468
47448,18.40883151475912
47452,8.893252786024904
47455,11.337730455821077
47459,17.568235200753165
47462,26.049973099465937
47463,20.682010063291237
47474,13.390095081581784
47494,17.62678140800131
47496,9.466517151249274
47497,20.170971270329392
47506,16.943720508783954
47508,16.851103196377473
47511,18.133083837599756
47515,17.226819473282895
47516,31.500692665643363
47520,16.968499148153306
47522,7.684673573353459
47524,18.39229272154572
47530,9.848661977536752
47531,13.181723444870391
47545,9.227188714551579
47547,8.70807219408392
47551,21.49391007183532
47552,17.473138853443942
47556,17.703904537461547
47558,16.139628165189546
47564,20.038924740937407
47565,8.490970406682061
47570,17.795379633392468
47583,16.62802177341444
47590,9.247533781840437
47594,51.48997754018561
47596,18.677997754413383
47598,16.737647018969465
47601,24.87441052752033
47604,25.66282900852774
47611,19.179757816675227
47612,24.687174687572178
47616,13.732961570234108
47617,13.732961570234108
47619,21.23882202579848
47630,22.98
47631,22.98
47643,16.309069491697326
47651,45.22484716410083
47662,65.15094511493217
47672,14.007670001161731
47679,33.38859700515891
47681,21.159779220962367
47686,16.451158156550974
47690,10.73586671292112
47693,13.824873500202495
47698,28.39228654628034
47700,15.676967115707637
47701,21.34551721749286
47704,12.972080686335147
47706,16.927820943737093
47708,15.652564833713782
47709,27.289310270630917
47710,11.451422520396312
47716,17.665725458680214
47719,17.261608780027704
47721,48.89853080415076
47722,8.566040060582628
47725,14.39171843109204
47728,20.790599706503702
47734,12.616378896862004
47736,17.70058218051445
47739,7.603354827169634
47748,9.125327920196698
47750,19.687872456088503
47752,11.133772371990336
47757,8.675273438906604
47760,22.50638204716869
47766,12.538769314990683
47769,32.56826546377828
47770,20.670103791235313
47774,15.602956852651797
47777,22.84988714338095
47779,14.043736296328559
47780,26.666885871617183
47781,11.564322566579646
47782,20.98218341413784
47786,14.861505932221691
47787,8.875701808385694
47797,15.357517184664015
47802,10.973565830799274
47813,10.066716821687805
47814,15.77938217917131
47819,33.973291166098804
47821,15.7280460140556
47822,19.48452125463267
47825,22.391974695815968
47830,21.789774424520314
47834,72.40910335060126
47835,14.884626059035941
47840,19.274443392917036
47841,11.738522676078352
47842,12.437137698038516
47844,14.456504670047304
47847,19.522127605967256
47863,8.229693605971164
47865,16.300905521714746
47868,16.960000000000008
47883,35.04086547114888
47885,10.782350180721824
47887,13.88620327037219
47889,15.517305357867578
47897,21.78471454059491
47900,14.06382463357729
47917,13.531598326086083
47925,16.95855041339617
47926,16.942987305701656
47929,27.308526253619156
47937,19.429503274015104
47946,12.049087136742013
47949,54.26293082351945
47951,13.364908068157987
47952,17.348076746367333
47963,15.125982927862825
47964,32.5708642459538
47974,17.101448300262266
47977,24.662307774841768
47978,15.210544596469106
48008,22.14664287262474
48011,54.77901204824383
48021,33.37413334328716
48028,14.20213656561405
48033,9.49638807790352
48034,8.44247095392365
48035,17.03409809921926
48039,8.005633773310695
48042,36.004692105185086
48044,15.799719264637666
48046,21.193207080972705
48060,17.308829662867648
48066,38.78636599513387
48072,11.872469953385504
48076,10.432273816905337
48080,16.803496425184534
48088,16.827590454880593
48091,7.892308338382595
48095,9.138516522288953
48096,15.672283012776614
48099,12.760217953876964
48104,8.621255119778638
48105,17.665265037295605
48106,38.9103117657535
48107,25.34487251868764
48110,21.471173770692687
48113,13.862933849862689
48120,7.978190590583926
48128,7.222551287747482
48132,15.262291829175279
48147,15.161491589619015
48160,15.187836441237486
48163,44.71917823819376
48165,15.463053884578034
48175,11.76947578763534
48181,15.251141118395552
48182,14.049443754916359
48188,16.931583919570567
48190,24.429733672722307
48202,17.654247640656592
48204,18.116429627836954
48206,9.695493052277827
48217,11.54809323123126
48218,8.223184484312911
48220,14.431085234866112
48233,14.22765252985046
48235,17.750000000000064
48240,9.487501012209734
48245,18.11373914582448
48248,15.29698489457887
48255,12.251492803602273
48264,102.88405091232039
48267,34.69660933901063
48269,15.981845643244128
48278,24.101134766579566
48283,22.422159008898632
48287,18.94453943064048
48310,16.264990587371983
48316,59.81106730092168
48319,18.755636267952937
48331,19.2186442916725
48334,19.088706412091057
48340,15.725253834702347
48354,10.31943199754355
48364,10.638370778824328
48378,19.161620632687605
48381,21.289225336285494
48384,16.05731476530997
48389,16.420279078905235
48395,44.38236123010464
48396,14.549738818184439
48406,25.324291466992452
48408,30.37597331734059
48410,26.803355030051797
48427,15.127598787885972
48428,69.58628522437968
48432,16.95104235142257
48435,21.49538486370083
48436,15.610112524538504
48437,18.03421289697133
48439,8.422038614101073
48440,15.641850034599958
48442,11.35593925307758
48448,8.510370664052635
48450,28.90033645631903
48453,15.197360210953597
48455,15.635207060533272
48457,8.300177574665009
48460,16.735163672942836
48462,45.291824808944135
48463,9.144296533214463
48470,15.036697292444856
48477,26.597298063356117
48481,17.637295520423418
48482,18.106929032121908
48495,19.52154550274502
48498,14.392355223076079
48504,10.328596287391226
48509,16.734486126109513
48519,12.685191256992864
48520,12.685191256992864
48525,17.080587518420046
48534,12.786993635534326
48542,16.102217433493212
48543,14.339057474121494
48544,14.572519273566662
48546,15.533639656100789
48551,16.49840021090278
48558,13.513170850937605
48577,19.96897065213411
48585,15.772372448251723
48586,12.99102247908701
48588,20.956978011550085
48598,26.808659650670428
48602,19.899955528453738
48607,19.193930627980198
48609,19.41038764825724
48612,14.249023955375916
48616,23.676255544031722
48618,17.683317447301054
48619,17.093482307008152
48622,15.601409356506998
48632,13.741043520548283
48634,24.222763677938456
48636,18.318294845989033
48638,11.804995985554799
48641,15.878613550526143
48653,64.50793013746905
48654,13.768053206012347
48659,16.718344117236878
48668,24.97909359288338
48670,38.85139978405952
48671,16.090951770487518
48683,34.540204100632145
48685,15.050884862957336
48692,19.93938777022203
48694,16.415541778366816
48698,37.80592661451269
48707,13.749900446222346
48708,13.749900446222346
48715,13.370000000000058
48716,4.649642197526855
48721,18.402202984044212
48725,47.16155088379488
48726,14.621818424159336
48728,19.411981612647683
48729,19.411981612647683
48735,27.74317456690153
48736,19.97331524659499
48749,8.017257646077624
48758,17.459506585906507
48764,10.533041120866967
48769,17.798976917532617
48773,8.517874532546161
48775,16.763486830212138
48776,28.714990872430533
48781,15.36377796871426
48791,7.74208723346473
48792,18.721769490912287
48803,17.470461390271467
48806,9.698022806352439
48808,25.347714935340466
48809,25.347714935340466
48812,62.86875589826508
48815,16.261331422687462
48818,9.162109477849842
48829,15.518009529843866
48833,23.99024675071262
48871,26.351730438723852
48876,8.195885154891483
48882,17.36972640722046
48890,17.86684572854754
48907,8.222894315763162
48915,19.2894487211323
48920,16.717067182441532
48938,10.376209037767104
48944,14.692817379533377
48945,18.14163721598973
48951,19.203903942013742
48966,10.196939849156738
48972,13.556556609883486
48980,11.293177714386395
48985,16.19644006699704
48986,16.45025490684116
48988,11.87766600873187
48993,17.729196840256158
48996,23.256154332727238
49000,9.307713299902185
49001,16.287350081823064
49003,12.77834471506666
49004,12.77834471506666
49009,16.16969768000692
49012,28.79946082047424
49017,12.9511715361653
49019,14.446111316332996
49023,18.577719991301333
49027,14.663746541192214
49028,14.663746541192214
49030,18.686577550182765
49033,17.46242474613626
49044,8.549911049848578
49047,15.735270530518239
49062,20.044531450929167
49066,15.717989515122987
49085,28.78107662475127
49086,18.999909597494053
49091,30.272741498203484
49100,12.402394834742418
49102,15.247559965986834
49108,15.7941938258855
49109,14.857885314858981
49112,16.97791847662234
49114,20.331610303986093
49116,20.55284255806863
49135,15.757585764702892
49137,16.878789630280906
49144,13.637525350707334
49145,15.381160426908064
49149,7.407115924694297
49155,17.016588663273488
49157,14.287539149324198
49158,15.766328144990737
49162,14.232232184519683
49172,11.638487386998268
49175,17.661040661974404
49178,20.64652387640944
49194,67.22359978962469
49217,16.590932197722523
49220,9.565682593801391
49224,13.847153712248074
49230,14.229841867056235
49232,28.708607213705843
49237,19.812833435478318
49244,33.812411042590014
49246,21.50874671667099
49249,17.1740468418219
49256,10.405344471998882
49260,17.670000000000005
49274,30.433548249073095
49286,14.86011082515127
49303,8.621991465121777
49314,15.982580972730577
49319,13.580646458457629
49323,11.104322596610874
49326,12.623083509595714
49327,9.287490487718497
49331,18.8537696377624
49339,25.239706181714897
49347,16.902923625473466
49349,0.0
49373,15.169026598238109
49375,12.696459210240954
49376,29.80014036631664
49377,8.377268587040636
49385,20.258103630048385
49388,34.478940678085486
49390,20.041170990101246
49391,9.779116663408763
49402,15.118555667983312
49415,14.741038073972184
49418,17.881405334062464
49437,28.37712138131981
49438,16.838550283711218
49445,50.21393839019749
49455,16.51944732899303
49460,13.406137880287558
49462,13.406137880287558
49468,13.188937039702662
49480,34.24732519828656
49486,12.694048294659996
49492,17.117839648980162
49499,15.154838901671233
49505,18.262223352146275
49513,68.4299195396869
49516,12.528521166582536
49522,16.704439295627733
49526,114.24344897198529
49531,14.139920225517505
49537,27.15150283139249
49561,31.651969096563477
49562,11.574513973397343
49568,12.764134405836009
49572,26.991032577512474
49575,17.493745554669484
49585,20.720198163789384
49592,14.814576151115709
49593,21.570734267043633
49595,16.02227213476385
49605,11.95892578318679
49611,125.85831213636774
49612,37.628245876564506
49614,14.760238735421508
49615,15.238346335063088
49621,22.270075860208813
49633,13.780318913683827
49647,16.853388074834015
49653,9.707688561990105
49654,20.768468735557445
49656,15.764172359726686
49660,9.038400389628869
49662,25.692727612484923
49667,17.020800930380496
49670,18.11687843498181
49671,17.126189858811617
49686,17.169398015371563
49690,14.85494643036431
49695,40.908979722680925
49719,13.234680246571111
49722,16.179560728898714
49729,15.922858673072458
49732,18.916993449532303
49734,12.802471012387052
49752,16.740800477689394
49753,20.19446159516345
49757,18.142711267905096
49758,32.26216442271726
49760,44.83978146290212
49761,44.83978146290212
49769,9.106117742198114
49770,11.940302084777766
49778,15.481798991367455
49782,15.731846199626606
49785,20.182558946406264
49787,119.26030312135589
49789,16.954748555322464
49791,14.933265047661903
49805,10.364596117062602
49807,11.370492570678817
49809,15.575927618479085
49810,10.974006265412664
49829,13.800104450679052
49833,17.343279889703886
49834,9.36132962280025
49844,19.65999999999992
49848,15.94799832466164
49855,15.370227946342446
49863,39.93453052132263
49878,27.828707374724274
49880,15.248135088543552
49893,27.493210691279348
49899,17.674590003505767
49900,8.056374500342583
49914,14.058560188539975
49917,10.672272813477031
49933,20.708341995106373
49935,16.977080824000055
49940,9.52026135223408
49943,23.330149040456092
49949,12.866515963137868
49963,17.78983864616906
49966,17.235392172844865
49971,19.86919073687277
49977,41.48956820705787
49983,14.154644517521167
49999,7.38999999999999
50000,16.969370601037994
50010,33.046835580368416
50032,7.38999999999999
50034,14.543309820340049
50053,12.490106310773397
50064,17.34970665522672
50066,16.19442881795004
50067,17.070062897120906
50069,9.006724205243442
50070,23.03788473274559
50072,20.957404595544514
50078,8.49181357933938
50079,15.72002139190245
50082,24.20301290256518
50084,13.089251771265456
50086,16.54781134143954
50088,13.419217066667414
50089,22.30942627476106
50090,19.566331444120507
50092,20.09747351623634
50097,40.138837169134014
50099,76.50000000000021
50102,40.138837169134014
50109,13.149976378412346
50117,16.31152098382461
50127,7.780000000000003
50128,18.469714692451465
50139,16.406134225587365
50157,18.265606881302688
50164,15.416329803840718
50165,16.2783617957369
50169,16.531195524802417
50178,14.601814635177293
50182,21.649872897927267
50191,7.585933188489154
50210,8.044060031898505
50213,9.736209573237494
50214,18.053012383092856
50217,17.556717333210877
50219,15.817719284736285
50220,27.696043935061496
50222,34.75817043936591
50229,12.92803121857528
50233,30.136696916908594
50235,8.74260395028006
50238,15.822759419036014
50241,18.236931108824848
50244,26.934154522101444
50246,15.154531929002385
50250,11.76104288969609
50256,13.921572319861282
50258,21.514382175963004
50264,15.729905469042002
50269,9.360691256462824
50271,8.230828586050249
50274,14.495048835360144
50283,22.50336558361842
50285,17.437649623500253
50290,26.208736880496318
50291,32.11982916130829
50292,17.154007156297872
50294,16.862536063769767
50297,15.153771105111367
50301,24.042684342128503
50312,14.810359287868673
50315,15.645736234322367
50321,24.948884795204624
50324,13.649676463244049
50331,17.76111495046498
50339,10.367423615264684
50340,17.978281365089142
50350,18.77416221517097
50353,15.908122957905565
50367,18.275904073159168
50371,14.792458235925825
50372,12.245717867687882
50377,15.871891805256006
50381,19.151499046249132
50387,24.267472701564905
50390,19.763671984724702
50394,17.60000000000003
50423,16.239536459658517
50429,20.66014606738667
50432,17.624637184842257
50438,19.533360282427708
50439,11.795025633057044
50454,20.51012527867347
50460,8.049307112272581
50463,18.119233383704344
50465,12.18094234480212
50468,9.314453891867139
50482,21.039225003338384
50484,24.72648527472124
50489,11.92574637906102
50499,18.599788619331413
50500,9.63837600651513
50501,16.709883282810193
50502,16.956449915550046
50503,10.323966431194844
50504,29.312311365586055
50505,11.150619877239773
50506,22.488415648400135
50516,15.137463546957477
50519,14.764025855393529
50523,42.598393702344524
50526,8.835364169186137
50527,19.883639095760113
50529,12.128161762163732
50535,9.6286826921608
50541,6.182955572474162
50542,10.95472247178314
50543,21.568755451230643
50545,12.620612792124911
50549,20.26337162286463
50559,35.296648598944024
50560,17.938447532467215
50565,14.10321521945111
50566,14.447343391505571
50567,16.67778577354676
50572,30.297832824977142
50578,14.443740510110592
50587,9.891401327899924
50599,18.989302915706357
50600,25.330824520388273
50601,16.18269927481216
50602,10.228990270441225
50608,14.776817575543905
50613,15.775279805947775
50615,17.670000000000005
50617,13.988823511893257
50620,10.166533117308065
50628,15.301933517989845
50629,39.73885905158979
50631,19.051240531421353
50638,34.20167149476644
50644,13.777764827062795
50645,16.660312728114178
50646,24.9372058401843
50654,17.872591262809355
50656,22.10631861534789
50665,10.72192732772153
50669,9.793897270836501
50679,18.792381957192177
50684,24.687839096976333
50685,8.828743705954672
50686,19.52473940319809
50689,21.31877018097848
50693,36.67852098193202
50704,16.869461440773616
50708,15.694224847804367
50715,23.117053875308276
50721,17.604493783445694
50722,14.169230094259788
50723,14.169230094259788
50731,14.102031825602918
50733,0.390571969305164
50734,36.441529799463595
50735,19.941613063475135
50736,17.50754681466639
50740,32.95571946084599
50741,15.801702162527452
50742,24.192228869942408
50745,17.064386632797213
50746,19.761734312765707
50749,15.118378414878975
50751,24.30393945923577
50758,16.943422023064777
50763,25.17079158508704
50767,19.35942929451435
50770,29.15912549150395
50778,19.4642008320733
50785,8.3068530422431
50799,17.72406106828421
50802,42.62903245358708
50807,15.199147741033698
50811,31.13487847315438
50813,14.865476178083627
50824,17.03268549786028
50825,17.03268549786028
50828,48.63288732037922
50835,21.2197804176154
50848,8.542685961015897
50857,17.53245942202027
50858,15.913966111321539
50866,15.557742201616684
50880,8.778446727718773
50882,8.885796271635739
50883,8.885796271635739
50894,29.005741607465044
50896,20.868684524081573
50899,15.324789058223924
50900,13.00081523534353
50905,22.857427691245768
50915,13.38345667036359
50916,13.38345667036359
50920,13.38345667036359
50922,13.38345667036359
50924,13.38345667036359
50928,15.375664597827907
50931,18.05183987648492
50937,129.71736263431848
50950,25.597413496446865
50959,13.440000000000062
50960,27.936578797650238
50972,13.627524556611034
50979,16.860737331844586
50980,17.10508761430837
50987,16.974613787931343
50988,16.974613787931343
50994,13.149976378412346
50996,20.04487599275935
51005,12.383177730990791
51010,14.902504960103531
51013,10.055895267102107
51014,17.598691843895196
51017,22.415521018328537
51022,9.486496638696039
51026,7.437371942802443
51032,22.21222833961067
51034,13.991755193335452
51038,14.179781604127061
51052,14.278171517648751
51055,28.748653950532237
51056,29.365020264899343
51058,15.657724864794613
51060,15.657724864794613
51063,17.609203317952996
51076,14.716462966181597
51080,9.082165442789707
51083,8.720590315811656
51085,16.847838983837512
51093,14.483404844329598
51094,14.483404844329598
51105,32.01954193659589
51116,8.142703466336052
51124,20.72973807652067
51130,17.559438275311148
51136,9.917616432940033
51137,9.922714916809827
51141,18.192886454328306
51142,17.06831953094164
51154,28.29970847912628
51158,16.161296745444776
51161,17.64654612871432
51162,16.481665070589802
51165,9.400214125184002
51166,9.963085840403034
51173,15.90396288396812
51175,11.564205879435054
51176,12.886005598610577
51177,16.467343259288565
51181,27.546340644941868
51186,15.163025994546079
51190,11.346044009325764
51192,20.918030680026217
51211,9.97977150123646
51212,13.950656631679669
51222,14.135983885913506
51232,20.107074080001784
51249,19.904100242741865
51250,19.904100242741865
51251,19.904100242741865
51269,13.343977680780593
51271,20.589665174144624
51272,28.84658571634275
51275,21.310649129963323
51277,18.018254868948087
51280,36.09781836053459
51284,23.620580144774294
51292,16.70279178280808
51295,16.19146366989581
51298,28.820410914825796
51301,15.033592748626795
51303,15.272334148179365
51322,8.42448337122738
51328,11.538898773424279
51335,22.812859159585567
51337,33.66772011008556
51340,30.234598837061693
51348,33.75488069203756
51352,12.080680878566778
51355,16.06663747335425
51361,12.689999999999937
51367,9.336394124769564
51368,18.093644586874387
51372,17.56798470649772
51376,13.388628320533432
51386,35.29970363275535
51387,30.336573629307956
51399,9.316125822436113
51403,15.690899859873507
51405,16.339902086023535
51406,16.61701023466679
51408,18.649999999999977
51410,21.476278930476155
51415,12.613470170827354
51416,39.15808983337984
51417,18.715605799867326
51429,24.59461755971477
51434,23.754877143408457
51436,11.722264544271555
51439,14.88734140557619
51442,9.038870458315976
51445,29.28825590969142
51448,25.789644587501748
51451,19.366176817224826
51452,19.727017968733865
51454,17.766352168168098
51457,35.081284743444485
51463,16.74071370935823
51464,16.31151629825453
51468,10.996731725467816
51471,7.529191773548515
51472,13.754930287391335
51482,37.86721943073285
51484,19.396326278906763
51485,25.477091824641153
51487,20.87377864887711
51489,23.109517637896047
51495,19.89031559154076
51498,29.293078283848935
51503,15.015820956212895
51507,19.529643545935453
51510,16.383746155344326
51511,41.60253324010358
51519,33.37387488548397
51528,19.696983562311683
51531,14.940152351821704
51535,17.511736728848895
51542,21.93095800394092
51549,30.703765283668297
51551,16.392501314305697
51554,13.360968467700769
51555,13.360968467700769
51556,26.176041405048622
51559,16.964821873141428
51562,19.166536395056536
51566,8.893592010522987
51569,24.89677473547106
51571,7.860676477904242
51578,14.625740097122668
51581,21.613702417378974
51583,16.00311204053491
51584,19.02647736302237
51588,14.151186814720315
51591,13.32326452360104
51594,31.873466149631653
51595,22.474692815425794
51601,15.4167965028244
51602,15.012253693330532
51610,16.360007119206365
51621,14.450399488257267
51622,16.922276370125985
51626,13.880405233685938
51641,24.46165334991934
51643,15.131285721708277
51644,12.559273913619272
51646,16.59903293738388
51649,6.803336470534804
51657,12.580374599010057
51665,12.482595837176477
51669,64.60089951456892
51673,15.238077494334863
51675,14.83639123429726
51677,14.412889135883074
51683,18.458066011901217
51684,14.009458167033568
51687,20.10958162929367
51689,16.560404188212736
51690,9.94312626430502
51694,10.941448216054974
51695,21.098558072667178
51699,12.267926137849269
51702,18.349183216147168
51703,14.420010236622264
51710,15.090361852035318
51711,11.447220848047508
51712,15.99243863719964
51732,19.51599527050912
51740,14.487538148308444
51741,14.94076989761218
51757,9.241635719707917
51762,15.99785991430625
51777,15.091902517820177
51780,8.240877438418241
51787,18.435391934684006
51799,17.565378495314082
51805,6.051615713124088
51813,16.068841216038294
51814,12.278329206116219
51815,22.95722930360275
51821,22.144562985153794
51829,94.33047162959949
51830,41.71980295974967
51831,11.377913162588463
51834,14.42614582193521
51835,15.359625266890433
51839,115.80601419141742
51842,59.232552277608896
51845,12.572443912807842
51865,24.98234607369035
51876,54.91581114775601
51880,11.513513661574894
51885,12.70244892602111
51898,21.11897158430006
51900,13.341669617228062
51907,26.153173558454732
51912,28.290426165400397
51915,19.88016513307421
51918,53.51992793791188
51919,18.64848464664269
51920,16.138219697535604
51924,16.201625825463392
51927,15.237716602757118
51928,15.752124656318422
51929,24.224557915541293
51932,17.80681910514784
51934,19.503310098539266
51936,19.837833495562755
51938,11.24644221614062
51940,13.836132061748962
51948,14.734053735461828
51952,16.27010316169734
51953,16.78482974100595
51965,11.717294588871107
51985,30.92585990432643
51992,9.229450187885718
51995,49.40392785196316
51997,16.97208607256032
51998,32.15608567917382
52001,17.107296996211296
52014,8.751522456954149
52019,17.590444158858855
52022,9.720312916163754
52025,9.83128284649884
52026,11.238191863375018
52027,10.346824340974177
52029,21.580413092039187
52038,34.24403177751896
52054,16.056307995602754
52055,18.714784992886386
52061,10.342236650257853
52071,16.67354076091609
52073,12.141130760159927
52081,22.57037849220069
52086,18.147662756373098
52094,17.593053260353276
52097,23.42614343617561
52098,7.820381548141597
52120,22.07248960731549
52122,8.909999999999998
52123,14.938969435238896
52124,21.185412572110145
52127,14.324028480212322
52130,9.594387266694012
52134,11.98657174078645
52135,84.9920469101826
52137,16.040563185074696
52147,20.80363658539469
52151,13.713489402167392
52159,17.982868126836202
52165,19.62194275337601
52172,15.971585511188668
52180,17.201675451316532
52187,29.43722881093494
52200,23.149453952306427
52201,16.54281969139508
52203,15.7999295537367
52217,6.311017291851274
52218,17.22058074402138
52241,23.10221168790486
52244,33.28732261778997
52247,29.447861795053825
52268,17.788968060791305
52269,10.541052838546939
52276,9.269999999999964
52277,9.269999999999964
52282,4.233622213508118
52291,71.18112877703636
52298,18.79128718635509
52303,22.301058355288436
52315,15.63503544593192
52316,15.169892928178289
52320,21.314649510681107
52322,16.467384264569123
52324,16.847740593900465
52325,22.32042719160276
52331,9.183187511367407
52332,28.235953581442267
52338,18.035030890833777
52339,14.124009562343145
52340,22.87337263795496
52345,16.663383322897793
52355,46.170272184738145
52358,25.610710352501663
52360,6.095601537592453
52363,13.517428068314972
52364,35.775565685916284
52365,14.805828776426777
52371,20.2287940598403
52373,15.987179548709783
52374,17.00108071578119
52385,17.374369420629584
52386,18.011610019433505
52387,19.747221576788114
52396,78.11390819201395
52399,9.855759373901424
52400,37.05312876175079
52401,21.999506976849894
52406,26.17784680218704
52411,23.307010226463166
52420,14.921502458896477
52421,9.616234839031518
52428,8.88449715009271
52437,20.270069168379628
52438,11.425933382201656
52439,25.303364807548398
52443,19.470696173245887
52446,54.06940665697033
52448,21.4220063050623
52449,11.35633605271389
52450,16.437177553849214
52460,7.429121841644045
52461,17.02047234053573
52468,17.92998943317256
52471,28.32649293365426
52472,25.460245293111342
52477,18.98049733449827
52485,19.260064501593817
52489,21.157776482669966
52490,15.650000000000002
52491,15.650000000000002
52505,9.614490446757209
52518,14.509703513775198
52527,20.82626224590153
52533,51.92483687852453
52538,17.09026270279236
52542,16.783849151185745
52547,27.21232099543646
52555,24.799150391571295
52562,11.760000000000034
52577,13.836977991568808
52584,8.831702013398417
52587,12.925097341677215
52588,15.01770681801533
52590,14.366987595026458
52593,7.77874122658125
52598,15.40621167313806
52599,14.951413053755406
52613,44.529131721898324
52616,13.617435952140166
52631,11.93403539219373
52632,27.417976297732118
52633,17.485991476999363
52636,14.842906974664071
52638,91.63190930570876
52647,20.360462303812934
52655,37.19488512231005
52663,16.201852170665095
52664,19.717291499176117
52667,8.428321989881555
52672,9.454010494211783
52677,14.102510572242556
52679,36.701345888429046
52680,20.262325994008304
52684,13.327350257151311
52696,15.15941258828001
52700,8.574178359092084
52710,16.506998697380645
52711,14.717019386242255
52722,46.84970776019713
52728,19.99250405668639
52750,46.555038295676155
52759,17.73192110677993
52763,27.980018506270028
52772,13.73022567672667
52794,20.808971008481134
52801,7.742901913129938
52814,26.405795099550996
52815,14.17049003784656
52822,14.137577648106959
52823,15.54635812743497
52826,15.603849338203602
52827,15.078360120624883
52836,33.380121313273186
52847,17.861233062400782
52850,11.002426805052542
52860,14.949283572569948
52893,19.22757317512721
52894,16.418023806727188
52896,17.24699751730972
52900,29.82574743807359
52914,23.051474033610628
52915,13.927886308242119
52922,11.185702707037722
52928,9.994623928345028
52939,18.131937336529145
52946,19.944502125040067
52947,14.945065485668593
52956,14.934692562664173
52977,15.981468565245265
52995,21.604050274145862
53000,38.6493780872044
53004,16.582026540743566
53010,12.563351035233651
53020,65.71007996352833
53023,8.040882093358215
53032,13.367985744911977
53036,10.499483020405362
53039,17.120000000000058
53041,19.320620871338573
53043,7.9851281491601664
53058,17.058861564584163
53060,18.599406044532998
53061,37.055253491733694
53073,17.54287831907626
53076,16.948721315680288
53079,9.32861336863516
53083,11.633338668421638
53086,11.633338668421638
53088,11.633338668421638
53097,17.54295292632338
53104,6.177392448855824
53106,17.09640488924326
53117,9.646724607574557
53121,9.73147058862292
53122,8.591323419531916
53123,8.70576590943866
53126,24.393731702233648
53130,21.38904771100894
53132,37.070848183482006
53140,12.337515992735307
53144,14.804322346481221
53151,8.368510578439542
53156,18.058835423606983
53162,15.657215521182216
53167,13.732961570234108
53170,17.362605740243044
53174,23.207744846830238
53178,20.491783223910655
53184,21.4844032621406
53185,28.63250505619842
53189,14.482057633325843
53191,12.561671135494569
53198,7.491486056945876
53201,31.91437551172114
53205,14.45926694980035
53211,20.17272179598305
53216,16.741251699187476
53225,17.51951360567354
53227,17.086158749551526
53233,31.962346609965266
53242,28.90128006048032
53250,16.20855991932547
53253,12.834650894440115
53254,19.038126868400994
53260,9.435271942798144
53266,22.510776934210785
53268,15.19093320026959
53271,14.675977128458957
53278,21.889242546669006
53293,15.772634757437931
53294,16.91448823238341
53302,14.240100134838102
53313,9.03756911168428
53314,12.944064008376714
53318,15.679719392298672
53319,15.679719392298672
53329,16.40189078677975
53333,20.340875486747038
53337,13.485583569415263
53347,11.17312690953552
53350,14.344682580325717
53364,12.804077733229667
53370,17.464023289230248
53386,20.743284223066976
53389,15.411688137703099
53392,12.418677854334057
53396,37.98334321866676
53399,100.48608591012332
53400,20.01598510531566
53409,17.726298680870777
53415,14.973019180167707
53422,25.748265394385758
53424,12.83395821581393
53432,27.601472529242244
53439,22.629499560083296
53440,22.359196791384363
53442,19.14637324638806
53446,17.67000000000002
53450,37.194257080825295
53453,17.100861316851088
53460,20.317539421940648
53465,44.20009468463499
53475,16.136861334712552
53476,6.4191424215234125
53481,5.5772361608024
53487,12.65000000000007
53489,15.893292948344815
53490,15.68321730356054
53494,18.20094760451541
53504,24.109489746573754
53507,12.394236956148214
53508,17.314964114785035
53512,15.62284617803515
53515,18.263089104676357
53518,12.77145362167189
53521,17.735122661981713
53534,14.169429558114082
53543,17.67000000000002
53544,15.94508174929107
53553,33.586841178834916
53554,15.551546781595576
53563,14.344597283042832
53568,28.95393123203604
53572,110.79663783292966
53575,14.495860876874769
53576,12.629079055180448
53580,34.78746202304078
53598,22.732989838803768
53615,19.118833323921862
53623,15.010094317073289
53626,49.80840248015366
53629,25.283342309773854
53631,22.50575732759373
53633,6.28248492906446
53635,18.617287184605974
53638,23.578089359551456
53644,16.581613800416868
53658,18.122948900420596
53680,20.31663312348075
53684,25.93640610377342
53688,25.485249349370918
53691,47.16450622651769
53696,15.89330334952491
53703,14.951223768757838
53706,14.72888167171053
53713,14.771810764346448
53714,23.68501585728086
53715,39.84411051688158
53721,9.829958301138227
53731,20.787101569298425
53732,20.787101569298425
53737,15.8106026005639
53738,14.553855923232852
53740,14.24064766434349
53754,21.49852384144135
53760,15.07294199475064
53762,21.445850304317624
53763,8.974639223282608
53768,14.919922167480118
53781,13.61706219449171
53782,16.3773410137671
53784,18.27069957482786
53786,12.557838191073966
53790,6.774331230149192
53798,15.041718745724765
53799,11.121872825178274
53804,28.317389196050133
53809,17.532251942413748
53811,9.397488692191393
53814,24.375108140262977
53820,9.590012360826224
53836,12.673217057858178
53844,26.543866686285142
53855,7.838630168818328
53856,13.10129470739763
53858,14.880266953551219
53862,24.88634542897813
53866,32.74347072385136
53867,9.441763854605252
53872,31.766134978539284
53883,15.015082020740302
53885,7.798334447991891
53890,20.353191590171082
53891,16.09706999958424
53900,30.8499909315685
53902,20.514064590345473
53905,15.58678857237097
53911,15.837034988305518
53913,15.837034988305518
53919,13.459949292266703
53922,19.027573474460198
53931,24.267701222508066
53936,21.199873327659866
53938,16.03089857077805
53944,12.159494720791782
53954,20.074768671491565
53968,14.317404340545394
53971,19.381772697079633
53974,28.1752686083056
53978,14.242124110550549
53980,8.559477638477025
53982,57.49530484145726
53983,17.195201993006723
53985,15.283746389212162
53987,15.538612872557646
53988,15.325914339153496
53997,64.63667325218407
54002,17.06599819551992
54011,15.450550800537961
54015,8.185895540292789
54016,19.676550115668526
54018,12.600514125471879
54019,15.61522097653739
54026,19.13044026931242
54027,16.167085036995935
54042,19.72081747163734
54044,23.840898991557303
54049,15.861130938434506
54052,15.771370294539285
54054,18.417072422320725
54056,17.613612095818425
54066,14.872635240143838
54069,10.151621261576425
54073,13.362245160314533
54078,33.47367802361489
54081,16.121206828354772
54085,13.99765444949831
54089,15.118378414878975
54093,17.401009476015837
54094,17.401009476015837
54096,17.401009476015837
54099,8.06505330175647
54101,14.445515901443681
54107,9.800797675153785
54113,14.419825130616694
54117,27.878609785169143
54123,20.97190166844771
54127,20.038924740937407
54139,16.822277363348757
54141,12.79962192851006
54143,36.727687490023825
54149,17.249253837314015
54152,20.374858687263995
54192,16.887549932431934
54198,10.232684571854161
54199,8.956334521970536
54208,25.055595360011708
54210,22.768823801786855
54221,25.9406985395462
54222,23.40327833733083
54230,17.17819944799137
54232,15.334366784206676
54235,22.995655965720903
54236,36.75633131828922
54238,20.291723771839745
54239,20.291723771839745
54248,16.60465118973025
54250,8.288553538060572
54251,17.98519402555032
54258,16.916560000469282
54266,16.98162102003849
54272,16.329401876687555
54274,14.238308751466944
54278,9.089151984852396
54279,17.267113050826183
54288,18.398953704396565
54292,26.575891076495733
54295,26.694409357989866
54296,21.555187709444755
54308,8.836478455603636
54333,24.99096830072711
54334,19.792465064799693
54337,17.713816787308513
54339,22.74677373826038
54340,20.60826583098822
54341,24.382927052630055
54355,17.162406955920517
54357,20.603626613367155
54358,13.459549283250047
54362,18.199613073711085
54366,23.82917309787469
54367,21.0924710115821
54375,14.372770489123306
54377,73.8173676810485
54381,17.208683346146735
54384,26.467587273131205
54385,14.499177939257986
54386,8.307938186873033
54389,15.833763450936868
54398,8.044060031898505
54401,10.179303809690484
54404,30.069721845279854
54407,12.696701180009233
54410,37.04974167796737
54412,23.881438912636554
54419,16.431407420868926
54420,19.772091585413097
54424,45.74059953307748
54426,71.18112877703636
54427,10.65322788447463
54431,20.30676484560113
54433,15.184441039294196
54434,18.83124195579729
54441,9.012499868392101
54442,28.423072770245295
54451,8.979547648856615
54453,8.991733331375045
54461,16.929405583713535
54468,12.722545958384783
54481,25.573013788761713
54487,11.6291334858713
54491,15.162307108563088
54495,12.412093038479023
54501,9.394027507740399
54505,8.940302412304256
54509,10.670601466883333
54516,17.907345228926143
54518,29.743766695765515
54521,35.133668375533446
54524,23.065855718770898
54525,17.27240638772509
54529,10.551125520543502
54532,25.468987315212974
54540,16.387488493562252
54541,13.55788727345101
54542,9.790013243910243
54544,18.092333407765064
54546,17.670000000000005
54547,7.824896926321443
54548,18.067780166453375
54555,12.809899964139131
54556,17.80358428154781
54563,20.188954887893807
54578,25.166109112037734
54591,19.446694424206143
54593,19.261090642284895
54594,36.83663036567125
54597,18.624264346720942
54603,18.104434654075362
54605,16.985130661125922
54610,19.2902821285899
54613,15.877097239793311
54627,12.105995910897827
54628,12.263559117688162
54638,15.31077588027766
54650,31.80403705517815
54653,30.222679363703456
54657,13.014177706220451
54664,16.035783189136154
54665,12.152789502136248
54666,14.348965785303431
54672,8.217542930471474
54673,8.84256839210286
54679,8.891350141709644
54683,8.891350141709644
54684,10.570607675265732
54693,15.105359936557974
54699,23.141281445826063
54703,18.630555726625257
54708,47.11755792362604
54713,21.690160273306056
54718,15.038865749121314
54726,14.03987030979152
54749,22.344204145720138
54752,17.20072929709822
54754,18.985720275763672
54769,25.889045496067983
54772,21.73551972372675
54776,13.207125169330176
54786,17.57188900429072
54788,8.477866733877661
54791,22.70872118051764
54793,15.65384153407918
54795,26.59881439010737
54798,12.066416495796094
54802,16.705903667962794
54806,17.940269086971306
54808,14.986371291132338
54813,19.180443829971736
54821,32.44164727228188
54828,19.773465127478847
54829,17.861549139413064
54834,18.10561939993235
54836,33.53842739247883
54842,19.485466372934017
54849,15.31298546238094
54855,14.516216040938163
54865,15.208842833524976
54866,13.836132061748962
54871,12.750000000000037
54878,17.700384051716256
54881,18.370499836200345
54882,19.337084133895427
54902,19.09372651349573
54904,9.294170212321612
54912,11.572122096656454
54914,7.448836159243241
54924,16.539498681070175
54925,42.413774700848414
54933,33.625342406938614
54934,23.055767691090598
54937,12.134976792110526
54940,18.041138053687565
54944,13.340829572026399
54950,14.837753951508477
54951,38.18100189632126
54953,11.074031805075412
54954,13.244712242815856
54956,26.347607615011686
54957,15.924690270886138
54964,17.598896915595038
54966,16.721188745020136
54967,18.09090238505385
54976,18.308924035262184
54981,9.21916789872127
54988,20.127537580109273
54991,15.115055675199866
54997,17.223818989637568
55004,18.677517294127664
55012,14.808520260020023
55013,15.494870971534723
55015,28.710773855682316
55016,9.200722821531686
55022,16.674856172538423
55027,18.090042538289453
55032,8.869529811098852
55035,28.717753699050924
55043,10.982034516611336
55045,22.351508082886127
55050,12.703692416133176
55056,16.410831961460968
55061,18.21218999536149
55068,18.219131060346246
55070,22.81221182076296
55074,23.689519472971124
55077,18.07145537729188
55087,25.652800949253262
55089,19.0444713717274
55095,17.24472523254839
55097,16.627263885574386
55099,50.662868378306165
55102,23.767373007038533
55103,20.30446919568244
55132,7.436296108213222
55135,16.495376460889123
55139,26.90163535813526
55140,23.700282216051352
55144,23.44193166755002
55146,30.01723546715391
55147,16.930729992276444
55158,9.655772188610483
55167,26.398093675481373
55170,16.5657328071148
55173,7.750198526818181
55176,15.898278642957564
55179,10.948145283758546
55180,10.948145283758546
55184,8.871151431482701
55189,15.17967028505209
55190,20.268838399160902
55205,23.67524770999715
55213,8.65369716832929
55224,9.200234823762315
55225,10.512840129074918
55232,8.672162594870933
55234,13.522267730654944
55237,8.249117636963572
55242,28.73558232755685
55252,15.714931344435591
55257,23.0523768726589
55258,44.123292810026626
55291,19.802878605641315
55293,14.356831468585156
55295,14.132422998085922
55297,11.88257826602843
55298,23.678878520556207
55299,8.465532773472727
55303,22.00204365867949
55309,11.080337755795407
55310,11.080337755795407
55315,20.514970358574146
55322,7.864024575908097
55326,46.47684073176164
55327,11.90069812650797
55328,18.944698413800264
55330,9.740861155603872
55334,23.552357876410966
55344,30.82368973924182
55348,10.261215866455766
55350,28.078085095656153
55358,14.492793808574573
55361,18.076501180150004
55364,0.0
55369,16.94284337184836
55375,26.186163853563762
55376,54.8642829581186
55378,14.800070517221984
55380,19.783826686175836
55386,6.774331230149192
55393,14.685601269458653
55397,11.125521981445972
55404,18.91977291077442
55407,23.056662119218828
55419,19.2303467855983
55420,13.614982039233633
55428,17.3510079881532
55441,77.05049145583645
55448,12.275585620163833
55452,6.4378334083818745
55457,15.835903612211315
55461,10.593187717776468
55464,32.646002776016736
55470,17.320932124370938
55474,34.508235902764795
55477,11.94814741273456
55478,14.649857102729072
55487,14.551839153808025
55491,8.085768254804778
55494,14.998138598608563
55500,10.21811240287505
55508,13.44457939688927
55509,18.780789511946562
55516,21.488813454457823
55518,20.168264761118966
55521,14.443606729253633
55531,16.06389003903155
55551,16.082157419875077
55557,18.090523677126846
55564,14.811382925334645
55567,17.338220991028106
55568,16.137413061544283
55574,12.555121068793207
55579,3.795642987340961
55583,14.716066958398693
55585,22.56670295159748
55592,9.493501019375978
55595,14.087722674489276
55600,15.010242376822497
55601,8.662316299503239
55602,26.397347990900162
55603,18.03149637463924
55607,14.86062991260606
55618,19.899052645831013
55621,16.126254053282075
55629,12.617971986459512
55631,17.923456871179095
55634,12.795079711625755
55635,9.37262185018861
55645,14.930727593443908
55658,15.458344361952093
55667,7.968097199345715
55670,15.422459131126985
55672,23.32629024370581
55680,23.280047329678034
55683,18.764113367625114
55686,13.57069834056439
55688,7.943648092320679
55691,19.587681011344248
55707,32.80900747430202
55709,48.54764867629679
55718,12.935202340429361
55721,17.807066067914764
55724,11.711216096096974
55727,11.68374825369734
55736,15.697487685361384
55742,13.564981015531721
55769,13.519855779710767
55772,38.850861069733
55775,17.672071548848507
55790,12.048520676412064
55791,14.705160337373417
55796,19.674271147319775
55806,18.938546538267747
55811,12.429450557017471
55821,17.408100706190737
55826,14.64420919205128
55831,64.77259966187049
55836,16.27795940680041
55844,17.61890858808158
55850,7.275704268155511
55859,26.505398669890855
55865,18.220967265486085
55868,10.46114831868747
55872,14.196049674809059
55884,14.347928953127228
55885,7.866161804717626
55891,13.926763629522867
55895,16.62402192086903
55898,28.070347757731746
55901,68.03950804742475
55903,11.236675478017764
55910,26.646839242455403
55913,15.73743427504624
55919,29.392407521341976
55921,19.63637854313726
55932,17.44712568308766
55942,14.94888603967952
55943,25.055705329937503
55946,14.882984658330999
55951,16.030716238831772
55952,8.35206601579557
55956,15.35444343852119
55961,18.479665027786076
55962,16.59210086061804
55978,32.60438159010153
55986,12.08725922880166
55995,9.338529443866792
56001,7.668008379079437
56003,14.675551431686678
56005,11.920000000000053
56021,16.881597850123395
56025,11.095161766787893
56029,38.47440648118113
56030,26.274984106816976
56033,20.813090970839536
56041,26.404189726603448
56042,15.334254334805173
56051,13.829819164282604
56052,8.988179493484038
56057,10.171094739805143
56059,13.584632810139999
56069,15.93445095109676
56082,22.358297197151373
56090,11.28378986675278
56095,8.135660388750274
56099,56.73969452841667
56108,16.126395934273546
56110,18.250906060390047
56114,14.162912712643466
56115,17.998010592253497
56116,17.998010592253497
56118,16.833222201394918
56123,9.232584740130147
56124,25.29916929515278
56136,16.583717343436074
56138,10.751149432783475
56141,11.025086154219489
56147,12.495757837161811
56156,19.50508715039
56163,36.27436434471922
56168,11.856460335996957
56170,17.049758588014605
56172,111.95801541833504
56174,67.64820001188069
56180,21.883663652568
56185,8.270000000000023
56187,14.64420919205128
56190,19.355373455477864
56199,13.113163651240633
56201,10.850313010191844
56204,28.22968556806988
56206,17.450608623972926
56211,16.809639335708148
56220,15.749649992362922
56232,17.92843684691408
56237,24.88993434992423
56240,16.43994514433474
56249,11.784724298389621
56253,20.725040457577517
56255,23.64662271184813
56256,13.081834369590245
56262,20.989999999999945
56266,7.618615749341666
56271,53.24944999286711
56275,10.593025888794907
56279,30.993509266500386
56280,12.232529121448845
56285,17.10067161514726
56286,7.419791861151877
56289,7.419791861151877
56290,14.741354171808664
56295,13.850381125466967
56299,16.584751511541267
56306,18.343112864685843
56312,25.973834338387295
56314,12.819236466150507
56317,18.667328850995542
56318,12.428469224183896
56320,15.654559809979439
56326,21.397413043948312
56329,47.439142370126056
56332,47.439142370126056
56333,24.486904458883398
56336,13.922825126617415
56347,14.146797959085193
56348,16.288106351246114
56356,12.094957947111332
56358,8.856667221927848
56363,16.86446386406024
56367,16.44517843254181
56369,17.796035798762432
56371,17.858457418135554
56375,15.081271131688002
56379,14.506291734499412
56389,15.848659122635688
56390,141.98825642519228
56394,16.431098377466622
56395,31.87427335072625
56404,12.627497566864601
56410,10.20578114321808
56412,6.682786108068801
56415,16.074844255753824
56419,8.42206217135886
56424,16.227277294716625
56426,15.950686475551436
56427,65.60963958783867
56428,17.39171917163128
56431,7.983705845791398
56434,11.204811409884094
56437,15.405345316706974
56445,7.624725577558481
56452,36.60479530136526
56455,21.956931462149434
56457,16.63598400598896
56461,12.392743542804713
56465,11.683148861622632
56468,25.37368150140576
56474,37.204990698794894
56476,27.58829283457337
56477,18.81200661563455
56480,11.92328703425128
56484,14.697210947057954
56487,32.25709053124892
56488,17.60064778834802
56491,19.133580454920928
56492,19.133580454920928
56497,11.93314499167701
56501,15.59322466814444
56511,23.69260230688292
56512,9.339999999999973
56524,16.2406438969978
56535,27.991103432924312
56538,35.46042511873046
56546,30.225825612921817
56550,19.51880270415547
56551,9.5905814960015
56555,40.40097051443934
56566,16.376717428755583
56570,7.957962342911999
56576,12.802468983868817
56578,14.450399488257267
56585,13.692555616718835
56587,15.56123216894634
56601,21.168847272944344
56623,17.595451419690562
56624,17.595451419690562
56626,23.743671157861325
56629,15.043868847080738
56641,21.25591170397773
56653,19.716307434439752
56654,58.56501395497619
56656,16.221511984365524
56663,108.38425529763796
56666,28.04975414096692
56667,9.752151988110661
56668,17.945575345496657
56684,14.143300883838497
56690,24.668365476577996
56700,26.16796336832347
56711,9.802871827342237
56717,29.934326843053377
56721,8.521179355442895
56722,21.420642997124997
56723,13.951104274581429
56734,15.469750963254604
56741,17.819791892031954
56748,17.48873179960675
56756,7.654637064040454
56760,21.686261874729045
56766,10.543872317640375
56769,13.48285222417811
56770,19.18821088728484
56783,12.387789280548121
56788,74.85122967566586
56789,13.233201295578475
56790,15.52667850014754
56799,26.026690037639984
56807,17.991918852122033
56812,20.21438435795419
56813,15.378194087557464
56818,49.09257761389214
56823,11.564868218259456
56824,16.106894924343298
56825,14.200422848160633
56840,18.087482239271765
56842,34.082869734705525
56850,8.040694595889008
56851,9.549171795261353
56854,17.681268678264903
56856,13.605590016835283
56857,10.087149480032597
56861,14.348281295378595
56865,16.68155799752851
56872,16.58026984001564
56875,17.691420961795913
56879,18.11659910738853
56883,15.754875784069945
56884,7.630138208673481
56889,26.993795679396026
56892,15.032228391592092
56893,17.226262004396485
56895,12.278366807428771
56905,15.363138222972154
56906,23.700457048859757
56909,32.18306520265785
56911,25.005559505142934
56917,8.964283602692614
56918,25.176915548984
56920,15.271402246359894
56921,9.103836293386127
56933,40.649866334829504
56935,64.46794262935116
56936,15.708252631467396
56937,8.738675030107576
56939,17.85431449691941
56947,17.35440302408313
56953,19.220135782921837
56954,12.582373619033188
56956,18.395816481335032
56960,68.25648376230123
56972,8.956752341757312
56981,17.553580660639923
56986,26.866907894446243
56987,7.926152654577155
56990,16.865426008587594
57004,16.741251699187476
57015,24.438988888756974
57017,23.5199830699993
57018,24.045338845331308
57020,17.80922115989366
57023,17.670000000000005
57033,9.473906954864582
57043,15.359983169123996
57046,18.05556455423034
57054,16.95807221601448
57059,16.892939843732147
57060,18.663527375495548
57077,11.954569311848578
57081,15.817931270180708
57084,16.62679218759918
57086,17.843157885667296
57087,34.87128700046727
57104,17.250081235850047
57106,19.758840259305977
57111,25.959857678440258
57118,21.115618638001504
57121,19.6787922771609
57125,42.45605160731924
57130,15.208126750990768
57139,12.913593441540147
57147,20.794426093581382
57148,17.586416671243985
57153,51.924475598104145
57156,17.60000000000003
57157,17.60000000000003
57160,15.98586754987009
57162,15.689112700564472
57167,16.181908171096197
57169,21.24481565459759
57182,12.460038612420655
57184,32.62068136399841
57187,4.8387751406782336
57188,7.798334447991891
57198,7.615857736874634
57202,15.040297728223234
57204,16.097198691800504
57212,19.161898332764743
57220,32.591399929789745
57228,19.228022240610095
57229,22.366069140513375
57242,11.685516155123537
57253,23.232784937661236
57254,8.100464958722087
57255,15.88518051730031
57260,17.70634839371171
57265,16.414818633400554
57268,16.932385084836106
57270,23.614142102454075
57281,15.180218343092072
57292,9.885376673554216
57295,18.24886671191734
57297,7.889999999999985
57304,7.889999999999985
57307,7.889999999999985
57311,7.889999999999985
57314,7.889999999999985
57326,16.88285503857792
57331,13.570325687235044
57334,20.826544174078684
57336,17.55002171827092
57344,13.32464999835469
57346,12.837051133539385
57350,14.732876730381559
57355,12.671178764615117
57359,26.0068918101587
57367,14.558789218143266
57374,8.839820015795857
57375,14.41652801034365
57378,12.977489529478355
57388,23.895144938568983
57389,12.425753840625042
57396,18.531611525332547
57397,14.867226717656663
57400,9.676688540992824
57426,10.085252713630767
57429,14.09999999999997
57438,10.171672913658453
57439,17.670000000000005
57440,20.375291019075224
57441,8.537189763372867
57442,14.662776155658738
57454,21.739177614635796
57455,16.692068003986186
57457,15.868592861431331
57458,15.868592861431331
57460,15.868592861431331
57462,27.853278286232516
57464,11.263999683542984
57469,14.428127077520035
57471,24.687462245373755
57473,19.562407047634398
57478,16.767748416665167
57484,17.836558924759657
57492,12.554863579918738
57507,21.223327916506378
57511,8.157719905877293
57514,16.106345756304737
57516,25.56445979847731
57519,13.137784741095656
57522,20.504652513024187
57533,17.047873063485724
57536,19.251283180232043
57543,33.56104888488028
57552,11.609665360096468
57556,8.303254253638134
57557,16.169425014437085
57561,11.283622435144235
57563,16.601842372695696
57564,42.2544838779069
57570,13.895687410557997
57580,13.176291242938527
57603,16.776970507349496
57610,13.167052653251016
57611,12.884849476001591
57613,13.520000000000062
57618,23.584768595208278
57625,14.764829054048777
57626,14.764829054048777
57627,14.764829054048777
57638,9.185572354170008
57641,12.866556751522536
57647,16.733112924641492
57651,13.649993310505419
57654,14.313011556543197
57655,13.79091987968214
57660,18.22348287915172
57664,15.151339249263604
57665,15.151339249263604
57675,27.985830456429817
57678,14.088945873322865
57685,27.650000000000155
57689,18.649718795744345
57713,11.864043102044835
57718,43.13493640319723
57719,91.57503408156636
57721,11.479608184563698
57729,19.178117003426998
57739,15.91637545118179
57750,17.099895022717856
57755,10.702318385967041
57758,7.619936256510089
57761,15.174719852256903
57764,54.22928135086717
57766,15.319700569336682
57768,15.815786451417711
57775,31.68843481093343
57777,9.458018124826
57778,29.22035585272149
57780,18.357218488350554
57785,13.370000000000058
57797,16.144395426438678
57802,23.849999999999962
57803,12.035778961159968
57810,15.10080387213613
57811,17.305536878712964
57812,14.640530777996188
57817,11.676485626302073
57818,16.992002293835835
57824,16.705903667962794
57826,11.949237360068544
57830,13.985861489320879
57832,11.023034980067653
57834,19.226098782651754
57844,7.38999999999999
57845,13.836132061748962
57846,9.198991737889706
57861,12.555121068793207
57864,9.670230582799658
57874,15.25857618285453
57877,14.413409504785328
57885,20.333352064506673
57888,14.760847972504008
57891,17.575958102183282
57895,9.848251932939068
57908,17.805982951105854
57913,16.40459586161897
57917,16.761553987858647
57923,46.56990112937636
57927,32.93845442815433
57929,18.69009326694881
57942,8.978627921354072
57950,83.06798294979217
57960,13.828614795633337
57962,13.828614795633337
57964,22.80309388805978
57965,27.133704325342
57971,13.711938565180823
57975,19.1645249244608
57976,16.818089703043462
57982,9.153420929992219
57986,31.892258906046976
57989,17.899295306130725
57998,16.38478490544673
57999,26.294706747385654
58001,16.443210521445696
58002,16.443210521445696
58005,20.761667453187766
58006,20.761667453187766
58008,14.678406471938466
58019,14.004376172294032
58023,26.689680623692233
58026,16.62896786159414
58033,12.30332699017598
58034,24.036644054628127
58035,16.99496397395239
58043,17.964672177142404
58052,17.670000000000005
58054,26.786197938325923
58055,9.438320371742778
58065,13.415738311864363
58069,15.807169390256018
58070,13.25214007782448
58078,9.471795319876462
58079,9.658723277759313
58081,17.108770154101656
58084,15.54242017454433
58086,15.061240793456562
58088,15.01614848852796
58089,9.12622187162825
58092,15.600324343043951
58097,18.045777446019546
58104,15.063153373486099
58128,36.305700858714566
58139,13.85653945412575
58146,9.307786751099703
58154,26.908307557950643
58157,24.11514554394773
58180,7.667651149579154
58185,10.885657802324753
58189,22.015975397552847
58190,18.117750324745476
58191,24.11514554394773
58199,8.352998625187249
58200,8.029954909370097
58207,16.813658884829255
58209,20.093666393413127
58218,18.548466604269738
58219,20.092992597510513
58224,57.07272820731508
58232,17.39012101464426
58233,17.077849166408964
58237,16.364887601049897
58240,22.619234768926614
58249,17.337309288859025
58262,11.252723685997706
58266,85.11382778858794
58276,11.854031651016573
58277,45.760948130555946
58287,16.967024620141373
58288,24.97750605923708
58291,28.90313558448487
58294,8.152585684208871
58299,31.19791035267049
58300,17.39203980402858
58303,21.060939792010174
58313,15.9324054202756
58327,12.495757837161811
58330,17.881558024562313
58336,16.75674409114352
58341,15.518086988031822
58346,17.21015741997171
58349,15.31740292274575
58351,29.630158043266693
58354,11.29922764047052
58355,26.979787995175396
58362,7.474407030913335
58364,7.474407030913335
58369,13.01852578264931
58370,21.696688329797976
58384,35.30812185746274
58387,25.20501164955251
58389,16.496040640852968
58393,9.534963551374592
58400,14.995812733965524
58408,20.550074828339064
58410,14.603404879295681
58414,0.0
58420,14.503805229629396
58424,8.088094860933232
58432,14.043970980803952
58435,16.390552356024802
58439,16.07868150976064
58444,14.350838287040547
58454,39.94127376307288
58463,8.995425581540271
58479,17.901165203037515
58481,15.280505282532296
58490,19.21562826509049
58493,9.069659076659708
58514,22.676264809238855
58528,15.947313162828788
58529,33.333091653202494
58532,10.488363927866835
58535,20.993480645411413
58543,8.828743705954672
58545,14.868022397336494
58555,6.0911933676331635
58560,10.587276165135357
58570,14.743631961034854
58574,17.68866263460421
58575,16.55094950578751
58581,22.317433030575604
58583,20.52082037544581
58585,7.552159748729588
58588,15.237612930162705
58591,22.318492782606047
58598,12.673435632508498
58601,8.148466752072801
58602,12.103733396893391
58611,16.172980199620422
58615,16.25777613704334
58627,17.708245473462036
58638,18.173948143202438
58641,7.1304245253573395
58646,32.59198760697386
58647,32.59198760697386
58651,15.11532590640972
58652,13.037171671754257
58659,8.720023094584208
58661,18.223273839597844
58662,14.147385053765174
58666,32.65311887867012
58669,15.354025980979216
58672,8.658742468925153
58674,17.470068357570003
58681,18.118810479469435
58686,21.525257106456696
58692,35.43166480224089
58695,11.146218230795688
58698,7.870689918274392
58699,10.287580003617505
58703,8.693726331231773
58708,16.257438558951634
58716,8.507343144783679
58718,16.473108832803977
58724,29.34482915042788
58729,13.001954996837384
58744,16.618817264908337
58745,17.064106457652986
58747,7.827558947566411
58748,173.10277723030967
58750,5.852836220528195
58753,43.08438522408818
58756,58.1714903168039
58761,15.158700768215901
58762,16.710187089733967
58770,8.808591489420817
58771,9.825878544141396
58775,16.582431715269227
58776,16.582431715269227
58781,9.589570090446841
58789,34.70322089845501
58792,14.349117076291334
58795,22.241459305932093
58796,15.313122555034166
58797,14.68323053723615
58799,19.485932292340497
58800,21.783990486663523
58805,15.56713177546887
58820,11.434496331433484
58828,9.117106240425299
58831,10.130000000000056
58832,8.933640365986962
58836,15.119976031900187
58840,18.678319089960127
58841,15.200000000000024
58844,14.80789930872657
58846,17.800462305379227
58847,17.790404940846965
58848,8.404369767918894
58856,5.248237962091539
58861,20.470581086776445
58862,15.1636491497954
58869,16.92402733663965
58872,11.64317028477654
58874,15.11138038868691
58878,15.296266967398676
58894,13.370000000000058
58896,13.370000000000058
58904,12.89330086213215
58912,17.95149355035332
58929,18.494877262661237
58940,20.567677169719772
58941,8.639823571409963
58944,13.956867739926842
58950,21.74559903107565
58955,23.7350584193102
58960,14.30588494860745
58966,20.336271241806077
58967,41.240753625875904
58969,13.605779455147964
58973,8.242158002443569
58975,22.33126895152701
58976,24.876931021395343
58995,16.945233647888536
58997,19.27143229464171
59007,19.6269673228244
59010,45.909433409190044
59013,12.092411512668976
59016,22.70485223805388
59023,16.425088253331126
59026,8.491419131445552
59039,15.526975464431011
59042,24.874394023127696
59043,17.587799699807157
59046,10.824079119438608
59051,10.824079119438608
59062,17.13809095688533
59065,16.265365143861906
59075,11.284742801087571
59078,8.639823571409963
59082,13.578792024226674
59089,11.984471659353245
59090,19.526935045017144
59092,13.468388407952077
59093,13.468388407952077
59095,16.67874481474478
59096,15.587658010664377
59104,17.651906310822593
59119,16.92584762032429
59120,15.981978935158697
59128,16.37362639306678
59130,38.62756471463628
59134,21.677407797961912
59137,17.703505121960387
59144,13.183994785673386
59145,17.297068969506956
59149,29.813926803151933
59154,16.759652829660865
59158,15.207138167454591
59160,9.767485682202928
59168,10.523865802663197
59169,8.844425932081114
59180,9.21358843075611
59181,15.206859022054747
59188,17.335767691653743
59192,12.396342517409112
59198,16.843963228495877
59201,30.36001641489628
59211,15.328180390699064
59212,27.80632209429831
59213,19.331981349009045
59220,21.276969380063957
59227,15.770921798865267
59228,17.6229737376536
59237,23.62719477828999
59241,20.740442541042444
59245,17.508743932544046
59246,8.01024315785629
59256,26.49022149398308
59259,16.483301110672755
59264,14.61047861721983
59265,9.046334300858888
59271,8.935459559712653
59282,7.682379129482419
59289,23.478711492755508
59293,7.38999999999999
59302,15.279859133680013
59305,21.30641228046872
59311,10.03245736925115
59313,24.647946892558743
59315,14.543410778788518
59326,8.847294469017328
59340,14.838201872067987
59346,25.35378675437891
59349,17.209319921876567
59361,18.687025274880963
59365,8.521551577976268
59382,14.871481587740886
59383,18.17084215654516
59385,23.28307287482509
59388,11.33687962304312
59389,35.12824523382733
59392,22.354259689571084
59395,18.248012292584693
59408,9.143613260576915
59414,21.691851636205758
59417,21.219172708477256
59418,9.36493472210409
59427,16.662284617515066
59434,12.70699118948397
59440,38.23154223650585
59449,68.79177194543374
59455,50.641070548193746
59459,16.121757381602773
59463,14.121798060127686
59471,17.2371524824959
59472,14.287490789957044
59479,74.05424854533938
59481,13.757941638303363
59486,11.962919918729044
59487,13.976120802221905
59496,53.85006126156672
59499,16.33392591135746
59503,19.54755571833914
59508,14.387178867034565
59512,10.805924256177557
59516,15.077615660909103
59525,19.91411590707209
59533,8.152547986176865
59534,9.21916789872127
59536,16.269999999999957
59539,14.539366709023186
59540,12.960653154562179
59541,12.699742794230202
59544,17.093009879597638
59551,26.40511849981446
59560,43.522878180729236
59562,7.817732706442719
59567,9.086596671617393
59570,13.12589069968668
59571,19.342082678419025
59572,9.020212133878896
59582,18.616172403016872
59584,7.868977729980619
59585,18.52668878171888
59589,30.244600241483106
59594,7.481910495672603
59595,7.481910495672603
59599,17.73999999999995
59601,17.610376410679233
59606,39.13999123576054
59608,16.471825618320352
59609,16.471825618320352
59610,16.471825618320352
59614,22.933236006533004
59617,22.933236006533004
59621,16.93797017384675
59623,9.795974347881561
59625,18.92789409119254
59628,19.183569502046115
59638,24.18603044222436
59643,11.138921946300883
59662,19.19927690647849
59663,10.43365885222862
59667,15.239023697241379
59668,8.299999999999976
59675,15.849604008592554
59679,34.00746668288269
59700,14.886456138335447
59703,27.318100610666743
59711,17.22669511528054
59718,15.904210645336082
59719,15.904210645336082
59731,40.225932757756844
59750,11.255284018269116
59754,17.72106220687467
59764,19.79484116246108
59776,15.44037714774451
59777,16.774787556820403
59778,9.327911015797325
59780,13.892255559287275
59782,13.293216747298631
59786,13.836132061748962
59788,16.310203108385092
59794,7.410536344547767
59795,7.410536344547767
59797,14.188680650071896
59813,18.790713359820636
59826,14.010576773699167
59828,13.104229888338875
59832,15.704349444307812
59842,15.175758102240472
59847,15.112757241254698
59851,23.18927359942173
59854,7.955179410486519
59858,15.37977758033593
59860,10.98682391557922
59865,29.11967553107848
59878,17.735192358059134
59879,11.056647611132346
59887,13.340825668467623
59898,16.868531007870406
59899,15.32226211930385
59901,17.1078730321405
59905,15.106226419539581
59906,17.679718401571673
59912,15.71462140210944
59927,15.10777905020337
59928,12.208121767412734
59942,17.484212489508927
59947,13.506657022520232
59952,35.86338314946226
59954,35.07523010532918
59957,14.682006660357073
59967,8.981218143339238
59978,18.153543860514276
59986,17.01822490871976
59987,13.839071739943218
59993,9.93144885977669
59995,35.78719303309769
60001,18.424487827142322
60009,29.582554459883504
60025,22.333493137586977
60036,9.774498321974812
60038,13.629678671087749
60041,13.767880770375697
60046,26.748092527578322
60048,16.99801240926045
60056,21.72550098633324
60057,19.2162242202233
60060,20.647574365019196
60075,13.563218027622295
60079,24.734137673191963
60096,15.079022079008084
60100,17.07474006197607
60101,12.233923097223078
60102,9.10357104445105
60104,16.453013426267198
60108,6.15820311185357
60111,11.958104358433422
60117,15.76114214750623
60118,17.060275349955454
60130,27.674017325089988
60135,8.542255453490057
60138,82.73766068474623
60147,15.41128826817511
60156,13.595674448978338
60157,15.630204543597642
60163,13.700240284339062
60164,25.12138836111528
60169,14.946530928049661
60177,14.617518998881517
60179,9.504327516738206
60180,9.562527609841135
60185,13.7946823311615
60186,7.424815190343274
60189,15.396460932897234
60191,46.47081910622959
60193,18.083363588250563
60197,19.598341697661176
60201,25.161020592638877
60208,15.686576439085954
60214,14.097506870806615
60219,42.28879585051118
60223,15.41188860881314
60225,16.23245692069726
60234,99.21742796389286
60248,14.693529715606642
60251,59.40638642446501
60266,20.66150639973155
60278,50.99795586448612
60295,19.03354348405549
60298,16.89840683932185
60303,17.718797827243456
60307,10.309798794246422
60311,12.148530463184734
60313,12.688257429864386
60314,18.74735078182568
60315,18.74854797964099
60325,31.275162307189923
60337,13.586929238479668
60338,13.707305378540159
60341,15.95485421668306
60342,18.578929627680886
60350,21.64102600005026
60353,24.032718141443603
60355,8.887729914617564
60357,11.563673052183365
60361,19.09372651349573
60365,63.72884847623979
60378,45.75622143892558
60383,19.71999837338329
60392,11.076898568882779
60395,21.015758847091075
60400,29.431131420318614
60402,22.675604615427837
60407,20.630172326919215
60413,18.002243928323825
60416,12.33244557893401
60418,18.118733628354676
60427,17.031398628010503
60438,12.32330185287502
60471,22.165182237787928
60475,7.928934790276315
60476,0.0
60484,8.072108011894839
60490,27.021298366209095
60491,22.257061869975388
60506,12.848669242027466
60510,15.0670001091226
60516,20.678818979727666
60518,26.791061638248475
60521,16.058857404290062
60523,34.91647971795737
60524,14.605143371569005
60531,9.27873126070432
60532,16.233611933208664
60537,12.45472922598017
60539,33.59623206057583
60550,16.393883908579053
60551,29.00207141024825
60562,14.371562891366601
60573,35.547694509164174
60575,19.184146656354965
60580,15.575164898332318
60584,10.46230618984822
60586,16.29662209748401
60588,17.16290676267125
60596,10.654060658767651
60610,21.460603986581386
60626,15.162582066159473
60629,15.86093295925675
60634,9.354098709073993
60637,18.846015033748696
60640,20.967207247807334
60659,15.658657624448246
60661,31.685136748622227
60662,30.18805752993115
60666,14.265578101052341
60686,15.829625532074658
60703,10.287700652966274
60709,17.164655716649527
60715,29.617250241689984
60724,66.34213215233787
60727,16.13301648315227
60729,28.700000000000145
60732,28.700000000000145
60736,14.442259798278053
60738,15.967755828525817
60742,16.707779901158425
60745,19.327218611969126
60746,13.955283515399653
60757,8.720000000000034
60766,13.587081746302914
60767,22.577830974667382
60770,11.293690993177812
60772,16.055100903558902
60774,19.342666105577955
60786,41.56511144566286
60804,18.962193447727532
60807,8.887958428413492
60811,29.119646998680476
60813,51.45091379385359
60822,16.472408694951913
60823,16.130808222428524
60827,18.231006238451577
60832,13.550000000000084
60834,40.10860370367852
60836,8.468047182508627
60838,17.948326232316226
60839,8.960922035689405
60842,40.68889646370878
60845,13.79497570018164
60847,12.931533503605305
60855,15.099999999999962
60860,9.214239947872205
60864,19.85950326715333
60869,14.182944777701472
60877,14.884057416576033
60878,15.926212209372256
60887,14.225937988612705
60895,14.875935472103066
60897,26.441133642679556
60903,10.5655711796033
60904,11.627871052378676
60906,18.056324252524245
60923,7.668889307856727
60928,8.68577817933635
60933,17.30576550088061
60948,17.034170342143405
60951,12.767996555682032
60957,16.864630126127615
60976,3.780386395290604
60979,9.177524445142373
60981,15.324399266802825
60983,24.6619380134844
60985,16.630579224439472
60988,8.000651292318963
60994,17.076442865244122
60999,14.828065609185668
61015,7.743491062541112
61017,15.59368043603834
61018,24.478334706062302
61020,15.549058046238205
61026,22.09224841820437
61029,10.43595867433801
61032,15.797551579423647
61040,8.185895540292789
61049,21.02155224939987
61050,18.144296097021552
61068,7.9604938023299905
61076,29.95089198262959
61078,9.10839902110912
61082,15.53967419775244
61084,27.600166371224276
61086,14.629865486015762
61089,30.418241981093825
61090,20.612798652784488
61091,20.612798652784488
61093,16.32281130283756
61095,14.345172764837347
61105,37.598144980157166
61109,37.598144980157166
61111,20.325281808260062
61114,12.14593635227995
61118,16.67494288570219
61120,29.026545983319632
61131,18.11562355224047
61132,17.907345228926143
61133,38.65092234622214
61138,15.542524100429123
61139,17.116275559550306
61141,14.485772696306622
61143,14.591105639336094
61147,22.980349928316457
61149,24.151681255091162
61151,16.564002149575515
61152,17.791252452962745
61154,20.318161529113194
61156,11.841029594785626
61163,14.677845264233577
61166,13.866307745994884
61167,13.866307745994884
61179,17.639582413600895
61180,16.51660727709703
61214,18.389008121943213
61215,18.389008121943213
61216,18.389008121943213
61217,18.389008121943213
61218,18.389008121943213
61219,33.22331348891671
61225,13.512829959864195
61226,18.783265756034247
61232,53.29787181856433
61233,14.583230306026786
61239,17.038837173897537
61242,10.213431221431431
61250,6.292161522354176
61255,13.320458380203412
61256,24.458841061240058
61260,17.643813650494156
61266,14.563147231079755
61270,21.868573740784853
61274,13.958765727147343
61282,16.26632033212886
61289,25.77790616293922
61293,10.184265320457705
61294,17.612168365443335
61295,18.489763984451756
61299,19.75664904282824
61309,19.106239380728283
61319,16.04123539496798
61325,10.658172610405312
61345,14.726378703356259
61352,23.830225365201596
61363,13.641735744367077
61365,12.140727530549107
61369,13.106822848687141
61381,11.753750903322226
61382,15.108575296654074
61384,15.703059110445448
61385,20.379756954819072
61388,30.908412331973214
61394,26.168931608772205
61396,16.03816240489107
61401,10.875821819519514
61402,13.794338075989497
61420,8.98344090949254
61429,11.972322219645001
61434,11.369667757775208
61435,17.38592693849593
61444,14.826916284862639
61447,16.6256298346322
61452,16.114204917067422
61464,14.263188982122136
61469,16.264548180084937
61482,29.45114180370003
61486,14.233311057492507
61490,16.200541647198417
61504,13.440000000000062
61507,38.10776476646316
61516,16.43876573963395
61523,13.702707728326553
61528,18.519012554611425
61529,25.975561114086542
61533,17.21113326677917
61536,19.33580558097716
61549,23.52707853984081
61552,18.85022661093166
61556,26.219316232920978
61558,8.380855536645011
61577,12.118552463589719
61582,14.34421533994374
61583,8.744837917718037
61586,21.906124240543264
61593,12.370723959978399
61600,8.223184484312911
61603,23.222014642658436
61610,18.333332409714178
61614,17.694871999891337
61622,7.770301286533428
61626,58.68147029092464
61627,21.07800311129456
61632,16.818220229500007
61640,26.524453965667263
61644,35.31075521148364
61649,9.52263482650997
61650,16.918434578700534
61654,14.817485681961484
61661,58.30709260560176
61662,16.415582122212886
61665,15.754092245072165
61668,19.028958451732912
61671,15.149994902071931
61672,6.508849833522691
61673,14.551581583330853
61678,12.506829105338346
61679,39.02616843390631
61680,16.081373921171117
61683,22.92951400187467
61688,64.46779548271402
61691,16.544376856932278
61692,8.361705790133653
61694,12.233749405529522
61695,15.400702554273817
61696,22.007556102202276
61701,17.210662733533624
61703,11.332696153861157
61709,11.727930546484814
61712,19.091462708046297
61713,13.925512833164973
61725,16.217801721717176
61726,16.217801721717176
61734,8.313480164790702
61737,15.248057452933253
61740,24.448694982849027
61742,12.346671926829842
61748,16.36431116766941
61751,16.923913759858884
61766,16.183410671291
61767,13.02661188331954
61770,17.30669852916819
61771,17.850965884687696
61788,14.934692562664173
61799,18.94859886963853
61800,10.84148234403403
61801,22.556922556150955
61802,24.31273159372041
61810,16.35558428645901
61814,31.204553855122803
61815,19.678094281241574
61824,24.358034675322223
61830,20.427779456275786
61840,15.008444167591492
61841,9.069696593530253
61873,17.065213804150353
61874,15.033624384069608
61880,18.249740488029598
61898,17.737093579760405
61908,16.23260588813335
61917,10.913766460436838
61924,14.90201170560466
61929,64.19256016048327
61932,14.390737201352781
61938,15.356327517269609
61942,19.780954608641057
61943,17.7862513445494
61946,8.437137057091679
61947,12.797656675090877
61952,8.775054123528895
61956,13.800350643106988
61960,7.85758431458037
61963,26.027812907668253
61968,15.99126290351931
61970,35.543011855733546
61973,16.26133532503398
61974,19.482162353347583
61979,35.13378308123252
61990,14.11230148910815
61992,21.83826848571893
61996,40.280377156677005
61999,21.101956287682487
62000,16.432907434278373
62001,18.578585956820696
62009,60.90558050988459
62016,16.709704506028377
62017,19.726204217403613
62023,14.374139328876963
62024,19.59663296539781
62029,16.73367188146082
62032,20.814544390056923
62039,15.978109152122027
62043,18.03907446839293
62044,15.146571061311686
62045,14.182465898846434
62049,12.368604755257607
62063,23.435575021145272
62065,11.014311783795838
62069,17.88768938957078
62072,18.619991725415254
62074,8.770120651471418
62077,18.339565722129624
62090,15.056471179460157
62107,22.356742340330822
62110,12.781908416469715
62117,21.277281924140365
62122,23.019870104122322
62126,12.875760703034777
62130,16.320548824236937
62135,16.369464903107936
62136,19.24999999999986
62142,17.236913490654807
62151,49.17503247837095
62152,18.117775062021895
62158,8.144024485732183
62160,13.789121225323818
62162,9.906743057164233
62163,13.539747730569893
62167,29.510228381287433
62170,33.881909930363875
62174,31.81134922966715
62175,16.706243994643366
62203,17.459872559222507
62207,16.087291047827506
62212,17.342245770699964
62222,15.023094343236874
62226,57.66658751788524
62227,57.66658751788524
62228,43.36227958511299
62238,19.419311495183027
62241,18.507879630051857
62247,20.9897815333166
62256,13.96859726010184
62260,46.26617917527298
62272,15.284944147873794
62288,39.78654118100586
62292,14.926703929849298
62294,102.51929741248296
62298,9.971588126477087
62310,17.79183284660774
62313,15.048462419549256
62318,14.541394551591528
62320,19.17688197032658
62322,10.197684205807311
62323,15.704738667003653
62330,19.10014454492671
62334,25.96863030127701
62336,8.70099112450552
62339,19.490259796887955
62342,21.159420081716515
62343,19.518509360643346
62345,22.880104911412133
62349,11.310944488134524
62351,12.365633723923063
62359,8.909999999999998
62362,17.331909714858096
62366,11.357638712062553
62373,22.773800859502206
62374,22.029843419346527
62375,28.359374457474406
62381,15.796492768344507
62383,38.35600606879125
62402,14.635659749612618
62405,15.764788278512988
62409,18.29529410353021
62413,12.55851773142095
62421,20.368589817315673
62423,17.06733850576838
62424,17.01715596230691
62426,19.28169690237465
62427,26.80243887400275
62428,16.984889045441676
62430,32.20569613883151
62434,11.34467676333344
62445,3.85320972001103
62454,9.901595776115773
62456,19.27610847707851
62460,11.807292105507631
62467,16.54363672226273
62472,14.708035906321347
62473,13.733240947489499
62480,12.251087234630866
62482,12.053560895316604
62491,14.973512909306764
62493,16.18859946261371
62496,15.636903971142115
62497,22.196608253070305
62498,37.34116070272557
62499,10.511204829169477
62503,19.13526930849026
62504,5.444287772625614
62508,16.935735938916995
62511,17.60000000000003
62514,14.468065614205274
62515,23.69853204890035
62521,13.704640542334907
62524,14.531094679184616
62529,7.38999999999999
62537,32.78701274657331
62540,17.634388496935888
62547,18.23621920093346
62552,17.67000000000002
62553,17.67000000000002
62555,24.669652842921526
62556,16.92327701444776
62559,17.84400979398822
62560,17.84400979398822
62561,35.49570007058915
62564,13.073853401603653
62572,27.62921219378389
62573,15.082558089245214
62579,49.01284751545826
62580,12.38612471093021
62581,20.225562069424825
62582,15.014889035191317
62585,12.048329149990584
62590,26.007314189451456
62594,21.74683963129385
62595,26.84056427111808
62597,13.453375385960788
62611,14.296322951840265
62613,15.081808110129199
62616,13.536419967371778
62618,30.60613695617905
62624,30.76518789033617
62627,14.590814030890078
62630,27.9250587445874
62631,14.289447723219173
62632,34.089991913807815
62636,27.48391961660281
62637,14.865959320252538
62645,17.81885577219619
62652,14.459926465595398
62656,20.778067463149764
62660,14.697210947057954
62663,11.875842655779968
62665,16.78607487214294
62667,14.603799832112136
62669,15.015051028458256
62671,15.116805080327016
62681,19.219721153925537
62682,10.085252713630767
62686,11.136060635413992
62688,17.461468209502865
62691,9.421157751149705
62696,18.309493191720648
62710,19.76070246863006
62719,18.544418871822284
62727,11.678314644683695
62730,19.075558585167634
62739,7.825891181639756
62740,47.00758470849404
62744,8.584435557706422
62749,16.158170077063087
62757,16.84469762961412
62762,15.95456886611725
62766,8.542255453490057
62782,14.247396456850819
62784,33.35292409114849
62785,8.141029444101667
62786,36.317184425757844
62794,14.717855863522056
62800,27.16966026841775
62801,12.354751860382503
62802,16.717039480705314
62805,15.242170344544345
62806,9.778624388982088
62807,16.99496397395239
62819,48.94411109917165
62820,48.94411109917165
62821,48.94411109917165
62833,25.94441760873494
62840,15.388347472875676
62843,35.437786381568195
62847,14.505364929850282
62859,15.436452859959871
62863,25.182723262618175
62866,22.009262960811657
62867,15.090055470243257
62870,9.30306223152354
62877,16.88440522905335
62879,28.714242682251317
62899,12.975722704303621
62902,27.770824667882295
62903,42.24340408062851
62912,8.482780449836365
62913,11.680164656211607
62918,8.983420908682772
62924,8.874010979120964
62925,8.874010979120964
62938,49.48934959440612
62944,21.575522450669638
62946,9.199835962061348
62950,19.87703829171012
62953,8.08600049007079
62957,21.44732995422925
62962,12.776252462459421
62974,9.990057729659286
62976,4.475149260191421
62977,4.475149260191421
62981,19.782669831988123
62982,28.84279001359746
62983,8.499271407630095
62984,22.740432963582798
62987,50.78705062785188
62997,10.407900968265489
62998,15.611153429668626
63007,19.35101249177494
63019,30.29050984713111
63022,18.00546490653914
63024,15.515117061045423
63056,16.09212524142385
63061,19.72828676577724
63062,11.555621221067677
63066,29.76887480518573
63073,24.168621617205517
63079,14.721597278488437
63080,125.68694995321789
63082,15.049001432236626
63087,13.67341554610731
63098,27.889118816704816
63099,22.918265046111593
63102,16.709764893369652
63103,19.27188583247635
63106,41.220987701069625
63107,9.525285990441871
63111,14.26138383909435
63115,21.33686433836408
63119,12.873974335939959
63121,15.731031168955113
63137,16.886371589115
63139,10.371469197683842
63140,17.863785209290786
63144,14.389124716551029
63158,7.38999999999999
63169,33.730200445627396
63170,13.706631138775483
63177,15.741294267460031
63185,15.251623899796925
63191,8.14860331561804
63197,24.639978308555026
63199,16.033966135890754
63211,15.358166047206325
63214,15.329165117199622
63216,14.196049674809059
63220,17.042582293548612
63222,34.95242460755753
63228,18.118923187744404
63229,18.118923187744404
63233,15.90951472907027
63240,16.467328036823897
63247,17.739646696516438
63253,10.998938211462418
63255,18.885424766942158
63264,12.250227618779062
63276,9.59117095866176
63287,12.450757664848759
63288,7.55370950589432
63289,23.96510135050486
63299,15.52706763268062
63300,16.898135574054837
63302,13.16452547166335
63309,18.878778182734838
63310,16.280305634607004
63313,18.34588008144492
63320,17.05074765115669
63321,14.375741404791476
63323,19.862512338993675
63327,15.760442326023846
63328,25.013730673888315
63344,16.45255319801874
63348,18.487452113233665
63351,17.15994448795113
63355,16.406278601458197
63356,16.176784810017516
63358,15.129281615279986
63373,17.92992827737336
63376,38.534307528996244
63382,11.103863573649884
63384,35.21287997583535
63391,11.38668762713163
63395,33.586841178834916
63396,11.654618756203106
63404,18.9192220763132
63419,6.28248492906446
63427,13.591959294945246
63444,23.52411789782564
63447,18.3063946479381
63453,16.701904149545776
63461,15.186110759537694
63462,16.32601775567914
63468,16.38450364057079
63470,17.765191030064017
63471,14.784119032130635
63476,19.201442364590893
63487,34.19474478189988
63488,34.19474478189988
63493,19.844415108856403
63498,15.365244446103489
63513,16.948254759120317
63514,21.896085974342313
63518,13.387178292865924
63520,18.51424588042912
63524,18.846112071102734
63530,13.908781267469331
63531,13.957285893931134
63532,53.96741279371839
63533,12.260969724074327
63534,22.036938202923196
63539,27.31832290667665
63542,14.772253648314084
63543,14.772253648314084
63545,17.51393522411613
63551,18.097848417788633
63555,18.080371193469055
63559,18.12344816071452
63560,22.947760045081647
63563,17.71814997836258
63565,32.01902572557728
63567,9.960221766783322
63576,39.46644685696735
63584,10.174008754026973
63585,36.13854058807845
63589,48.45174362789435
63593,64.15231749316658
63605,18.646503613046935
63613,17.386304767561867
63627,15.524405475342885
63629,18.656360052642537
63636,9.591843717320113
63661,17.191372466850687
63670,20.36293834452554
63671,15.51675371547713
63673,16.419729580099876
63677,16.199796582158356
63683,8.94297750666605
63689,22.59215235436637
63695,7.397627607012794
63701,27.29844206749073
63708,12.689999999999937
63709,12.689999999999937
63721,19.05880687507265
63722,16.249254451638997
63726,8.7132573299043
63731,76.36392269334878
63734,19.22838652061766
63738,13.904612073570718
63742,13.904612073570718
63748,15.369218065096543
63761,41.794094385245884
63771,8.286251666289337
63773,16.06147175440745
63783,14.925846379714294
63787,13.94115267641327
63796,17.92696328266331
63797,18.978741829756995
63803,24.254927384707724
63814,50.062091696170356
63815,28.52251119978067
63823,27.1599019554571
63832,33.775222494108874
63844,8.87091065546428
63845,8.87091065546428
63855,15.474282051807688
63857,8.06834464400709
63858,27.73413308034272
63859,21.144341572132042
63862,12.730013299481232
63863,26.660932729784722
63872,18.47299705818232
63875,13.388628320533432
63887,19.31779739895989
63905,15.808200512659202
63910,14.16968056297961
63913,11.607329174753561
63917,24.315037363041952
63920,11.115003252522813
63925,13.369934254127934
63934,16.44893819106242
63939,8.139872708212671
63940,8.139872708212671
63945,15.386280611780744
63946,42.1484139328154
63955,14.632788662856967
63959,24.576729166140126
63962,24.49375842507774
63966,19.818447712244776
63968,22.10343702098375
63972,17.18636361035105
63988,10.90560204497865
63991,26.726850741903657
63993,17.648828005020803
64003,13.381153293076316
64006,14.525695295054033
64008,15.04285017609378
64013,11.808147640561325
64014,15.773590811645285
64036,22.15714941205272
64048,16.889683465434043
64051,50.17475706164555
64054,22.05451091239501
64067,16.427003242566077
64077,10.137641879448875
64081,10.97944928987622
64083,16.716687528227375
64084,24.63297989037771
64085,43.74706269584142
64088,18.886797561540277
64095,31.071796542800215
64102,19.047500784340873
64114,13.710300408039629
64115,13.710300408039629
64131,15.250110689939085
64138,13.043328778895726
64141,21.81903187185708
64150,15.178337165406894
64151,32.73966997762864
64170,14.969583970885648
64171,14.378966587328902
64173,14.808900689485283
64174,9.864654309436505
64176,21.226934132634806
64177,21.226934132634806
64182,21.03315770080272
64184,12.856986619383614
64187,14.005844099477741
64188,13.966044189868423
64190,13.335931038366708
64191,7.38999999999999
64192,7.38999999999999
64194,9.243719490362457
64195,19.635905022747604
64196,28.890487342791918
64199,13.966184092076624
64201,8.57967203908164
64202,11.997276272469852
64203,18.679538611400236
64211,38.74355864573462
64220,17.95624157446183
64222,14.142375321390857
64224,17.844543512925217
64227,24.38580621980205
64233,18.300128040369355
64245,10.930950665690139
64248,17.670398116203113
64251,19.53135407940346
64253,27.667011582054204
64255,13.286126908271006
64257,13.24074099415356
64258,23.2567307106178
64265,16.295711927276255
64266,10.520973604590303
64272,80.21879964514596
64278,15.127341636945228
64286,11.840846048667858
64287,15.300947995105837
64289,28.4184597145685
64291,15.063139063628359
64294,13.023622978044363
64305,9.886440537659652
64308,74.77014504509843
64310,15.543329203704648
64314,19.717187103527255
64320,14.163979161086525
64321,14.163979161086525
64322,11.142827469576652
64323,23.024712712456108
64324,15.970218581486716
64325,16.008012558203134
64326,24.8854866280466
64327,18.307559080481038
64336,22.53709330071731
64344,23.329844480894547
64347,66.80950844325986
64351,9.047193521735215
64355,15.077786244110786
64357,29.71530365485333
64375,8.991240548662317
64377,21.057954294312882
64383,55.42413339581794
64388,17.220084725729233
64390,20.442886351855257
64397,12.852715240247123
64417,11.178979343193799
64418,17.52433784356029
64424,20.206784607401065
64429,20.579035135916957
64441,14.703099364043455
64443,7.767347524173374
64452,7.38999999999999
64464,9.4329355437928
64466,29.409187958805166
64476,17.565562728593495
64481,8.827342255416651
64484,18.02950047177872
64486,15.968892899370392
64492,12.129999999999962
64496,26.30334025284969
64497,15.560111165451072
64499,15.906847486832586
64500,14.354253335079969
64506,8.885780541294974
64508,16.191907510269466
64509,22.429588576091188
64510,20.529936751412933
64513,16.201576812243193
64520,34.093067903629446
64529,14.187229512147889
64550,28.692415340282444
64551,16.278398053239027
64554,21.233203812059248
64557,18.115418513207903
64558,9.278133930415972
64559,11.945884209958185
64560,21.552569164441397
64562,14.712060824824807
64564,14.335074957760451
64574,14.311678889564973
64576,16.336211447179558
64577,38.6493780872044
64581,61.45952820106917
64582,11.569314295284231
64585,13.589237814444258
64588,8.834733175871937
64589,14.372770489123306
64592,10.250378418301606
64594,9.115538011285729
64595,14.777826909646008
64607,18.320214300182602
64609,9.887143228390046
64613,14.8251533929406
64614,19.730984623456163
64615,8.168152865717897
64619,16.830104559710676
64621,17.123155729144187
64623,22.662611497202683
64625,16.123054676003473
64629,23.26631435215672
64631,16.84128137058189
64635,12.326588922977045
64645,25.48028157814221
64646,19.732650922280452
64651,11.40264911761787
64652,7.543143053155708
64655,16.532245068254984
64659,10.415043396081252
64669,11.413954567141557
64671,9.117657363770633
64679,22.000782917652426
64680,16.755970161538254
64685,13.128029069927537
64696,7.38999999999999
64697,11.97854745102823
64700,28.81012370372201
64701,14.2746566041554
64703,9.78597148709224
64722,11.951009260131663
64739,70.2631963705036
64749,34.096261787739685
64753,14.059992937962194
64754,12.195227337980622
64761,32.820000000000185
64762,32.820000000000185
64770,12.931593936912146
64776,19.92469803773608
64778,7.780000000000003
64782,16.082989478927942
64785,15.946678835288456
64787,22.505177063601995
64792,17.300764400117302
64800,0.0
64802,0.0
64803,47.775098168492065
64804,14.767725516969207
64806,14.206905704454936
64809,16.035545456062184
64815,14.54223464380064
64826,34.72842349088512
64829,18.329729381519734
64831,13.835573921634277
64846,29.922676984408596
64851,16.361079936963193
64854,33.057955547179354
64863,6.316586841650381
64871,9.57838412724621
64882,41.739261835247234
64885,38.453836108352704
64890,15.604105995667052
64893,26.128875869256714
64895,8.78475450402415
64897,24.613734186622118
64905,28.959630899844342
64906,25.132736309779933
64914,43.699423949270525
64915,17.739530919344862
64917,20.55162580624111
64919,32.7228006508518
64927,13.381121822257406
64929,9.799475359977246
64930,12.193211571802374
64933,12.195227337980622
64934,23.56179794377055
64937,56.1770626794965
64947,17.165171022063763
64958,17.44427832663944
64961,9.191047089841803
64966,19.313264760088835
64983,17.42056255783463
64984,25.365786224219313
64991,9.072246352134561
64994,14.493178345168632
65008,19.433708909765485
65012,22.224428195804396
65017,15.190874354347216
65019,18.376235131100167
65023,22.140249951173864
65027,15.167558151819833
65034,20.528900307080598
65043,16.73045313714155
65051,15.521688421655956
65067,15.433299385232285
65088,21.41011487018449
65089,21.41011487018449
65092,21.41011487018449
65103,29.57879638856118
65113,15.447860625125234
65117,18.95555869379182
65119,6.967740423294075
65122,15.02426027236972
65129,12.77145362167189
65132,18.559295861382633
65138,11.521643793596068
65141,14.60493881498744
65146,13.092799552107348
65148,19.712471785879647
65149,19.037047565780334
65151,15.29698489457887
65153,24.270366539836104
65170,16.53419628474735
65172,14.45242141878705
65175,12.55296007126559
65178,16.203833450014834
65185,19.759471502330012
65192,16.336765966616568
65193,10.142644513022903
65195,10.73586671292112
65197,15.653557714592225
65207,16.29668053913274
65208,16.13279940177247
65210,15.585664051014803
65214,14.874087379777132
65219,16.272038437650476
65226,33.974788410346505
65228,12.460438009651797
65245,10.205783336100708
65254,18.483147855134888
65263,13.853448356709764
65266,8.78562354979294
65267,15.948098930490119
65276,12.989291549667175
65278,10.572278218145556
65284,9.073340396617636
65286,36.99244673226632
65296,8.835364169186137
65302,15.555697173954194
65306,14.809563661887317
65308,15.146584781922115
65322,7.38999999999999
65326,9.612274365729224
65335,21.4921459813395
65348,13.123303023161558
65350,12.033355723653205
65360,15.708751434414552
65365,26.612919725900365
65372,13.582756007221771
65373,11.513772926938188
65374,14.734171841163999
65382,8.33713352672105
65390,15.53500399193048
65394,17.224410606030144
65395,17.224410606030144
65398,16.049614352656707
65404,13.381624267450547
65406,32.21216223376829
65409,12.742678859556877
65431,14.994724074273472
65435,12.812195647776749
65436,76.6458256806254
65437,68.96501897778515
65440,16.951972866833028
65441,39.064904205539996
65444,8.009584323649188
65445,10.22945748470351
65458,29.966696612790393
65464,16.94376651481016
65473,12.284744378505584
65478,14.862095189356518
65479,15.864203432709413
65482,46.189083157989415
65487,9.27015227936652
65488,9.111234512077942
65489,9.111234512077942
65492,19.15562049051083
65497,17.246779876151347
65504,10.402154934817943
65505,17.69953311380377
65508,26.808659650670428
65511,14.465012197720414
65516,44.13435203322718
65518,19.341690490710754
65520,16.721989719400398
65522,18.072747312949975
65534,38.00401772348384
65549,23.9566691840679
65550,19.42376137454502
65551,7.410536344547767
65555,22.713540927842367
65560,22.896340872882266
65567,18.527538859436333
65570,8.920923102029963
65583,17.86728221473675
65588,19.998748875147196
65594,12.821408174828738
65597,17.45022588974603
65604,26.374695160860494
65614,18.767303048024548
65622,24.233675262385496
65625,42.35111167780552
65635,15.849468521928802
65640,15.294670645604473
65643,26.650493751422996
65662,13.495118028359318
65666,29.98616763129334
65674,20.951938962724583
65677,8.42169261458879
65687,7.780000000000003
65688,15.612882432798138
65689,15.612882432798138
65702,13.35885900527322
65703,60.138800402005835
65705,20.889492118877623
65717,14.976791695982808
65718,13.70493680563363
65729,12.137514465036766
65737,24.76087351774297
65741,13.167762857310676
65742,13.168350803775414
65748,13.923157127983602
65757,56.85025218541175
65758,15.43801155407662
65761,16.163851656744132
65766,19.94734085412399
65768,14.212801106881837
65772,16.566920010073705
65778,17.748622327514365
65780,11.41428915437521
65800,9.904131238137154
65801,7.736347664698979
65802,14.489554338258458
65810,28.990901539396532
65812,18.050744603174632
65813,18.050744603174632
65821,14.088737501208303
65828,20.22285152257918
65836,23.982051517467884
65844,23.76514154236566
65846,8.867083494768309
65850,22.222667490038095
65853,11.305249895866325
65854,18.51540786278199
65855,26.67330468696383
65870,18.50453237001709
65878,16.80961851246442
65879,17.36281318953778
65880,16.670050894008856
65889,12.528482335752852
65895,18.570795138906313
65900,17.43131832160411
65903,7.6197931210624485
65905,7.662630497792616
65915,14.774564978510027
65923,22.796911940528325
65935,8.193062864780686
65936,33.70399042013077
65944,17.094254003398284
65945,16.270148426122574
65949,74.84457916196185
65954,21.56646641095688
65965,9.040247955733328
65969,18.73763863233883
65972,16.146289007040505
65976,19.05880687507265
65978,13.432574428785884
65982,39.74631880526081
65984,26.786595790473136
65988,12.9511715361653
65989,16.345050200655958
65990,32.43052053670101
65992,13.621622909347126
65996,7.9698535496098835
66026,7.664466222813386
66030,35.003486951894054
66036,14.554996432536829
66043,14.27999999999999
66049,13.01776686220895
66050,11.286476343139487
66059,28.656786358113003
66065,16.086620034700363
66067,19.372636646993822
66069,13.921308737896712
66083,9.613818048644175
66089,16.04606041980863
66094,16.541980924747893
66105,11.444046266369625
66115,17.51171271763083
66124,20.079026883276047
66132,23.619798464236723
66137,20.02558073518076
66141,8.643623512181959
66145,16.585322774322247
66146,32.10836979986205
66147,17.450745297921582
66151,8.785530540785915
66152,17.097623518986246
66161,16.078183099869168
66163,19.299373352140908
66166,28.934486112337677
66168,57.18809060409524
66171,54.75018147937428
66175,8.565488530365036
66180,19.594107022765463
66181,9.112422687024038
66182,14.251425024908173
66191,12.955314703323658
66196,8.671267860449632
66204,13.974309155826441
66211,23.35929704197279
66215,16.040095795899248
66217,16.25703671729074
66218,17.15849684179285
66220,15.17540057394148
66224,22.78287612748036
66227,25.595905306982075
66228,17.60438000272519
66231,19.53503236621964
66232,11.854071969112384
66250,18.657328148566048
66254,23.46540628830269
66259,85.06254506941602
66270,18.307551707201817
66272,8.321711571457573
66286,11.441667747604384
66287,29.414907308499874
66293,17.24463502108235
66296,25.29163674936368
66297,23.84000000000005
66301,18.152999512250478
66302,17.430047541070422
66308,20.139888386101646
66312,7.879699836027356
66326,13.384895976054068
66330,9.957227961254953
66331,7.710931990514101
66340,6.292161522354176
66342,13.50835543144737
66344,8.249600823731459
66346,37.75384743532527
66348,16.88285503857792
66349,9.96026280520277
66352,32.3918258953099
66354,15.99606150684912
66363,10.036091668888092
66367,10.018404160962959
66370,18.42963714859608
66372,14.300957157502005
66373,17.48132060570025
66374,26.643861849527603
66387,6.095601537592453
66388,39.356176738735215
66389,15.251751447036284
66395,11.097581184581028
66399,14.368961509127748
66403,14.956407591917381
66410,15.35256159698076
66419,13.270363005900842
66424,15.252092392445608
66427,18.088423133020072
66441,17.050602758699622
66442,14.623996082669214
66443,8.36687076093672
66452,54.983294676650544
66457,9.742182910753371
66466,13.250000000000012
66468,25.79800461221864
66474,13.75501424500867
66476,13.138248965815512
66486,20.238055431434532
66497,16.333881071537306
66498,17.03315906669133
66504,12.595252772862647
66507,208.89612893665597
66510,13.02661188331954
66521,11.532935818405223
66525,14.121634662542489
66528,12.94985709478842
66532,17.03932105078075
66540,24.66918338137464
66565,19.5877882811208
66571,7.446263583716744
66575,32.16791988259904
66580,14.589996094765047
66582,36.03843050706733
66584,14.995385458249915
66589,8.356221904898659
66592,17.305401687731585
66602,12.316316475028037
66608,16.009656497396353
66614,20.77695634887993
66622,57.72162659437067
66633,15.446335986811423
66636,29.388215769094423
66640,18.78444964226158
66648,16.50610582160473
66649,15.451357686844403
66652,16.73345672009369
66664,14.859615349388893
66665,47.55853922919562
66674,24.989830475437422
66678,14.312392671256461
66680,24.041892501565993
66684,12.692716190774236
66687,21.49660233545128
66694,27.17668006370077
66706,21.792923528792866
66715,18.344976828947274
66718,25.81904170885225
66729,15.006785307373313
66734,29.49999999999976
66736,19.840033918026407
66739,11.537763090230452
66745,11.763826141395912
66756,14.633628766204534
66776,48.39895968750448
66778,25.973834338387295
66799,9.138169682180603
66802,18.369747310105083
66803,18.369747310105083
66817,21.901063283939706
66826,7.9066914691957315
66828,26.951120806568106
66831,14.742731562642863
66835,22.73820776410797
66836,14.614205467494047
66839,17.867312420250403
66842,17.10523877765765
66847,16.54110908050914
66857,12.500322004043761
66867,14.13505413710667
66876,16.571587424107005
66888,14.00701209526461
66896,15.235750582446862
66897,13.761336468829509
66903,26.28385642672368
66905,17.035662129621528
66906,13.048165646197853
66915,8.62891640973552
66918,14.925647964501602
66920,15.159156998473197
66922,15.159156998473197
66923,27.558199169215822
66928,11.533566187152028
66940,9.573558293793615
66954,18.335830033203933
66961,21.221389083087605
66963,14.501715085256976
66965,23.069757963432174
66966,26.13188873408003
66967,30.901895888380547
66974,15.710001161032583
66975,17.961538011700974
66976,10.134637497882556
66981,18.504067147337473
66982,20.85489503654002
66984,22.268683575206182
66987,66.32241458119012
66994,21.49538486370083
66995,14.348735714185889
67004,19.799591441102272
67010,12.830386300442564
67011,12.336055034193597
67015,15.207883519834617
67026,17.323191787720102
67028,14.80293380416042
67039,16.92574354246679
67041,28.773696714759442
67045,17.470133082690047
67049,25.296834133948884
67064,9.115654787313657
67072,17.750000000000064
67079,24.9545146960692
67080,28.211375353647444
67081,15.00921583038744
67084,18.012496656677587
67089,20.770013829978744
67099,28.934348180135764
67105,13.531100781913333
67107,14.021549130049275
67121,9.742865212186338
67126,17.564095147562284
67132,17.070290043158774
67133,9.613057061286797
67138,15.213531941830695
67146,20.688787251939466
67150,23.75327471935278
67157,16.69703039393813
67165,9.402266927226568
67179,16.142653497447352
67182,8.206496081321959
67183,92.55800595854865
67187,26.53825836586935
67188,18.220032118570405
67206,16.283574228386414
67224,16.880411884502873
67226,9.888984133012425
67227,7.929127479481597
67238,23.605313299928415
67240,17.68923993190149
67254,14.49084298324597
67265,14.765879658900543
67266,14.400154681542078
67278,14.842172841090525
67283,21.673534781051753
67288,18.33489515980913
67289,175.60401450378723
67291,12.703692416133176
67305,15.879645025698302
67317,15.577093606154332
67321,23.388255285631445
67335,10.474187629787776
67336,20.398766519760272
67343,51.17182383391991
67345,8.845066929041218
67346,12.649001106024388
67353,13.92386625464811
67354,15.832402633879568
67356,14.637856112995902
67364,17.81083096533673
67365,30.838487637931618
67375,15.250422728902738
67377,15.250422728902738
67381,14.09535476342456
67383,15.719393718880237
67388,15.274761735122059
67395,27.72578445221428
67396,12.9750279937859
67403,50.779182071649124
67404,18.125591914255345
67414,8.959252754310624
67416,8.981118974865742
67419,9.36493472210409
67421,18.00619071835065
67423,21.49538486370083
67433,10.269879666256703
67439,19.558489900382053
67442,12.287900035911202
67443,8.376429308547797
67444,18.666162385359677
67445,18.138212712579463
67451,17.441250551905622
67457,16.07819966567304
67458,19.782828153372456
67466,22.251800959087166
67469,15.327398238675947
67471,16.50678104435729
67472,11.150636114423104
67476,13.596636587609243
67485,19.015918036245143
67490,29.91611558611401
67500,11.170609723559883
67505,25.962422445536163
67506,8.573141332205104
67512,11.962375673919157
67513,18.344953426176534
67517,14.5489932513923
67524,20.13357398980399
67527,16.69485873262552
67528,7.964958079232007
67533,13.550000000000084
67547,43.22403947194481
67556,18.903380598420167
67557,25.000947691422105
67561,10.838338683084405
67581,7.705316822743377
67601,16.565612065244903
67606,17.00929864976593
67608,12.833885488504013
67619,17.448592112411106
67621,21.705324718488633
67628,8.883374934062553
67629,15.057340642366867
67639,21.18762370637354
67644,10.680007983041067
67645,10.27185111212253
67650,20.308226234552578
67660,17.239505184240173
67665,53.715856186588454
67667,8.296080176492833
67668,12.905526033038585
67671,24.680770360825367
67672,28.737469799436532
67674,7.780000000000003
67676,21.87423444671749
67682,15.191332394320906
67689,15.10656434951467
67694,11.798608292865435
67701,8.458989752267843
67704,17.609949539745745
67706,14.965813245271116
67710,31.082652273700518
67717,13.106884565099573
67718,11.849999999999932
67722,17.60000000000003
67725,27.606065537852952
67739,11.849999999999932
67755,86.66908589132645
67763,12.70154414241313
67778,17.655282895148375
67784,12.577964658048009
67792,14.830834771288771
67796,15.242746708722262
67799,12.276399304556072
67800,22.142341522560816
67803,20.42740670216431
67814,26.41424442286512
67821,15.550116573161866
67824,14.731811358239996
67826,8.835364169186137
67828,15.51110946107768
67836,11.945304649178714
67840,17.39239156349318
67850,15.741365891958612
67851,36.78766886883393
67854,15.339710787249587
67857,13.117437916452014
67859,23.85281887530799
67860,79.84491220803957
67862,18.483102178322326
67866,16.06024521207506
67868,9.349400579928199
67874,10.65910487580179
67879,15.691080100934382
67881,7.626310365427145
67884,19.145608079536526
67885,17.173580065519854
67888,8.450375496276576
67895,11.849999999999932
67896,11.849999999999932
67901,16.791303761069535
67909,14.772622012751764
67916,44.278426945881556
67920,13.980509103694848
67926,15.921979261050861
67927,13.930819181157332
67931,13.723321106349625
67933,16.211461542364077
67941,27.180169207542527
67944,26.0721284552728
67945,26.0721284552728
67950,15.035344368279219
67951,17.8608018789142
67952,43.74138176205109
67962,14.636624524392134
67964,13.396529848860709
67965,40.20371169451599
67967,70.52520230861514
67969,14.624671006132575
67970,16.484197467035084
67971,15.911101877738883
67973,17.516008978910733
67974,20.417331458332452
67975,11.590459918332309
67981,19.354639647681196
68005,29.64511898910079
68008,8.374479441319759
68012,25.78001936606382
68013,4.872874616876435
68016,16.83544574622098
68017,22.50634629557726
68018,19.25986702174077
68026,7.907456798049665
68033,15.264848909083774
68038,15.841594577033561
68041,19.72166048734906
68047,17.560993722013908
68049,14.619018141052381
68051,8.720000000000034
68052,17.77604830033697
68067,8.804365932642414
68071,25.394547978575392
68074,31.429250833743772
68082,12.653629565047558
68084,14.283415460119643
68093,17.789611943894307
68096,13.440000000000062
68098,9.246637254004911
68099,22.67328750059605
68101,97.42054604547164
68102,34.91892411900501
68104,15.21100024166038
68106,98.55911751691305
68112,17.585207574339137
68114,21.546401036391185
68116,15.041767721856534
68121,37.3340231425703
68125,13.169013426113745
68131,13.650370793909255
68133,14.810344510340837
68142,24.433430545557012
68145,17.89371618041043
68148,42.27963033882399
68154,18.1127367837129
68163,28.865536854535033
68165,12.497456356076313
68170,20.383670293215857
68178,18.390533333512742
68180,10.80908778594245
68190,7.780000000000003
68196,7.780000000000003
68207,8.686419168288197
68210,8.686419168288197
68215,22.447811791421348
68220,26.427424929242648
68226,14.830736250313747
68227,16.409450456317625
68230,10.24910461591341
68235,17.84246803822883
68244,22.758805155238488
68245,16.310455053222935
68256,15.844836582611709
68260,9.418882482896054
68281,47.21573315615004
68285,10.95999999999995
68286,20.326903083209373
68287,25.78209428238253
68288,15.99390951928427
68295,10.914323154856067
68296,15.767625169471184
68299,14.810909360745802
68305,15.106119485908629
68313,16.018237631765675
68315,9.446378590130077
68319,20.998660620309543
68323,15.25815616824844
68325,18.807267829949712
68326,17.145110089653276
68333,14.753751668226073
68337,29.369914194911836
68344,14.452990892039962
68345,9.884923083891028
68346,11.977520686829015
68351,12.346503656181003
68353,15.932415149861075
68357,20.416550689734372
68377,17.311080900858492
68378,17.46848934869793
68379,12.646296492493848
68381,14.801616495457058
68390,20.95398862987571
68391,29.489093017570077
68393,6.682786108068801
68402,24.353353770533047
68408,10.985639432241188
68415,14.306821133135218
68417,14.147244888831862
68422,0.16855255166207606
68423,17.245531015748146
68426,19.558940596475654
68429,12.214617184432344
68430,44.82665897968009
68434,22.65166545772141
68437,16.433919468034265
68444,15.761350390493767
68454,6.575143857492992
68463,14.349117076291334
68471,20.288025124858994
68472,21.885093888857096
68482,9.246574482293395
68484,9.008364762015137
68490,8.944431756199673
68498,11.820444957874258
68499,11.820444957874258
68500,12.909408179022858
68501,22.206339720091524
68503,15.999381859717236
68507,11.42375975763447
68510,22.51090869799125
68517,21.411700252585934
68521,21.973622239908718
68530,17.948111162371617
68540,27.10369099187689
68548,13.57069834056439
68560,20.611579198477923
68575,14.829123625915507
68586,17.537305527091174
68587,16.382480731608904
68597,26.096182566028432
68599,17.099292364054527
68606,8.995425581540271
68612,21.255655902094635
68613,16.01249843122384
68618,14.264570076149447
68619,42.02812985049682
68625,33.34776509729666
68626,13.189937425251504
68638,13.370000000000058
68657,31.207447731322084
68658,13.46657037948255
68662,9.64946612376624
68663,16.981740454890915
68671,18.450104194403533
68672,11.281180181599161
68674,26.26840810502509
68675,15.274806674359954
68678,17.82345575140751
68680,16.29658525802805
68685,47.770364361612906
68688,15.988010558436788
68689,15.988010558436788
68690,17.899415810217647
68703,7.676001847019066
68710,26.288791040734786
68711,8.918687712833538
68712,18.809619219228797
68714,8.052522930288907
68717,8.720000000000034
68725,16.89435555561185
68726,16.808280484713805
68729,0.15691021954110915
68732,16.474712577951784
68736,16.35333565623044
68739,27.940032421646443
68752,17.93716314492599
68760,9.674255816002313
68765,12.871652552408095
68768,38.26280680178128
68773,15.205029757040265
68777,7.780000000000003
68790,10.768707899262571
68793,10.469473748177101
68794,16.760803473673153
68799,40.20371169451599
68803,9.266923213019215
68809,15.341602248646055
68810,10.546090251348454
68819,23.99183547884805
68822,16.028303209161717
68831,11.05568033410366
68832,92.54271935957685
68840,16.160000000000043
68858,11.63363463632819
68859,7.581076199943132
68864,16.031109417297632
68874,15.612308920293604
68877,13.947299177751834
68880,13.44628728321202
68884,22.354338863942644
68889,18.875325000218318
68892,15.74274814736151
68893,12.205823858233973
68895,19.456913189889978
68900,15.671013887044559
68917,11.731272732604824
68919,13.23832502536643
68920,18.898345820774733
68924,9.771296085124185
68927,43.73867703091263
68930,8.926580875332753
68940,14.434643045745897
68951,15.817349380539465
68953,13.569516487463966
68954,12.63426524335507
68957,17.549672430305314
68972,23.914128690701162
68980,23.648953270246107
68981,8.686883283270289
68983,19.005263415573697
68988,8.794938945186331
68991,17.225762929264654
68999,27.11555797791203
69008,8.032035589081469
69014,31.12613959139002
69019,19.034822239074135
69023,11.453217378903362
69034,9.104513216119722
69039,14.321342982557995
69050,20.720707399718055
69068,11.846059481829492
69071,15.90961238762457
69075,10.273930881350964
69081,23.920758955300478
69084,17.143496185042736
69088,15.55885985925035
69093,19.521918504732685
69094,10.022456091447376
69095,20.710689466345045
69100,16.473059444947836
69101,22.343232650829073
69103,10.114736467671602
69104,15.19827582150721
69106,17.481176793910866
69112,8.368057138358196
69113,8.368057138358196
69114,19.899705983156377
69118,49.321921817295596
69139,21.584217838951012
69140,20.267057989865545
69141,14.906019484259476
69149,16.25052655925726
69150,9.564183814248345
69151,15.064460827922971
69153,45.69694237483459
69168,15.18473465352827
69174,20.47027587650374
69182,15.46295077318485
69183,16.2316330827648
69194,7.999232600703612
69195,15.587761060503297
69201,16.903299675701923
69203,17.2769115881984
69208,14.081652051711128
69215,8.185926396612183
69216,12.333238569468973
69224,16.945887319426912
69228,16.11053823245201
69230,20.18999999999986
69235,16.128618228600057
69237,16.325466040526106
69242,8.605857157783152
69258,22.403049834749034
69261,18.376775712202075
69264,15.543003957206029
69275,13.409711786463772
69280,14.174170345611865
69282,18.95794922914955
69289,38.82595611259151
69293,19.7831093414579
69294,8.297899080333202
69299,16.692668847401343
69300,13.699356349998416
69312,117.39240175675725
69315,18.082898066151262
69318,15.411621423374626
69320,14.278148789851404
69323,20.171760659628564
69333,13.664301780685939
69335,43.78955937981474
69337,13.500860466393151
69338,13.539192968835538
69342,21.05617360318436
69346,17.955663348828804
69350,44.770509735734464
69352,31.933332518198654
69358,19.6375708515875
69360,19.95455321602563
69362,18.50858947931845
69364,15.523632181611077
69368,16.09026600663224
69371,12.172789665110402
69372,14.025583406573753
69374,15.637375027497097
69376,15.532327273175973
69388,9.339999999999973
69389,14.548182026596201
69391,23.61465601199991
69397,17.60638144657179
69398,16.93884423976072
69399,44.71875673398869
69401,13.812915421722712
69404,16.38697766498769
69409,23.541951640031098
69410,40.225932757756844
69417,18.851489602373736
69419,12.628014508063355
69428,45.3506992236126
69431,22.82114574476146
69432,17.70698355123895
69434,15.056399532171316
69438,35.40992846936046
69440,18.854431055614167
69448,7.689602567591182
69456,24.70792531531025
69458,63.926171885694714
69459,63.926171885694714
69469,17.6562149373607
69484,18.007846644472615
69495,20.67297070131003
69502,22.56685409996863
69505,22.56685409996863
69506,22.56685409996863
69508,17.65999739291546
69511,8.505180596615972
69513,11.982348751493872
69522,16.179798592995937
69528,15.666901194851526
69529,11.287951764473311
69534,40.21064714756488
69535,17.9823687061787
69538,9.211827682843984
69539,74.12719113075637
69542,16.020317445521915
69547,20.318161529113194
69550,26.427424929242648
69551,21.803817238289906
69561,25.182493116846057
69564,19.00275037121674
69572,33.17662637247054
69576,22.154740566811824
69579,16.35032866920647
69582,12.135356321593905
69584,15.637733288600934
69586,24.107982617350412
69589,14.444092725698054
69590,16.65597613997389
69592,29.32884068489826
69596,13.525213987828701
69604,8.991733331375045
69614,12.114374938400122
69616,13.596636587609243
69628,25.705562293288608
69629,12.286023997909698
69630,21.65566559393223
69633,13.94115267641327
69648,1.200000000000001
69659,18.37988414970779
69662,17.69019731544245
69670,14.50565837337746
69673,17.268044096912323
69674,15.16481648878219
69676,15.16481648878219
69697,20.110608904317065
69702,10.225935886615654
69713,33.89349275393517
69720,41.14139487059813
69725,25.925173813865154
69728,22.752780727423403
69735,11.829999999999972
69740,13.179585148100651
69744,26.828260072186985
69751,7.844776865795097
69759,151.404452435316
69761,14.808628197056281
69765,15.11244564895496
69770,28.412085506552977
69771,26.59693953215705
69777,9.52528842294561
69781,20.73070226998193
69783,28.906232997451315
69787,19.515745550560666
69789,87.86643295331781
69795,17.635680000212993
69800,7.3719308953897755
69804,15.4148671668969
69807,74.96821882569252
69810,0.3063196761368046
69811,0.3063196761368046
69815,35.94649360120477
69820,17.35893114754118
69822,15.366366593383617
69823,20.296745758140585
69824,10.982099250076905
69825,17.67000000000002
69827,17.348358105673345
69830,12.810746000264919
69831,32.77431841992917
69837,11.76880355165725
69838,11.76880355165725
69844,41.734416194784
69859,11.940302084777766
69861,15.500559373841575
69863,17.69647475864168
69865,14.54272197562589
69866,11.734365726036197
69880,20.010030829382305
69884,9.102029522887436
69891,18.875129907498238
69904,13.106940648768315
69911,14.403180976286652
69912,17.758573665367305
69916,18.49892739410879
69927,11.545037974146908
69928,19.23935803870344
69929,22.761168784462136
69939,23.01430635309074
69950,12.845604453221402
69952,12.845604453221402
69956,13.6825625770741
69958,10.298478140560452
69968,20.31663312348075
69976,33.602622446710676
69977,8.62347184044277
69979,23.058795198669838
69981,69.0975067742661
69983,17.866008776609043
69996,18.325621200987655
69997,14.154828899849923
70001,36.823214629623656
70005,25.932179330048758
70006,9.475230351645259
70008,10.298021441769851
70019,16.309323397327677
70034,20.753338160712218
70036,10.63867626384179
70038,28.161667247250765
70039,8.161210128588406
70057,15.532114632236809
70058,18.64405307760277
70059,18.97899514435735
70063,17.14588347351954
70065,22.35596920621965
70067,21.538208447803576
70073,8.867083494768309
70074,8.867083494768309
70078,14.323896270650147
70085,22.97918817050049
70088,18.673787570167804
70092,18.530633184256565
70096,45.76712170156792
70103,17.6854329925269
70108,9.534963551374592
70117,18.208467407179487
70132,14.447770904896263
70139,13.517428068314972
70150,40.28155110790044
70152,16.374452144197644
70153,18.882962665123326
70154,23.708853809140653
70156,18.204520984560073
70163,28.428723482951813
70164,7.780000000000003
70170,15.188773666522941
70171,26.899880104958672
70172,26.899880104958672
70178,17.306314354284975
70180,9.130585092446669
70190,40.8119514530414
70191,15.461880841492622
70198,51.32999999999973
70203,18.147358432333824
70206,13.122447068433749
70208,13.647032676809209
70218,22.12471771311523
70228,51.25111801026202
70229,14.57396962440989
70233,18.125811965360565
70236,8.264416617239311
70240,15.808267894553488
70253,22.79762605373951
70258,10.644359872352299
70270,16.00934934222579
70274,15.226386792503014
70285,15.800313792167788
70296,15.837661639387907
70303,23.511374927102093
70308,21.130000000000035
70311,37.551759862139235
70317,20.504652513024187
70320,8.867083494768309
70321,17.765290615092248
70324,16.31896886343564
70337,14.367176491154034
70343,30.850104549992725
70344,25.99165442764708
70346,20.972702396387795
70359,22.712513485900573
70360,10.815615766981509
70361,16.757703361799145
70365,41.88271098855058
70377,15.48720959732714
70382,9.7667461878467
70386,18.6202204445382
70393,32.79622139222798
70399,19.350930511240477
70406,13.013659903275919
70408,17.84992898415222
70414,13.217643727620345
70416,18.857524430358097
70417,12.018423328161116
70418,14.806762669814017
70420,25.665584951163805
70421,16.958215037750886
70423,14.865632990400158
70432,16.310571869759162
70435,22.10217821905417
70439,19.95775810379087
70451,9.463818779070323
70469,21.109354672974206
70474,15.196546194333134
70479,28.854990628026137
70485,17.165993012977538
70488,13.567627778614323
70490,13.528279020959657
70500,46.416641446089685
70501,16.27054583055277
70503,14.531589684512964
70537,19.875426794676585
70541,24.119692926330675
70543,17.762044880248332
70552,13.521667566320028
70570,24.061718993322575
70576,27.730498577903525
70589,13.344911752856216
70592,15.33633889567598
70595,10.800446961041555
70596,8.63022524481767
70601,8.19493870928566
70604,15.831958538382324
70608,14.497530054907568
70609,14.497530054907568
70620,21.71759450864272
70621,23.921366286498355
70631,0.0
70633,26.278881908399903
70635,17.1580095027912
70636,19.893128329190976
70638,20.95890152933799
70641,23.49852379204771
70643,31.718340020994205
70644,18.886413312645953
70645,27.450956692588953
70646,10.603946265625005
70651,18.757096906876107
70661,9.595610281131291
70665,20.42648651273389
70670,16.79866681539219
70671,23.875138300505235
70675,13.5705212712451
70680,28.90313558448487
70684,13.596636587609243
70691,24.10950114106107
70694,12.614844467595896
70695,12.614844467595896
70700,21.182351527948445
70703,16.3129439624776
70707,12.710127853120383
70715,13.13733604208787
70716,16.523689546275694
70718,16.49358560066482
70719,16.293656125065134
70724,40.37999999999968
70725,14.558686999118036
70734,9.074675869735275
70737,14.98219499917756
70738,19.218671560038718
70742,12.349961394925351
70743,11.73466093270711
70752,25.34140997909991
70753,9.030271396046341
70754,16.90428031375377
70755,10.113312036829177
70757,12.575414057163645
70759,15.899174216954371
70766,14.965299646616696
70772,11.251058517061857
70782,8.606475241620359
70789,17.096412053508747
70804,7.018624850764329
70816,142.96529919406143
70824,17.991650328872428
70829,41.919471492698506
70836,12.457081818684253
70839,12.675794469249285
70840,13.94450769086373
70847,9.876061535481059
70860,27.30207568443048
70866,1.592000083549959
70869,18.12344816071452
70873,22.743878932408187
70876,16.328228202650042
70879,26.057959998045856
70880,16.633862347491856
70883,34.96019844080026
70884,11.949574201138265
70902,17.820272405643152
70908,12.872835885510721
70925,9.89928445259555
70928,18.94283865911869
70936,8.948860219119494
70937,9.276430049603904
70940,38.72364014432917
70946,12.583223424118664
70947,14.445603678259703
70948,12.368661547626015
70951,65.26017534292077
70955,30.78134221119177
70957,36.485929677914285
70967,10.051521347758126
70968,10.051521347758126
70970,7.425843192174362
70981,13.381624267450547
70993,14.515845427160697
70995,11.913876096520067
71002,20.354269459775196
71004,35.26028182252175
71017,16.5449938796201
71020,19.19438764386288
71022,16.958895216018593
71024,16.344004258428782
71033,15.274516394566508
71038,14.717896849355816
71054,15.4628988708826
71064,18.13203719171917
71068,18.075765072432283
71070,26.491202417847667
71072,16.545688966329628
71077,17.029565961974395
71080,35.31234006848358
71088,16.620958789804348
71090,14.199298092082438
71105,12.535126477263423
71106,12.535126477263423
71108,12.535126477263423
71112,14.607831723864084
71114,14.607831723864084
71116,13.53482906508629
71120,14.015426196639678
71122,17.8566592053177
71125,19.360097518228606
71126,13.766997832812075
71128,14.40021519729726
71131,20.18713211454128
71133,31.489236889765586
71134,32.791052433714285
71140,40.2853718777946
71150,20.419519289369433
71156,17.63688672552396
71160,14.510089269469963
71164,20.76344853601981
71165,15.29731289377333
71173,15.241286166358194
71184,17.003659964597688
71188,16.404106275194653
71189,17.45219285536558
71194,42.70644929942277
71205,8.89428971018829
71207,23.976239576539218
71209,6.774331230149192
71216,16.216194982230174
71218,18.577551251149565
71225,9.395330630883436
71233,10.128345924141325
71234,22.348805976317017
71241,16.224260528638034
71244,15.043008406851058
71248,11.800357918975216
71249,15.122954983779348
71267,16.687963770254726
71271,18.13633826907943
71276,18.18250532075429
71280,14.806859243138936
71283,11.025646408598076
71285,17.67824831369295
71314,18.165233709754833
71317,13.252729358070896
71320,25.217770553275507
71326,18.19393210893522
71328,12.416934943741701
71347,12.111024717219989
71350,21.655801937538115
71351,19.035302113970115
71353,19.923903884151088
71355,34.91111239536854
71360,12.435364272579795
71362,9.363481597111397
71372,62.56996545858809
71391,21.22378060785773
71402,10.612991452307444
71406,10.064649020205866
71412,16.32507457919379
71420,17.571986004336225
71421,8.150701533332226
71428,15.448198638040378
71436,2.308738516255982
71439,26.509837149800475
71447,17.5638869483102
71449,15.252752789193195
71452,20.998983213109017
71453,9.317048618348077
71462,28.712154579924192
71465,25.290986665764585
71471,15.813475611512661
71481,16.88778004851713
71485,16.12110671368843
71488,19.018664494354606
71491,22.740432963582798
71495,19.39956720824943
71496,19.39956720824943
71499,22.343232650829073
71511,10.413626631072924
71514,17.269630153013416
71515,7.744512382511887
71516,21.865180534748447
71517,12.709134071825734
71523,11.239561932729082
71542,15.757113329519722
71552,25.243901875458036
71554,17.7331568309606
71558,30.753843467796646
71562,19.649488600968198
71565,16.964569531011954
71569,17.385667123898465
71571,16.097301559488745
71578,19.40403701960685
71586,24.302280781533316
71588,18.801385442076466
71601,28.71358696097703
71602,10.84163743167812
71604,23.616746874444402
71608,23.84000000000005
71613,30.57594537510216
71616,19.926265764161187
71619,13.818113986334781
71632,22.003710181811353
71639,24.7752479658787
71646,15.123515736826736
71652,12.809899964139131
71657,8.859066795824237
71663,14.834743619804804
71669,23.736470135750764
71672,25.27787842703168
71676,21.52018463291399
71684,85.84786622888261
71689,19.515465932362016
71690,19.515465932362016
71691,16.31666839787182
71693,17.714140173262916
71694,16.938512103078466
71697,15.919776036899076
71708,13.932369455372996
71718,13.159599360538012
71727,15.141160212791746
71731,16.581830319578174
71733,16.581830319578174
71736,9.56885620112877
71748,17.349385894313986
71750,16.916709839385668
71755,24.468298029310336
71758,43.41451814760291
71764,16.3107299167153
71774,21.027673122414953
71777,7.950468645001505
71784,16.342541542622723
71786,10.124043088864324
71791,15.151339249263604
71792,15.151339249263604
71812,17.06225867351015
71815,15.360007885770614
71817,9.442981462172435
71819,26.110792391158718
71830,13.697677892488896
71831,23.177197644281815
71837,17.6851753452734
71843,12.10888641435204
71845,18.21124781048671
71849,26.527025190923293
71853,22.521624572536304
71866,9.101272813286338
71868,15.034758957501314
71870,50.414949108250724
71880,20.87660674965253
71901,24.88445130989455
71909,12.194319530779278
71910,13.006930226351074
71912,16.043941611515763
71918,12.135356321593905
71933,17.015520722460916
71954,15.776710672644722
71961,15.205184996707171
71975,16.768279415800706
71977,15.624459968947615
71981,21.787271688750693
71984,14.905542004561305
71985,20.85045897556696
71995,17.10445319013694
71997,17.74551632772548
71998,34.75871640163844
72001,24.486279883417453
72002,17.29519449285064
72006,8.617008343001883
72007,13.429713179913438
72018,18.018844563176017
72021,27.941839818964688
72023,16.72279798179185
72025,14.557143470031349
72027,58.13637001833332
72033,19.36471600761787
72036,26.359701727828103
72039,110.01327669577248
72044,22.980307721742374
72052,19.590454974512575
72058,14.129999999999999
72059,27.149894222855103
72065,12.53160032753596
72067,10.626631691645441
72068,13.452242220464205
72082,9.78497803761233
72089,44.49727096286721
72091,9.469812280202937
72110,13.270855280893056
72113,11.150636114423104
72114,39.69975004163782
72121,12.283670876735657
72135,34.518957959187965
72139,36.03551825078046
72141,23.705344783247345
72146,18.177529131278526
72150,17.70634839371171
72154,19.26944331210256
72158,12.26859153638705
72159,15.305956434253297
72162,19.424286200758427
72176,10.58107630408093
72179,19.253480514039122
72185,17.693188855674748
72192,13.076825817071796
72196,9.499293060830436
72207,20.150684227800326
72216,14.49047254653311
72220,19.51489139437468
72225,9.28333597527911
72230,14.132285294622335
72250,14.313455847186324
72272,12.840551940610586
72282,11.101722602077333
72283,18.04977137655657
72293,15.145381237307578
72294,21.530672639209705
72295,17.0463327054772
72301,14.248963475384706
72307,23.941500708381778
72311,50.04370865394514
72312,7.031810811586954
72315,17.51836579809175
72322,11.826520906783527
72351,17.201982031744564
72356,34.43913483508187
72363,15.91662040557842
72365,19.571711877254295
72386,16.672278119839593
72389,14.503097921709736
72393,11.256796119633721
72407,16.154987451207155
72411,11.25447690539776
72415,12.88463399114024
72419,2.293725626461475
72423,17.63855374180993
72429,16.507460207118314
72437,20.56951726611438
72439,19.192466935494135
72445,20.85455006828942
72448,46.05278593659109
72457,17.57225524102042
72461,18.81482353421734
72463,16.22868895773069
72465,23.767373007038533
72466,7.543143053155708
72467,10.506885277005333
72468,17.828633859151324
72469,31.014396309567438
72470,18.130911649019538
72471,28.688660048266385
72473,16.080576553189314
72477,17.159999999999872
72483,13.25769900521144
72484,14.413261420146085
72485,14.986057170705749
72492,16.48993916334708
72498,14.12424886892899
72504,15.803377112392223
72505,10.941841674497415
72506,11.5495401701042
72516,13.250000000000012
72517,13.156222529558937
72518,16.25409471814918
72547,80.82969585259454
72550,15.465697955110961
72552,34.0812474855692
72559,15.113465418813
72565,14.92750966581249
72579,9.734638122645805
72580,19.217128476072393
72581,19.217128476072393
72585,10.470000000000034
72587,25.625123811680357
72592,14.419335149541402
72601,28.52419520912909
72605,11.249102743508617
72614,26.27824241013917
72619,94.90207669097889
72621,11.046125899287123
72630,18.522871496681596
72636,12.384481389046911
72640,18.913873284258614
72641,22.65243897249035
72648,10.422725655311956
72652,9.750421677746056
72656,22.582146578416907
72662,23.727474063433753
72669,14.242939434554167
72673,8.54639091502144
72674,13.312668512402674
72684,10.179066989914958
72689,15.77597023428832
72696,17.546615506256014
72699,20.881402309238325
72700,24.570627298932504
72703,24.224491337429846
72709,16.749479454422737
72718,27.310525593138532
72722,18.61440212021007
72726,10.135531300347756
72733,9.065177532010592
72738,12.539181830171982
72739,12.351907135012059
72743,16.268833886647784
72755,13.987920351809409
72768,8.734605683148544
72775,20.4694229465514
72778,10.80908778594245
72786,11.312675818527596
72792,33.11665212419801
72795,18.949904549136164
72797,26.393448404624426
72801,13.866041239733482
72812,8.875565040467366
72818,21.143916772218162
72828,10.849197485161156
72834,26.900375135421584
72841,15.426383920788723
72844,22.341325426370435
72850,20.88964912916689
72855,15.069784990380295
72859,14.287490789957044
72866,11.67715584003245
72868,24.257298928657168
72870,20.776884078229823
72871,44.29185196301938
72877,25.89286921867251
72881,8.805170650308696
72887,10.621855556053537
72888,10.621855556053537
72894,18.590847761412505
72896,17.1918537956231
72897,22.15313501030033
72899,15.639158646931023
72904,18.062423436143163
72909,24.766918812119155
72910,33.15186765529664
72913,15.013408166410642
72914,9.535781616027167
72921,22.886464411669106
72924,13.232333768077183
72926,9.808117396512792
72927,7.38999999999999
72935,15.581707954244255
72936,26.01196398989711
72939,21.143544242488954
72941,20.335716342991034
72946,35.53018864025374
72952,14.640677711127772
72953,8.720000000000034
72954,8.720000000000034
72962,17.241838482582867
72967,18.165560857957782
72968,15.599233042209686
72971,10.688137133793234
72973,56.47846203623992
72976,84.20142386881808
72982,10.63162041770809
72984,16.07110236853301
72989,40.83112864739765
73004,15.295375193364297
73013,15.615705260205619
73023,17.400651571087767
73026,19.7742481689784
73027,15.81754385091974
73030,37.402755272861306
73032,9.248618351255729
73034,16.946191793349332
73036,15.572543482650424
73042,16.08079555970456
73046,13.62395913922965
73050,13.646735424460978
73055,19.211805609303426
73061,12.57631678079228
73065,7.753505676531615
73070,18.486085493761262
73076,18.935083514323516
73079,20.225827209873593
73080,15.07826899614038
73093,54.12253217777263
73096,11.870445675732388
73102,25.203196472555394
73105,148.45639932157536
73109,10.326503035000535
73112,20.719604233370376
73114,25.92476316732813
73116,11.445264443142726
73117,22.21316122941978
73120,17.92000000000003
73127,9.394757095595931
73131,16.162843486059305
73132,23.82088566935623
73133,15.20392540241247
73134,12.137947364985589
73135,16.11053823245201
73136,24.42632545197542
73139,31.382266326783054
73141,8.881217062598727
73144,18.27027269375656
73150,10.31441611957584
73151,24.247983417340805
73156,17.137476604363407
73159,13.847453377020699
73163,19.88396180220089
73166,21.244512427085496
73176,19.539582620939644
73179,13.758020250759435
73186,14.523304924548565
73190,17.562105115181193
73193,14.517075355559056
73195,15.275752252995982
73198,25.590840438169867
73199,10.317066314371164
73201,20.930771913204406
73202,63.401288639089756
73204,10.284314148506484
73206,12.640135448450168
73210,12.270075219821234
73220,18.232188120819742
73222,9.861086097406098
73230,14.200485262756992
73233,17.022287449820503
73239,12.206265855795843
73241,13.657938966057673
73242,11.435509385125636
73245,14.842538388621744
73258,8.702343553347385
73259,19.57769891734419
73260,12.856986619383614
73262,8.775504551362157
73263,30.34949954835419
73271,15.023399313478365
73279,32.081630384002636
73286,16.696981675587914
73287,10.214461795865397
73299,18.112397068968455
73300,18.32121485536134
73303,14.917762553615452
73304,9.708081547846598
73307,13.46999999999993
73310,15.144238886371674
73328,14.803422871424926
73335,14.930794731266761
73337,14.84444309640376
73348,9.903769333363039
73351,17.86684572854754
73352,14.763225625918482
73356,18.11037539829333
73364,16.193618138288038
73369,28.16917234070573
73371,7.407115924694297
73372,36.222311503868085
73374,20.897767478633426
73376,18.342929023629097
73378,15.361798140941108
73384,11.136850569184315
73386,17.838277100837352
73388,18.227576986685314
73389,14.109034238883456
73396,12.708592938102932
73400,15.885938189483486
73404,26.21882980559563
73405,27.39221120595404
73409,15.257608272385127
73410,16.980258334653744
73418,15.062153480214068
73426,7.385194406372673
73430,65.47861082069903
73443,16.04318833410596
73444,17.71260847411103
73450,9.597200085094283
73467,14.757280618470025
73468,14.652261490380388
73469,18.872240613978697
73470,17.6059754250917
73481,13.105370575162672
73487,30.07223515677348
73492,32.10705981074516
73496,9.466645342112264
73501,11.908956305070555
73503,17.56846550950106
73505,13.354764383446954
73508,16.136301853992663
73513,16.05912962803484
73522,8.3068530422431
73525,15.667490848503043
73538,18.555092992814203
73540,15.982556196740436
73548,9.62294163135726
73549,18.29279712636045
73557,36.13452334351991
73562,12.918057424149204
73570,35.895175882203326
73573,14.113124655914932
73575,17.736977146109076
73578,32.816820710386075
73583,23.84561568838927
73584,23.84561568838927
73586,23.84561568838927
73598,11.815874976980522
73599,11.815874976980522
73600,10.200808371125362
73602,15.44409145415155
73614,13.17581487359543
73615,12.145403545203617
73616,16.160654325416044
73618,18.27177811085239
73624,17.12290021388062
73625,16.777151960206005
73641,17.774165494301407
73644,17.904671313913042
73652,15.755433272521117
73655,24.159860911381088
73658,18.655427003466695
73659,14.832107508689761
73666,17.111942870071186
73677,9.11474037145894
73683,12.437397270992758
73694,16.340309477460853
73704,17.144433701240484
73707,11.320756076954337
73718,8.42448337122738
73721,8.670960631416945
73735,20.542261832686165
73746,21.165397982073905
73767,22.070271861711976
73772,10.548514482398456
73783,12.47658971722313
73788,14.71785448384096
73793,9.870051794547187
73794,8.031013475349951
73795,12.72573401607184
73798,17.650417021168547
73799,14.494460201977454
73800,10.738006807917376
73806,0.06349065570245106
73819,15.849633335964274
73822,19.344225033197194
73825,19.42878894156058
73830,17.982430298957965
73833,13.545402401769131
73838,12.693463250375055
73841,15.17579096809865
73846,17.533217652603298
73851,7.971683047812856
73856,16.676711178286965
73869,26.666534027461996
73871,21.114136984112815
73877,26.095275622961847
73878,21.58383980276832
73891,15.505426942717978
73892,12.561203000877384
73899,8.528715679500875
73903,29.232078124798143
73912,17.461597340820664
73916,17.813978105646957
73917,20.575286856455694
73920,22.075801064408363
73925,17.02478763780798
73931,27.326057163403878
73935,14.514136843864307
73941,11.881203430777731
73946,18.97688468442678
73948,16.475017158047432
73950,21.907995288964376
73962,0.9862195617111564
73969,9.65437089252932
73975,37.88704431639881
73978,10.761029758540616
73980,28.61146582708664
73985,12.579828062275864
73992,29.409084577137083
73996,28.982643912604026
73998,17.49206768229604
74003,28.794740430675912
74004,17.05264250393741
74006,38.159200296293065
74013,37.6837684574352
74023,19.30348297693265
74025,15.283487411945782
74027,17.352694808605786
74028,15.965781583158574
74033,16.717834841264526
74040,17.40751394718634
74049,12.309499250963913
74050,12.309499250963913
74055,7.704662137907965
74074,86.8479443504533
74080,24.720768744027612
74081,15.698531897699986
74089,38.26280680178128
74103,21.89157615438398
74104,9.08951140493429
74115,15.906847486832586
74118,12.14807355657667
74126,15.520156756436759
74130,16.433238419540785
74131,40.342984429770326
74134,33.07828501118188
74136,20.29210476895075
74137,20.29210476895075
74139,23.595788141759204
74141,7.463195844667469
74144,15.069465306666093
74145,19.31875334392664
74149,7.393179550077328
74151,11.479608184563698
74152,14.876066243504479
74162,32.8848919104246
74170,11.926479850162764
74171,13.41167041086554
74173,22.778854228607305
74174,16.627263885574386
74187,17.66219797543031
74188,17.66219797543031
74189,28.51110205390509
74192,14.884437588826888
74193,14.374428960011272
74204,18.718534471024622
74206,13.435934305297515
74218,15.680274371323073
74228,48.538699208751076
74230,15.899989231638322
74235,19.448753125981888
74239,16.389833419245107
74240,14.285302607264835
74244,7.413193207474158
74245,7.413193207474158
74247,19.51601388464992
74248,15.98028755527261
74255,17.862615661402337
74261,17.94789431808368
74262,19.01211547408104
74272,17.529513649866356
74276,18.089291479789996
74279,12.23573395054123
74291,19.90725708761582
74293,150.89694867977173
74294,22.054904188521604
74313,19.261528899858913
74317,13.605779455147964
74324,6.594079275576909
74327,10.351945308906927
74329,15.48670186598752
74334,29.0253979596906
74337,15.690491367655138
74341,7.981599704447367
74359,38.28273267264829
74377,26.32428405321347
74379,11.291750118824732
74380,12.141130760159927
74383,26.641598776530664
74386,11.849999999999943
74387,11.849999999999943
74389,34.88071115500997
74390,31.954097494592702
74406,41.462100341940655
74410,17.43285564336825
74418,17.077210326875534
74427,18.066689565157617
74432,12.301867896790542
74435,19.537792566116906
74437,13.146203780577343
74442,16.07000127742487
74446,21.501557473374778
74449,13.265338236583236
74456,56.75975313034401
74459,9.656416948460675
74466,13.122521952257094
74474,9.971588126477087
74483,15.376630827230155
74487,26.77395354636596
74489,65.5162723425041
74491,15.320623344341694
74492,9.152539792256258
74498,10.906599401432372
74499,19.81028095052767
74500,19.81028095052767
74501,10.906599401432372
74511,13.028568077784069
74518,30.71781693051384
74519,30.71781693051384
74555,9.60493893305141
74570,27.73924146701831
74579,15.819355518021656
74581,16.973521226219646
74584,20.94369330419219
74585,14.137288232467101
74593,12.340269449357153
74597,30.81400229221911
74599,22.388371795204407
74603,24.676295487049753
74617,28.576673323585297
74648,15.4841396975619
74652,10.8479866793716
74655,11.44930733893689
74656,2.7776856933180376
74658,10.539068336602677
74661,12.968992168269274
74665,16.899683976147823
74673,40.6818611692337
74674,33.94497311275435
74675,26.1152785649345
74678,11.272457554576008
74679,17.541001092895847
74682,15.767308568752338
74684,32.71033074116743
74696,25.180346446959035
74703,9.438573460594668
74709,15.747166742093398
74712,64.15231749316658
74723,19.115162962138726
74724,26.743972611656307
74726,18.358229672458073
74736,15.921448173725945
74742,17.722355000540315
74746,22.743145247725774
74747,17.36660781009565
74748,33.37173336340968
74749,12.297606053624492
74752,13.012795752712425
74754,25.691296995808884
74757,23.757220616300554
74759,14.970425667474663
74768,9.763331518528357
74769,14.96032533867478
74778,23.12441702931584
74782,11.480162449739472
74795,14.734049931322303
74800,15.146151858197967
74801,15.146151858197967
74815,54.49890335776399
74817,9.45962009692332
74826,11.861761627082235
74843,28.15240761589035
74848,15.59149141189544
74850,13.915366933655182
74859,25.674071061781042
74861,15.23421609795178
74864,22.46520951058288
74866,48.1765122468554
74869,8.192411456847488
74871,17.877619194329224
74875,8.800068509223584
74876,11.76838219546366
74880,15.67275693364244
74881,12.029316694102459
74891,51.04648611423732
74897,20.678688560693534
74898,8.044060031898505
74912,19.34213661435724
74914,15.932660780481399
74916,15.74038326594281
74917,15.74038326594281
74925,15.34576289467071
74926,19.535969533778676
74929,33.9740746744066
74930,21.71159468241009
74931,56.23783161251522
74935,15.249039774681588
74938,19.41825177869632
74948,12.360579565647367
74953,15.44479410445615
74958,16.0605153328638
74961,15.473476968725528
74963,8.264416617239311
74970,14.990988802683269
74972,12.3239063180677
74975,8.26846031683204
74983,14.707035587085418
74994,11.538976454651538
74997,20.94784904832317
74998,20.055282412550156
75001,31.974471556330684
75004,14.482489325488961
75008,22.305057684417534
75019,17.191074145380014
75023,32.91583087205017
75025,8.793407555088793
75027,38.659552308996986
75029,14.695378859615353
75030,24.20238319007861
75038,14.627068444159516
75042,16.74075062585986
75043,10.95999999999995
75046,8.924022561069362
75050,12.67781400957384
75054,17.67169238367503
75055,17.67169238367503
75061,15.446821618276772
75064,17.436174672596678
75065,15.099999999999962
75076,15.052405083426063
75077,20.97156642935867
75094,20.757276076591097
75099,9.86970861819462
75101,120.42265275533934
75112,14.439999999999943
75114,14.439999999999943
75115,14.439999999999943
75117,14.439999999999943
75143,10.420983304125944
75145,12.518252117088132
75147,24.823647697890046
75157,17.36247903223348
75158,14.249438518430026
75159,12.308315216374865
75175,8.859066795824237
75181,24.552749446656584
75191,9.13766589675853
75192,18.651321236957365
75195,20.129191142114138
75198,24.039482934184672
75200,20.586245515274566
75202,12.238662348926413
75219,11.142624491189569
75226,15.526392480847367
75228,17.663054465730422
75230,14.49158063909798
75231,35.573614277339544
75242,17.605560168464255
75243,8.432886108443732
75252,9.760692210075952
75253,17.512506778909582
75254,17.512506778909582
75260,19.66106878024457
75263,31.91949956725979
75264,49.72125858054469
75278,15.774938554328841
75279,14.34551887582158
75283,10.896052030319503
75284,14.762217743102541
75291,14.997900247714718
75294,16.413875350470526
75295,9.866285851505822
75299,23.059789150511353
75308,15.135749413395093
75314,23.2210936944204
75319,23.78221544515099
75324,11.81262445531345
75325,12.550000000000027
75327,12.489556720704185
75329,15.423726309441395
75340,14.970095171110898
75351,11.170800466764009
75358,12.3416758160674
75362,18.662858358815228
75365,7.38999999999999
75369,25.99485447027083
75370,31.60945897895371
75382,16.95594641973863
75393,9.3775228844132
75402,12.52096047405218
75404,16.648769219221087
75407,8.328625691500857
75409,8.328625691500857
75417,17.129709545999667
75437,17.447358154351303
75444,27.773600331352924
75448,7.721910811314197
75460,13.249475991286731
75470,17.071123689330314
75473,16.858426049851055
75474,12.61626243573833
75475,7.566709853417532
75482,14.372165088819415
75483,15.758142239737698
75495,8.858594261809474
75497,16.357287244752833
75498,13.297030013265337
75518,3.3968993336261093
75528,31.58172694244206
75532,37.416991032836
75533,16.441048859298814
75540,26.731552327709817
75543,15.663676469475213
75546,18.93711341448043
75550,27.342711740612657
75557,50.2103754106385
75564,24.28898688669971
75572,12.137620527864659
75574,9.280534435940995
75581,8.868287401520886
75583,15.921295799161523
75584,17.227244525370864
75592,23.8059476483105
75597,6.9952788591738155
75601,15.0217673802244
75610,24.19190384946286
75611,14.906934857703884
75630,8.621376895600328
75632,21.123483033985273
75633,20.95096869088507
75634,21.33515832249951
75635,13.440000000000062
75637,12.768407704156646
75640,8.75074084982342
75642,15.731102158608483
75645,32.635379463575894
75649,9.413234491662816
75654,23.000000000000068
75657,23.000000000000068
75658,23.000000000000068
75663,12.1989946831352
75668,29.856045792317772
75672,20.626495193488864
75685,19.551420468387374
75686,16.399449069873064
75696,19.1511898783061
75697,13.492832959636036
75698,30.344768158123777
75705,7.972042632400072
75708,15.289266762952924
75712,26.114180047418134
75714,17.67124106108939
75716,8.636620314724029
75718,10.974251366872554
75720,34.268541110648826
75723,14.79578289124231
75740,10.167222007592391
75754,15.41635841129412
75759,54.4776311384605
75762,16.624209581432694
75767,9.564836063508622
75775,8.110000000000007
75784,26.397158348588782
75789,16.75544816260421
75792,14.32744476257025
75795,20.651534800978716
75796,47.28061891208663
75798,12.81225128554557
75805,7.650950244028934
75813,28.326723054090248
75814,14.88720142365625
75817,59.526153453492014
75819,55.25053950565615
75821,18.02011305106371
75832,11.404963813881272
75834,7.922396319820011
75836,15.53797778441687
75839,31.34235718797794
75843,14.06406225578733
75849,14.171760926907497
75860,10.89016992724032
75865,9.616527005530514
75868,9.199835962061348
75872,20.603790347794597
75888,7.611179163982113
75892,12.59606327584285
75901,13.922744474156456
75906,17.924399540704563
75907,15.567027835395791
75912,38.87106673065954
75924,12.750000000000037
75929,8.52485333632447
75932,9.62009558623915
75933,12.09304341150047
75937,8.907396220733817
75950,17.107398547811925
75968,33.51361482086158
75990,15.680561102952066
75992,15.335355739729469
75994,7.476281294243297
75997,8.918952646645895
75998,11.614189501419533
76000,18.284205731274007
76009,26.668038337937446
76015,24.00802675945169
76017,9.3524543448188
76032,22.181723524875437
76033,34.99681305036103
76037,64.59949486613954
76045,23.65229823278187
76049,37.7869208652579
76052,16.616575894367536
76055,16.33520360168287
76060,14.144570377101807
76070,23.14385399286041
76075,16.490689859160135
76079,17.884823153478294
76082,12.696529106485677
76085,25.09204595646899
76088,7.742551269012093
76091,16.688214741184805
76094,31.032337025663693
76096,15.573129584337849
76100,13.887565874990203
76107,8.612572967894117
76116,14.096684069555286
76117,16.559533534597698
76118,18.04075048366323
76125,15.101189458047322
76126,17.981806380037423
76128,24.01451586607475
76136,8.666933594094997
76138,15.73662317037667
76140,18.532196564091212
76141,25.766500960972273
76152,13.615228099694187
76155,9.215404329683093
76166,12.860324950841777
76181,23.12661060694775
76182,30.78134221119177
76186,16.12833741196803
76192,45.00378686052285
76196,38.00170383682706
76205,17.599242157620644
76206,30.215524859697258
76215,9.09644813339297
76218,19.29196545583042
76224,18.832391494049148
76227,16.186056698910193
76228,29.134124828111272
76238,10.95999999999995
76240,16.789999999999957
76250,12.874915332350223
76253,13.328870531795495
76260,10.18791564836772
76283,17.577607804299337
76288,12.746506526742394
76294,22.456558783939947
76307,5.072271275742779
76310,18.602673538326524
76311,20.92594573556562
76318,44.91090788960017
76319,15.91225404457898
76329,17.663054465730422
76332,16.87997263602995
76336,18.08909295454999
76338,16.803874665973765
76341,49.258622600537706
76342,14.083451672196738
76345,15.0095836074469
76350,14.481936843174596
76361,15.486748954430858
76363,30.32948686347524
76365,10.89071754659541
76371,16.03263111041573
76379,24.04883582439199
76380,17.178292907060374
76388,19.186969725597606
76393,17.905460255497832
76394,13.674442625427112
76395,17.02139188857983
76396,13.440000000000062
76407,27.007001477214185
76408,17.41245483938594
76409,35.3460031443471
76421,17.36539085988436
76424,34.426665829501154
76427,51.42130578479022
76439,16.891316867645546
76441,11.842977618124923
76451,17.117199013530772
76461,19.060764872390866
76464,14.343121565733744
76465,69.80332426005802
76471,15.467490367645357
76478,16.31888199848923
76479,27.881012095766987
76484,8.285367776358855
76492,39.71787944752157
76502,20.344123630432133
76506,20.307022986405613
76511,17.864328679165165
76514,35.003102130920524
76516,11.853745065401814
76522,10.642167423684583
76526,11.496601900455168
76528,11.6609446737746
76530,16.97751913173121
76536,9.228045444994265
76538,17.863995200565817
76560,19.799882452736
76563,14.573432036369963
76568,22.79304319658424
76573,16.091042276130437
76591,18.51078170053519
76593,106.3635646180253
76594,32.16935762469766
76605,42.17904872338356
76614,19.24487416749571
76620,17.349366508266765
76622,14.79615925003767
76623,14.861979734246537
76624,20.28298270196579
76634,16.379428207328218
76642,11.328135944081179
76643,33.135700447077156
76651,6.982854796983758
76654,10.157793454258616
76657,9.786308944786827
76666,8.738030444605554
76670,14.861958138534964
76674,7.834747026702049
76676,9.002453028129795
76683,33.40872568673156
76685,19.44809654697785
76687,8.126297367418504
76691,38.704898573137754
76699,17.16145922924948
76701,17.16145922924948
76706,14.966741225601483
76713,25.82398142986463
76722,21.787271688750693
76734,21.45876762274739
76739,23.393997650080742
76740,7.015239659911371
76743,9.612543324832167
76752,18.35801740186037
76754,17.179056188118448
76759,24.192620078589133
76761,15.969605176867542
76773,11.555809134893696
76784,13.588724355169658
76786,16.112156446337128
76788,14.861385114130236
76793,17.519495923482022
76806,10.871050286517201
76807,18.985918227620306
76810,14.59458933038633
76812,11.297349173743534
76814,19.198736190846088
76822,18.838043745078878
76836,19.290506260234995
76837,13.631995803960585
76847,23.781519663161887
76849,23.781519663161887
76850,23.781519663161887
76851,23.781519663161887
76852,23.781519663161887
76859,12.83655813231873
76862,18.927267967492302
76865,9.701710245441648
76880,42.7532862566028
76881,30.665606422077282
76887,9.648409972594195
76888,24.228302444797503
76892,30.188956603421566
76894,14.6686911875135
76895,14.315191176841498
76909,16.789999999999957
76921,8.207169321610243
76927,7.403635362357983
76930,10.865997517777275
76935,15.082902691376798
76938,12.40984573493743
76941,14.778336527459777
76946,16.484439021256204
76950,17.40047264941154
76952,14.493450099146377
76955,24.58644014864682
76957,16.314226508554867
76960,8.077329282726266
76968,16.12449245801663
76969,16.289287406543277
76970,27.474654548260176
76973,9.874820873339528
76975,14.538479432258564
76986,7.820974128469871
76988,9.114683871689476
76992,16.89105453563537
76993,17.529744811712323
76998,14.296553159523079
77000,14.905953378181719
77003,9.704895066618494
77008,18.688346309294587
77009,34.935368877972714
77019,47.36168458680658
77037,11.86700313172058
77043,12.713116818850919
77046,9.904026728310054
77049,19.453437154256818
77058,15.075381362137222
77074,13.239486430720943
77088,18.678023110807516
77091,21.261593171821872
77097,13.94562993183514
77102,12.844130978713313
77103,24.10327806613031
77113,18.61192355552575
77117,21.698426188346634
77119,9.522946677275499
77120,9.483602903866593
77147,10.087742761376347
77150,14.416675995654805
77157,24.540245392843893
77162,19.14484166024818
77166,11.386141583315064
77168,6.845551967260476
77170,17.562077157780596
77173,21.63093494044395
77176,11.292133087078376
77177,14.556658912893354
77182,20.40667075440635
77192,24.568021442767403
77201,18.040000000000088
77203,15.715648511289487
77213,15.30364251053507
77228,21.979367857016918
77229,14.704201179973538
77237,14.203249792164055
77238,14.203249792164055
77239,23.269647960336602
77241,14.863212338253572
77245,14.654096593278782
77251,15.216803973318562
77265,21.574250028990363
77266,10.553039651438999
77267,28.0689931052059
77272,27.6388031601307
77281,17.242461601224424
77282,11.413954567141557
77287,20.030095384858885
77289,14.479467340151103
77296,21.55564247797742
77297,17.380032163140097
77301,16.95801106937156
77302,16.99935808223088
77308,11.751719303384244
77315,17.847082542777198
77316,17.847082542777198
77319,19.28579728163194
77321,16.372725125788023
77322,75.38113956271744
77324,28.386481355691302
77330,16.939681186720062
77331,15.154784167561296
77332,15.154784167561296
77334,15.154784167561296
77336,7.392111381202424
77338,17.387493677265994
77340,28.320470505848686
77342,18.550379475698453
77343,10.983607756220884
77345,18.303709565711806
77346,14.500270663994973
77347,42.138034727176375
77354,19.933501781748394
77361,28.629427917203927
77372,9.417176509892993
77374,16.378800774138146
77379,7.710931990514101
77380,8.720000000000034
77382,18.69000000000002
77383,23.28413992486156
77397,19.32639783096301
77399,15.275065989965668
77402,11.119435753105689
77407,96.86541348469953
77408,97.34542339893795
77410,16.849641293352263
77411,12.271955270165648
77423,20.612798652784488
77426,14.668248079376086
77437,13.135929441837066
77441,7.776320926181349
77442,12.629048481929813
77448,18.144926083567412
77460,16.640314846702775
77463,9.388719920681142
77467,21.89668346667012
77470,14.601520457918907
77471,14.601520457918907
77477,8.711891199009358
77479,32.86390236534699
77486,14.548518014346431
77492,16.00018290315301
77495,11.790848957676276
77499,17.327365489802837
77504,63.25670981756046
77522,13.71993560612965
77532,9.719687411620773
77536,13.590819501974526
77544,15.890890259332409
77562,13.5209438422862
77563,9.152661918964347
77567,31.32626459066367
77571,14.566147167096501
77572,20.975730934699488
77579,9.075161009867442
77580,9.473906954864582
77582,13.193544211585472
77586,19.855538617062592
77589,7.408103962371927
77597,28.659452764414866
77599,17.281730716778675
77601,14.703099364043455
77611,17.759396106625918
77613,13.730897662168571
77622,18.055718133844493
77623,15.452967292369877
77648,14.113885933894325
77653,8.27421245700313
77654,20.982897635933877
77660,21.65667125001948
77661,15.671101777505836
77664,12.585046570665131
77665,16.89066170206451
77669,16.877595080825156
77672,14.43506989200559
77674,17.04034855078871
77683,17.59775363432168
77687,10.512840129074918
77689,26.905739898261768
77693,15.160904093451123
77695,16.34085839573364
77697,21.49411754516362
77701,13.505722203201799
77702,18.715634099847126
77706,19.450191892542502
77708,19.450191892542502
77716,98.17880208122227
77730,17.670000000000005
77741,11.262692946932695
77748,11.379523698300892
77762,22.566414991993074
77764,28.773891401142848
77765,10.474429375659325
77766,15.31205499863934
77773,20.13385383721943
77775,14.744255529595732
77781,31.683670961704735
77785,10.07579047123756
77804,20.186218078711416
77807,13.764400316264846
77814,15.783757896375459
77817,17.853665860391914
77821,33.33362687988535
77823,8.947809108608347
77831,10.127727496459803
77855,23.203779914467766
77856,38.078298179602506
77864,14.446045536908125
77865,16.304665536301854
77870,29.707317644860623
77873,13.500719419387984
77875,14.09999999999997
77882,21.907607314117474
77886,16.42556965105823
77889,15.830619527301085
77890,21.103734685339848
77897,15.83439226322621
77904,15.311057996823365
77908,14.074311400113697
77909,34.05522242627497
77911,7.851314142331198
77912,13.306417274325414
77914,22.84886266068776
77933,16.67294909620556
77934,14.880240880156485
77946,23.860661832912246
77949,18.614735186832153
77951,23.476274793455552
77956,7.831568844356971
77972,6.774331230149192
77976,63.11485500491736
77978,13.738819616911279
77981,8.695023032087649
77990,17.335492328349975
77993,10.250378418301606
78009,16.05580416780455
78011,19.64253710034753
78018,15.434073400177706
78019,9.972062630817554
78020,19.048759221242705
78021,18.537210032513574
78022,14.996737875580573
78038,14.310840081491007
78039,17.99471568842559
78040,23.16590368285942
78041,9.885131936071405
78052,17.519978821366077
78056,28.324514273954986
78060,9.292102681390165
78064,6.095601537592453
78073,37.17146870853012
78076,71.12770891886704
78078,18.515477433304927
78088,14.644640714955921
78095,9.312819170591778
78098,9.590180941341693
78099,16.794669826442163
78116,19.059843842187888
78117,7.8331884632155955
78119,7.579453570580986
78125,19.638267553359874
78130,8.51912866593556
78133,17.305477819939192
78135,15.554219509437239
78141,8.98974463730767
78147,8.949640030135374
78151,8.949640030135374
78156,16.916879528319654
78157,8.100464958722087
78168,11.633338668421638
78173,9.797403435775843
78178,15.229392375602153
78182,24.952824453512516
78188,8.698421011139924
78189,15.756045131706866
78203,29.009576486534144
78214,14.074848864518025
78218,15.599056307509283
78220,16.57335491692605
78223,9.53691029239221
78234,11.60401338737087
78235,11.60401338737087
78240,62.75846993087569
78246,17.47713595520958
78248,19.585211328623288
78255,14.664973923388098
78259,29.33491626777164
78262,9.243391377370706
78270,17.378854730458094
78276,55.2490113071025
78284,31.554224458967084
78293,18.743517728645887
78296,16.944537960464555
78297,17.831152464071412
78300,12.571386671281664
78304,11.738677877842834
78306,11.286476343139487
78308,29.94664960229166
78310,90.01932533412102
78311,18.5448609661692
78312,10.31765793125352
78314,23.967000245295203
78317,15.129149903215676
78325,16.980204242239427
78326,16.980204242239427
78336,22.15689976652895
78344,15.453417121845781
78351,13.146588578440682
78356,21.508251536673118
78358,21.199470106522483
78369,15.07251402103704
78372,17.947232355571632
78373,16.128618228600057
78376,27.42931273959088
78378,17.22432601537903
78382,15.64010041714441
78383,8.51975596682952
78387,23.54357784873954
78389,58.301899852118524
78395,9.506496684015383
78407,14.67487378918439
78422,19.73618925715022
78424,7.194075995903539
78428,15.548419256024992
78432,9.620859233303161
78440,12.656030413418065
78442,8.867083494768309
78458,27.291877497327526
78465,23.84247711709101
78480,13.98689674083244
78487,23.43935816544981
78489,24.53562501595323
78491,9.6535036457866
78492,21.482494257705195
78498,12.759224733217016
78499,13.537756846137322
78500,15.547632292135582
78504,29.975640241202
78505,38.180127034948995
78514,13.73911574402779
78517,17.356624481590153
78523,11.506105058226277
78524,17.022836732732685
78533,9.552284942843672
78536,16.124292558325756
78542,15.915489560141292
78543,27.00110224096053
78555,9.400214125184002
78557,10.852988562252056
78563,14.52534752907924
78567,15.988218870308582
78570,16.844745371406397
78571,24.156668900667633
78574,35.30290040981842
78579,32.499581233320775
78585,28.85156762468499
78595,58.60620282748473
78600,20.197155844047604
78606,18.928991117498978
78618,13.614753938276918
78641,16.101437736093747
78649,25.321337570372712
78650,8.365819866161692
78651,8.365819866161692
78664,35.25623410860308
78665,16.374784007248454
78676,12.044691412567133
78682,13.74189691881816
78687,10.875844415383911
78695,25.43148592911803
78697,41.82496628812026
78698,17.57058352196595
78700,160.41091315172457
78701,17.635489142109247
78712,16.268575239295313
78714,16.268575239295313
78716,16.645480606883194
78720,24.897682301134235
78723,20.674822666749492
78724,31.746845148325875
78730,49.095161469617125
78742,9.494357935943592
78763,9.894172344583279
78764,13.049055143427369
78770,17.60000000000003
78771,13.990062561095879
78779,16.590292138564887
78796,21.481881030444946
78798,8.729373188160475
78801,16.25882350382068
78806,30.534670786090484
78808,16.650197121215378
78815,17.3994726265562
78819,33.473007138102815
78834,29.342263445625033
78836,13.412461358610917
78857,16.417524291103327
78859,17.914571004412814
78870,9.84253993341574
78872,18.947229814308432
78876,17.639999999999947
78879,22.86348259312057
78881,34.45360782386333
78886,40.19040143118291
78891,8.880857282216168
78893,45.792136214929485
78895,16.217892662339583
78903,13.62094583542709
78904,18.90789585190599
78914,30.11429039811481
78915,16.006220763009186
78916,12.52825713321527
78925,10.192550348794654
78930,16.988023043688653
78932,8.867083494768309
78933,8.867083494768309
78937,17.08287005612185
78942,16.15661762213867
78949,14.467583060754894
78951,19.3243859478589
78954,10.542161255887914
78963,17.604363230763443
78964,26.49612175215623
78975,7.77688296554871
78992,37.808628312134466
78997,23.610388243458054
79013,23.090129827329022
79014,18.946871397330924
79017,16.564190960257477
79019,17.027996884044125
79022,21.076163436601227
79026,16.736269682352837
79031,68.37072121659031
79037,15.60410571971558
79039,15.286411933690438
79041,16.786100746234922
79045,33.2570699653229
79048,20.019695558478592
79055,30.946817462882944
79058,12.641037233865113
79069,15.825085805540219
79070,19.70218153634165
79071,19.70218153634165
79079,13.153888098363664
79080,26.87113892228487
79084,13.862598739755649
79088,14.511122540606035
79090,11.658461275893526
79111,32.83818984892946
79112,9.659563364817153
79122,14.39195037884487
79124,9.60835085814467
79127,37.54000000000012
79132,13.107335054046757
79137,8.94354486244547
79153,13.722121918639727
79155,17.157296154123827
79156,11.990000000000059
79163,12.604288026354592
79166,15.34646564661988
79169,17.41808827146726
79172,14.280769024350072
79176,17.38634686391887
79186,23.09583549353745
79189,18.033801345625736
79190,16.03986544778604
79200,9.340608543945994
79207,13.707291476536701
79217,8.939092892017579
79221,26.09627410587024
79227,11.718154588667733
79228,13.809684865758634
79236,11.259514476043734
79243,9.264754738970943
79246,14.445385144830142
79247,14.17733482397737
79254,8.303026260097093
79256,9.60726449573706
79260,19.793529082001278
79274,10.730874495875216
79278,16.339904992486876
79279,18.166228122815422
79280,8.203044631142562
79287,18.410263830181677
79290,61.24000735377675
79300,18.81357936923831
79304,13.413183325988067
79318,14.756212952723239
79322,8.949424329905117
79333,7.38999999999999
79340,8.744014235787882
79344,19.297673106999373
79345,12.723718356973267
79348,13.424933248657386
79351,16.09941286737154
79352,16.09941286737154
79355,16.09941286737154
79359,17.02047234053573
79363,16.443192642948425
79369,33.260225690126966
79380,20.319002594868213
79385,38.25552913527154
79393,18.430287131624812
79398,11.678863353359429
79400,24.144865784678178
79402,13.374885640813673
79406,64.78395675320823
79412,17.50247409701354
79417,17.50247409701354
79419,0.0
79423,26.092783118240284
79431,14.70110228155652
79433,15.825859232554336
79446,5.962324460607142
79449,29.708759907053594
79457,14.846297598996971
79461,41.53000000000015
79462,41.53000000000015
79472,86.23074531551855
79473,86.23074531551855
79475,31.99909107897672
79484,13.88517299014029
79496,22.01983111894122
79504,41.9497517813539
79507,12.329291994058302
79512,10.358030577454958
79517,15.155275997283685
79528,13.490827222844114
79529,23.56789247769949
79530,16.079148589969847
79535,12.518985549206906
79541,21.109167246946136
79545,28.872740092972393
79552,14.509791257183695
79554,27.332731710909634
79562,13.970765632753901
79574,11.095641264368277
79575,15.605735879032778
79596,19.0287221592108
79597,11.765526496945728
79612,19.286630089315057
79621,13.830177112898973
79622,31.32229266022938
79636,22.727373913616653
79638,44.23943903946275
79641,14.286405836222725
79643,111.56186879960316
79645,21.878075057892087
79650,17.589661279950402
79655,16.735443634633135
79656,17.78531989917993
79658,10.745401404309812
79662,13.40570053040696
79664,25.404193005048988
79669,13.03224401928177
79676,12.480780366890434
79681,30.26587838671941
79682,15.437572558477871
79689,15.100698497809052
79690,19.76523604589871
79697,18.501233361383335
79700,14.373882353340761
79709,16.286222851565157
79712,14.3004930306623
79719,14.066943027116931
79728,13.230781650335636
79729,16.571959008091568
79731,22.151542766213844
79744,16.249836693971954
79751,22.3994707115
79753,29.014245788794096
79759,14.999135556207527
79760,14.999135556207527
79772,10.711728033616769
79777,22.93147052888591
79792,15.416953425074531
79796,36.605303457735154
79800,22.958355652168986
79805,16.839314520125797
79807,59.76103222846559
79809,15.306783430171325
79815,14.204323984986278
79817,16.00544339741758
79821,18.15857763944836
79824,25.278772013261445
79825,10.270022210117794
79827,21.236065137533924
79831,9.01567915200531
79833,16.223603506931124
79835,17.629749343742464
79836,10.738417195667454
79837,13.605779455147964
79842,13.836132061748962
79843,18.292540372252095
79857,12.169443578644916
79859,16.389489089241895
79870,14.095247291575737
79871,14.095247291575737
79873,17.493980521752487
79878,10.289175110487085
79881,34.85110842213234
79882,34.85110842213234
79894,10.159979016459278
79897,15.877282913013097
79907,16.406432714204534
79914,29.484064606519112
79915,17.70893065098295
79919,11.690721243102503
79926,25.87656697408398
79933,15.160086916184213
79937,15.145792430030454
79941,19.992592021733046
79949,14.084557985140876
79955,13.467900363256897
79961,16.688289896704394
79963,13.210399151957773
79969,17.006958844295575
79972,35.68300445120733
79979,19.902174243805828
79981,8.700332352376533
79992,14.209999408282872
79993,21.17818199635025
79999,7.88363754472463
80000,21.50003673818226
80002,27.571930518699084
80003,25.745274111114462
80004,13.007474026428724
80011,15.500537746558074
80014,12.718463726933713
80015,9.48503389303496
80022,39.698707099534744
80037,9.343286620165625
80046,18.183562478527158
80048,7.932846478151699
80049,15.460852951472646
80050,11.260420256984585
80054,22.49831612662772
80059,9.416975831588552
80065,21.239954679985825
80070,12.044521448975292
80078,14.186374293952156
80085,8.864049158747036
80092,17.344579956758697
80097,14.898493457944282
80102,15.029836915954299
80103,33.27036749083302
80106,10.75695284555049
80114,71.9174570092899
80125,17.625626350485398
80128,42.74051205320097
80133,16.81549504256642
80137,87.87626883878272
80142,7.862872205050108
80150,11.447824640016742
80152,26.941368713862463
80160,12.798127100828422
80162,11.595262140970588
80163,23.34260746017053
80165,23.618745729378926
80167,20.978171265759464
80174,11.72352812240462
80179,17.55269326452542
80182,3.5151114077626016
80183,3.5151114077626016
80209,23.93740065771777
80214,20.614062237393192
80219,17.648401920223407
80226,16.806996645103133
80229,27.898647023704033
80234,15.671226788393753
80239,8.841700845456936
80243,18.74175479125993
80258,7.9374368854932325
80262,21.212540876222125
80267,24.782286106113602
80275,21.574447305273257
80281,18.973450030066356
80282,23.28599132271586
80283,14.204856304926597
80301,12.831314354748077
80305,14.282488907340028
80306,38.81022877614036
80308,28.076514009611493
80315,17.514470400642367
80316,8.35206601579557
80321,15.702508925566285
80328,13.815838618674595
80337,13.647032676809209
80339,38.49193286782277
80341,21.504810309172626
80343,13.093293918502594
80348,13.602802893350761
80350,22.421307741732544
80352,13.55382218982421
80357,20.633635768584263
80361,58.33229467236965
80362,19.919682626225054
80368,40.35269527035944
80373,21.132302533804896
80375,9.57329102338261
80381,7.4230829477246445
80386,20.58816974180244
80388,35.55286478948647
80391,14.23751793929268
80400,16.617648635951475
80401,10.521459620350958
80405,34.78117230117113
80414,12.789560840686184
80415,8.907396220733817
80416,10.133030446958234
80417,24.802738957532213
80420,19.39270707943928
80422,15.987051620503369
80446,20.27208730805755
80448,19.292536494524025
80456,7.6484754424352825
80459,10.516480437488271
80462,22.604414478805428
80467,19.907214057391368
80484,14.67910230735701
80487,40.38468807810028
80489,16.19119750643699
80490,18.252287683771023
80497,10.422725655311956
80504,18.182715276954315
80508,16.282260976025174
80512,14.997220865208126
80514,34.7408292485954
80515,37.098050397972095
80518,16.18987246152028
80519,12.139985333113653
80520,75.86145269986757
80524,16.842217179795014
80530,7.966492592811905
80531,9.57832867035704
80532,16.406549833879698
80538,16.351359114702984
80539,16.16639034560669
80546,18.90048774261112
80559,16.142527008678993
80567,15.957672698404945
80577,73.7697954996817
80580,9.42931365944131
80581,28.944812716781563
80585,17.24678315306424
80595,17.26394740008587
80598,17.615041839496595
80600,23.079333394019894
80601,17.978008818175663
80608,20.23240059749308
80613,21.41730600442746
80618,72.70576316040172
80619,94.93599118944064
80626,33.91239090889842
80640,20.13543194134151
80641,15.333855429032695
80652,8.802229783590334
80654,29.34198934158311
80660,9.585810848416902
80663,8.662302643610838
80665,39.16485514360113
80666,17.86353318986875
80670,15.423486368072947
80676,33.85206238124357
80677,7.05207538029199
80679,14.978225672820452
80684,27.5602780404738
80689,14.259484499193098
80696,10.749139149175953
80700,11.483056698989222
80704,9.734638122645805
80710,12.645417252476182
80711,8.864049158747036
80714,17.900509461729943
80719,9.685018046372065
80724,9.38824188244723
80733,14.859185208848816
80735,15.85979546545629
80738,21.884946915591033
80744,18.59357373873642
80755,15.978124777922055
80756,9.91447242106724
80764,25.252481804038027
80768,29.469050595075114
80771,8.860124822190555
80772,12.984654075504187
80774,14.19262385896494
80776,13.374885640813673
80787,11.927381161905748
80792,15.084400315229846
80799,14.249283116520598
80800,17.069999999999997
80801,10.092349753575407
80814,41.91762462857242
80825,25.977780693519417
80826,25.977780693519417
80836,17.762044667839888
80838,11.638116161841552
80839,44.82665897968009
80842,7.916424911504782
80845,7.916424911504782
80851,14.0164186943805
80854,17.05888738820435
80855,16.363242971928244
80861,24.957748646045918
80862,17.054718154558913
80863,7.870000000000026
80867,16.500599153242895
80870,18.439453510558323
80873,11.29790677021513
80875,14.765258086106215
80879,14.76534956721523
80886,20.64757460882104
80888,21.07650126142611
80905,15.018477774849785
80908,16.478139507222103
80909,44.69133103170942
80911,11.708366952553785
80914,15.981243455979417
80920,16.888398728299748
80923,16.299509057731633
80925,18.778144736545553
80927,16.516068508119456
80928,9.194126488219407
80930,20.079721711058696
80935,13.628113431997978
80944,10.151550443268132
80950,19.267627699647957
80952,13.048480464459878
80955,28.239362654289735
80956,28.239362654289735
80979,9.276444796580218
80983,15.13081975088219
80986,28.761912886889338
80993,15.56757736593018
80997,20.989999999999945
81002,7.648008278042507
81017,28.899987875914942
81020,17.66496527930326
81023,40.907935815143794
81028,14.057006879246922
81029,30.838822722843286
81032,9.185609800686633
81061,12.740598706801274
81062,18.512004990321056
81065,15.924586627962434
81074,20.770534889259366
81079,10.7248840870773
81081,14.346427180149938
81082,17.628478701053414
81083,17.50873190245412
81085,23.32744770557094
81092,35.88501912089139
81098,17.418898576016698
81103,13.382215464423174
81105,27.729043931046068
81110,11.888972662077517
81113,16.232822208213232
81119,15.98260284038448
81122,14.377467007345638
81129,15.675408040102667
81132,8.771907595377199
81140,16.301544640850622
81144,8.880318097771688
81145,23.60363947145886
81146,10.670951897970093
81147,19.19143524768226
81150,12.842593985158182
81160,12.73725927306049
81162,17.25639321109301
81164,8.78286227351135
81172,22.512003863087166
81189,11.854819262736997
81194,15.756835884335747
81200,10.741047148461002
81202,30.010602131317583
81204,12.918842302217413
81209,18.658924172865206
81210,33.9740746744066
81217,11.84078008516948
81226,12.038981401262934
81230,8.31623509508607
81234,15.769787500265608
81238,16.34470308534041
81244,15.171321890954783
81248,18.05563487852615
81252,14.961801583161378
81253,17.32313490504548
81261,10.95999999999995
81263,16.9265676189657
81265,15.390783907103327
81270,12.31142423786576
81271,12.31142423786576
81278,17.74715125816162
81281,17.737195344610196
81284,23.048127847694605
81285,15.357383325607046
81286,15.357383325607046
81287,11.931455121055912
81293,8.299999999999976
81300,44.6760539485358
81304,16.787335669141108
81310,15.319779867423822
81320,31.81337256488567
81328,15.006756191164353
81329,25.890952274982986
81330,31.906740373954996
81335,15.66557909235992
81337,14.881664868400142
81341,15.843043332882253
81352,17.562957782991944
81356,14.617798543095807
81357,22.367296849134174
81360,10.493948143792874
81373,11.420623861908501
81375,16.70981149013566
81378,16.81977102200777
81382,13.903457517168958
81385,24.54500065075443
81387,19.081763237845543
81388,13.692313180674434
81394,20.45990146534135
81402,15.181590416806088
81414,11.778559798887025
81420,22.102250343121295
81425,17.82345575140751
81437,17.347618327477356
81443,23.170558656367216
81450,10.136844215760263
81453,16.307856947070327
81460,16.357595294869324
81470,15.414978118638189
81471,15.656940272000092
81485,14.280769024350072
81489,19.038842152207966
81492,32.22527046598023
81503,17.300501749019695
81506,8.70271440052423
81512,15.560111165451072
81521,20.207084577239876
81528,7.45999999999999
81529,7.45999999999999
81537,21.339821303443888
81540,7.644545235109469
81546,18.10169443124654
81548,19.73959893263242
81549,14.367221114014692
81551,18.66316521195639
81564,11.20614081641217
81566,11.582630200688532
81568,15.40227764756387
81569,15.40227764756387
81571,15.40227764756387
81574,11.96972585547022
81580,9.451456030009297
81587,12.264766988818115
81590,22.888803621481575
81591,8.220837154216445
81594,9.953875171831104
81595,17.69243668411573
81600,7.0654121021513365
81603,15.048820279514747
81613,15.191953110885933
81615,22.30547980990503
81617,13.956902711480456
81618,14.001887511898637
81620,18.70266460197839
81631,20.861969799326683
81632,18.827191905116255
81636,16.657375767838687
81637,18.318816570745547
81642,18.034186865194965
81644,14.675906444886314
81648,15.790414368125667
81651,15.66920018715167
81653,8.049890587589278
81660,9.037160915566856
81663,31.07164160559696
81666,20.306271343724354
81668,17.316887591923166
81680,7.983705845791398
81685,16.558474020332678
81687,13.810034496050095
81691,13.836132061748962
81694,29.008769510700244
81695,29.008769510700244
81699,42.24383784113705
81700,38.534307528996244
81702,19.519976395423154
81707,16.469552483197678
81709,17.73981821908522
81714,13.206713598758524
81721,18.246685387413333
81722,14.119378030922011
81727,22.928067625423996
81731,12.672638959322432
81737,8.910956606686348
81738,10.768199072086913
81739,17.29560634122867
81744,22.475988866931203
81756,19.055843948830116
81762,16.520586560095065
81766,26.14117378261333
81774,15.89761072736016
81779,16.750501313032515
81780,21.159403313598236
81782,8.915844172608521
81784,25.138260933718627
81785,21.150440832719752
81795,14.13438578541495
81796,15.853170976155202
81797,13.161164250919311
81798,13.161164250919311
81809,15.577093606154332
81821,8.879999999999974
81826,11.837828664341442
81831,31.97482507373369
81832,10.412681976508113
81838,11.784724298389621
81841,17.119392794059134
81847,27.264093500199277
81854,23.28109524980255
81856,12.465472894723169
81859,14.270539377249493
81861,24.96845984633881
81863,22.147135479305334
81864,14.855339811844765
81865,14.002164550172628
81866,16.185665561705743
81868,17.146749125008704
81871,11.349271346559446
81874,19.73405178178517
81878,11.407562779218907
81879,11.407562779218907
81882,0.2088598282063108
81886,3.3968993336261093
81893,10.460670869817585
81894,17.442403380849036
81904,8.679929948605269
81905,21.52854706691277
81912,10.95999999999995
81914,24.41833434727383
81919,26.948755843267072
81923,16.58110046996967
81924,17.676531341167465
81926,18.970973695437703
81946,13.149976378412346
81951,23.633766799618844
81952,18.978287636000307
81964,23.49400047352994
81967,18.73448256967932
81977,13.222111904224228
81978,15.61901889024388
81979,17.40437952339465
81981,11.832817360019096
81989,15.613911074328012
82001,17.00024391492709
82005,24.453218078255922
82009,16.92654920816647
82020,33.0968912286722
82026,17.388972159097964
82029,14.589784230825412
82037,9.477182780498616
82041,18.207522070238905
82043,10.4665645669816
82048,26.343328681731066
82049,41.739261835247234
82068,15.489761032927372
82069,15.489761032927372
82070,14.526943938683866
82071,8.884171756136706
82073,16.5061619270351
82080,10.362767590373185
82089,15.172140497224145
82091,15.071762222692179
82092,35.73501086539938
82094,22.88618159187201
82098,12.155612010852115
82116,16.313391051890036
82117,13.208183931672439
82119,21.60660553155885
82123,18.64245388669349
82126,28.88041823864016
82136,7.870000000000026
82140,16.489013046866923
82147,19.601111518258335
82148,38.515448324630576
82150,27.30221072327026
82151,17.107469964523787
82157,13.793490170801823
82158,16.382450031681522
82173,13.640361630061335
82175,16.855121778071002
82176,13.907731779112638
82178,18.567242713524173
82179,17.085284856138298
82182,17.085284856138298
82184,19.51642091342239
82188,8.393997594658147
82198,15.860966559096141
82201,16.960283336862517
82202,20.8162002761692
82206,12.708129382107796
82215,15.391290169578749
82218,12.59471131863569
82221,9.165466672066549
82223,14.433682817846458
82228,26.441086228191313
82230,18.721995444184795
82231,8.315034954618218
82240,13.675861236063394
82248,100.00866428190837
82260,67.40453868156693
82269,20.85653810603529
82270,8.348346849095853
82282,17.823566968651317
82286,14.641229287198353
82293,14.750495724038169
82301,23.265974918483483
82303,45.14895601673409
82305,13.482685934811773
82308,17.957025076359887
82311,17.595112625974767
82314,18.781500232604845
82319,9.607833228820628
82324,49.43138386609549
82329,8.628240934413933
82330,17.70023204970639
82335,10.9138043123236
82337,27.490989782427956
82341,1.3743456682131518
82348,15.877410473640214
82353,14.492054915604328
82356,9.151876042828427
82359,10.305408943325784
82365,15.36739100493185
82366,11.493456919844062
82380,14.153576528884596
82382,13.157096784424233
82390,21.201932495495658
82394,14.85315204432757
82397,34.261123879709736
82399,18.112264095001677
82400,11.124948632475265
82405,52.857430307843465
82417,21.92073006738102
82421,8.458989752267843
82422,20.4976401833567
82426,20.228855356139924
82435,7.863120350131863
82445,9.399987659738374
82449,16.76487713584279
82451,8.67725229113659
82460,30.45000818477321
82469,19.84391391653838
82471,13.797029933185323
82479,11.108975854850081
82482,18.29751918905009
82497,20.319561736328723
82503,10.142857976536037
82506,19.554866162601996
82507,30.261240317813495
82513,8.336980788299472
82523,13.025782091415294
82526,17.518682748049397
82538,20.547849228496528
82543,11.948705270177934
82559,22.258220450990944
82561,20.10158887294238
82562,20.10158887294238
82566,17.205672618256564
82576,33.061215442028576
82577,33.061215442028576
82578,33.061215442028576
82580,16.93781001598605
82584,15.674932931369007
82589,17.149609765639106
82591,14.499579639880226
82599,25.898899102544576
82600,16.513537164824886
82605,17.562957782991944
82609,53.358180340636174
82611,19.719355051938845
82615,9.154288476333239
82620,14.829268614389303
82632,21.074137948685305
82634,69.77090004649065
82646,10.129018650754386
82647,13.594317898504311
82655,13.836132061748962
82659,18.73617777189425
82662,20.178263811891124
82663,9.264552058686284
82665,27.789507741689746
82671,11.59571262790737
82672,9.646689040079844
82674,11.413954567141557
82680,5.976986162546363
82683,16.937951699899056
82684,58.9282196249685
82689,21.022604226601803
82690,36.537540459235366
82692,37.16641001159732
82700,19.534795864295166
82701,11.699450747639387
82706,12.992556910318175
82708,20.81282519602124
82711,12.696701180009233
82722,36.78509701205593
82731,9.925563803076994
82738,6.28248492906446
82746,15.649979133062725
82750,7.988558999231451
82755,16.646225151159594
82762,10.2876404480095
82763,11.514611884486964
82764,13.503618641347707
82766,26.213620634657723
82768,1.0278408771692167
82771,11.555196397581328
82779,14.092066861799172
82783,17.977848967283506
82785,8.732312961589132
82786,17.15621231230808
82788,40.37999999999968
82805,14.689114556087619
82808,28.570142882975453
82813,13.631605970475729
82817,13.640000000000068
82818,26.13355220759951
82819,15.093961153221134
82828,16.403903676282663
82832,14.596750818446255
82840,9.448905228010178
82842,15.925576037361495
82848,17.355845914682323
82850,17.80974748583412
82851,73.05335960736045
82852,13.449118324311318
82858,40.99401675489254
82861,26.295011011092832
82863,16.10839510654734
82871,13.113163651240633
82873,20.12511253468757
82876,28.151032670288213
82879,27.853278286232516
82881,13.405016575586055
82884,13.417915922311863
82892,13.665741382872342
82903,18.100963645346983
82909,22.384312348111195
82910,15.584043461197169
82912,54.00595258107822
82914,17.80647869700968
82920,15.977047456231205
82925,13.734962822555474
82935,11.11878260029087
82948,20.766370312608572
82951,16.848242651320163
82953,11.085786197383392
82957,52.29057141037734
82966,17.230976748737728
82970,16.74308762296236
82978,18.13058321988836
82981,18.16373193942459
82986,14.114901583063615
82992,17.715957898419028
82996,19.09201533396572
83003,14.41582962110216
83012,16.68402171831899
83013,33.548100489828094
83014,11.760000000000034
83015,31.208292507345448
83016,17.32099688699429
83021,16.62960020258298
83024,25.013658016227353
83034,15.360937955870892
83044,17.28536139513315
83048,34.100861652870655
83049,17.103848232416865
83054,15.92636741911852
83056,12.845452314301866
83059,15.534680839368814
83062,15.366630112734
83063,9.612543324832167
83069,41.63770163061406
83070,12.977489529478355
83071,44.32693701341896
83111,56.85820144674013
83117,13.989835078428843
83120,9.817252334173983
83132,18.489594346151186
83134,11.29164252366909
83139,45.52123929852806
83146,23.13615614296502
83148,24.824754008827156
83150,22.488415648400135
83152,18.192155590686156
83155,18.192155590686156
83156,18.192155590686156
83162,16.61606333636239
83171,15.892528847072391
83177,16.06992052425363
83178,21.6163243401607
83194,15.425403785599137
83195,24.56031229952822
83214,15.100773135195222
83215,15.100773135195222
83227,17.356792535838462
83246,27.75998559835844
83256,24.78910942198593
83258,26.889595190596946
83259,26.889595190596946
83270,20.77195188842202
83276,15.71368935547197
83284,27.253332620395042
83289,8.745612904266972
83294,16.14269884407789
83298,12.585126833004715
83306,14.346060713189454
83316,14.150525743759763
83320,19.19602257763747
83327,19.524378215719363
83331,18.3163297813561
83332,25.724848188168068
83349,16.494545989098153
83352,18.192255574360797
83361,18.185970383142372
83381,9.23375380004074
83382,19.617896613383138
83384,20.93155584889422
83385,16.942382435746676
83388,15.124365389883593
83392,17.1447542599338
83406,8.917094419638397
83410,14.61047861721983
83415,67.04564304030698
83421,9.04801601120381
83430,16.36883208058842
83436,17.61966013816977
83437,7.437371942802443
83442,28.953298945957687
83449,26.165923431856207
83451,21.081268484743912
83454,26.41280745130589
83455,17.265986068684605
83457,27.495850796457017
83462,55.3644333685726
83471,18.03241775634591
83476,18.067279145022887
83478,29.292549849453998
83482,13.05614283851519
83484,8.195885154891483
83490,9.381324543705917
83494,26.227276784314398
83505,13.681002947604641
83514,23.016132876901253
83517,17.22820022995864
83518,14.565652718442987
83522,15.985465646181986
83529,16.042691214555227
83531,15.42229311640077
83533,23.75917828378759
83553,16.78214949770603
83559,14.417586699722738
83566,25.3030259828839
83568,19.191133887886174
83571,13.206831017089113
83573,21.570724132243235
83575,11.760000000000034
83580,11.561507027413453
83583,13.188837039625543
83584,10.000364860274642
83585,18.272558726108475
83586,18.272558726108475
83588,18.272558726108475
83602,10.036236557435942
83603,21.735735684011857
83606,27.1800683431497
83613,16.350510517876184
83617,13.360412511498561
83618,7.870000000000026
83621,19.968534790901984
83623,18.291665039868082
83626,13.693107642929654
83629,69.2940008927908
83637,11.035830861840557
83642,9.852663520914309
83646,17.55451894121723
83657,15.564120490345655
83658,13.647032676809209
83661,14.515845427160697
83662,9.375805860697646
83678,13.403497186587492
83686,17.498022873614296
83687,37.35840032316061
83689,20.868684524081573
83695,12.836393834680667
83699,25.872227784687787
83710,17.650195203095993
83713,27.820572579998483
83718,9.052065951761103
83719,12.354432303742374
83720,12.354432303742374
83732,13.367268908394117
83733,13.903484813156956
83735,6.8441632263994805
83738,15.671632538845504
83742,39.34426755992896
83744,14.802626356185726
83746,12.911135280635314
83753,21.052475855960097
83765,28.014969503704936
83776,19.95891092932394
83782,11.09456352650175
83783,21.327767061577596
83793,21.805862221921483
83796,17.3486874127813
83797,12.436748615525204
83803,11.78480727091023
83807,16.545625896989776
83810,13.954276998019518
83813,47.249944486148074
83818,16.989002738069615
83832,14.078893625253425
83833,9.363481597111397
83834,18.535577274403586
83835,14.875810973006713
83839,8.868688446823949
83840,8.197645699308874
83843,20.99159410978865
83850,25.26832523236567
83855,17.377080859877584
83858,17.377080859877584
83863,9.063059601176894
83865,14.864012948622229
83873,13.953797897834495
83874,8.27242621943269
83876,31.280255555189612
83878,18.731016669865742
83880,16.37916423223064
83885,19.913646868832878
83887,27.31832290667665
83888,10.86171462784074
83892,24.4936239401484
83894,24.4936239401484
83896,24.31981127216848
83897,14.039915859701024
83898,14.131130386443216
83922,13.17299372834778
83926,16.34100574401036
83931,11.28889370974578
83936,16.914259897378347
83940,20.03796169060889
83947,24.683529904330243
83950,17.14994635235849
83960,24.51279363101919
83963,13.416430660196886
83970,29.50834958080031
83977,20.030076639049124
83986,38.2066801324958
83989,16.207854831053567
83994,16.171582471030348
84005,14.505307243603927
84009,11.767374408520505
84010,17.256001076074153
84013,25.32509556578911
84022,15.0455056746138
84024,10.402598502130372
84033,20.404073573951948
84042,18.871550850717334
84046,31.447937391727486
84055,27.906610814120544
84059,16.846737301898262
84061,15.92636741911852
84065,14.403938888531735
84076,18.031780474120843
84078,7.896898581119764
84081,21.374695188756547
84087,15.976738385746732
84088,12.986273437278832
84103,15.484699320071833
84106,15.628257891401091
84107,16.537279661164103
84113,17.551179411914838
84118,16.455407995495868
84124,16.309451943491023
84132,21.596769131772803
84135,37.268719078393524
84139,12.283670876735657
84140,11.240803762708497
84142,9.864654309436505
84145,10.825575702017996
84146,50.99795586448612
84152,33.40151566346445
84154,25.665144327944034
84163,10.279191633552186
84179,24.080299983160664
84188,19.80679278185692
84191,10.228725599394418
84194,20.75463229912993
84195,18.729354010953873
84197,12.240470343513225
84200,21.8147689314916
84201,21.8147689314916
84204,8.42448337122738
84211,16.870767577062853
84214,18.851361047893796
84215,31.041362087291944
84217,18.213515985918573
84218,15.189146057737165
84220,15.61524556065936
84224,9.76994070473296
84229,18.711875193542472
84230,30.845504525431927
84231,23.582611014275816
84237,9.45124156289211
84238,10.317066314371164
84244,16.21276427311926
84245,17.411213715865223
84254,21.258866400768742
84258,15.24560806759007
84259,15.24560806759007
84260,18.07050359672268
84277,14.373259202695923
84280,18.727848241617465
84287,39.98951874452261
84290,19.07856570970728
84292,31.2860808266989
84293,20.265295634669112
84297,10.094118362653019
84299,14.34283289610548
84305,9.996788414518496
84309,8.412720772103896
84319,16.40839170816023
84320,15.103353500331849
84321,22.54008475205111
84323,16.607928161832934
84332,14.410862267195197
84359,11.086999164806038
84363,14.627870377733657
84364,24.020922144735504
84371,15.855225855747285
84374,11.971754096429496
84376,21.512126225483893
84377,14.385275885257899
84383,15.8216142099661
84388,9.140776961370754
84395,32.933308148407676
84406,16.955455731467058
84408,8.873420317377484
84417,15.174616002081759
84418,48.25199287533782
84419,32.12101635368809
84431,7.116951857879926
84435,13.080157593531931
84436,8.972897864529717
84438,67.12269835549516
84451,13.428158093534442
84458,12.90973525139407
84465,12.28148425390564
84474,13.019156754283799
84477,18.200969952622255
84479,16.58675178893746
84488,19.982817962101077
84490,9.668448907909438
84496,12.739999999999936
84500,15.212848218886897
84501,15.273500954021312
84517,37.6710748411151
84522,11.712603526051103
84523,8.694197563135884
84524,37.35663865851709
84532,15.238770120948612
84537,14.483479011371983
84539,10.116347526385985
84545,14.307894660985138
84547,15.777978283438866
84549,16.95801106937156
84550,8.359665300283705
84553,20.768468735557445
84556,14.262575183390817
84567,24.537764262622673
84568,25.669032968432642
84571,14.832284096567827
84576,24.187532691220323
84579,15.669037729613109
84580,27.94851335427059
84588,12.751156016847077
84590,12.815582363912048
84596,34.68798452265461
84601,19.810966115573557
84617,7.98325670729025
84619,29.921322204248312
84623,16.303112110359017
84625,21.814418301536424
84654,15.26230750303548
84659,7.21405359657548
84660,7.21405359657548
84662,7.21405359657548
84665,5.540000000000021
84666,7.21405359657548
84669,7.21405359657548
84673,23.721889166821175
84676,8.569210420841532
84682,16.005347801297276
84684,9.993073760344604
84685,18.07070073503384
84686,18.07070073503384
84688,14.717043837198439
84690,18.050405189825348
84698,13.824307491966373
84700,21.648693866750744
84708,14.270137204083882
84714,16.19235669740353
84723,16.825604242741775
84727,5.8724469024881225
84729,7.923931277887267
84730,15.921020064034366
84736,12.834129237226401
84739,16.59147890567559
84759,81.74425486495018
84761,15.639158646931023
84764,25.97715231853585
84771,15.909405795963387
84774,34.1122434782154
84775,22.821421068598152
84778,22.231570143055595
84783,27.711816865473168
84789,16.045719848027673
84792,16.82849058849368
84795,13.275432916226064
84798,13.42292070668322
84807,18.928420023128933
84809,16.93830947222082
84821,38.167202622632495
84830,15.7869514318594
84841,88.77577500357893
84842,30.503375979003764
84855,13.662139401953773
84856,19.163771831839878
84860,8.339999999999973
84865,17.978774433964663
84877,24.362352638536162
84889,17.755801793206444
84896,12.614244948736797
84902,38.09745663633894
84904,18.20054697308588
84906,12.220000000000077
84921,17.558537012029518
84926,7.573961136051292
84935,0.0
84937,22.073437518225543
84939,9.467046256108313
84941,13.357983242834502
84946,13.136768868901976
84950,8.503370641895296
84972,14.542369215865888
84974,20.254717288596964
84985,21.356410671114798
84988,28.16691531473045
84993,8.205114996080216
84996,19.2961965536388
84997,19.2961965536388
84999,17.58957159241499
85001,18.93716753989663
85002,21.98856784716332
85009,10.625850358619145
85013,10.286951578592282
85017,26.366167595044807
85018,11.082443906418206
85019,13.887060555984476
85021,17.12270513020608
85025,11.979748324130414
85030,19.221672185007133
85032,12.890440727791162
85034,10.379542306881644
85038,7.685358762258971
85045,16.8284161907877
85051,12.409913615760813
85054,17.85610873870382
85055,21.527721213167315
85056,16.168024255788474
85057,17.640739752289136
85059,12.865417293404633
85062,19.562446264461773
85064,29.67276025789894
85070,23.088160262283598
85072,26.570661867459272
85074,9.273414515396366
85076,17.267077722955992
85078,17.994121944797925
85080,9.875623817078786
85081,13.367268908394117
85087,14.939347613690304
85093,34.95186412055973
85101,16.870864465219313
85114,8.08580325573012
85120,16.869733884439643
85129,8.623265475851722
85132,15.480715182188813
85135,13.628250723138793
85143,12.222531133540212
85144,17.923684516870193
85149,9.180234833946713
85153,36.62582906101783
85159,29.451505643119326
85164,15.938236636067113
85166,13.822082992710309
85171,27.591518814651735
85183,12.41496634767849
85184,9.243719490362457
85187,10.813969488283439
85190,20.215691557682554
85196,9.981691747517214
85197,16.94805095503952
85202,11.920000000000053
85205,27.640976249041596
85208,15.1067576538534
85212,24.005441888056982
85216,18.96910286152915
85222,31.99800942424401
85230,9.836324831091547
85231,16.04539844280411
85235,12.38084565729465
85253,32.82219884690762
85265,16.305000667806244
85272,24.00979554614388
85274,14.601007857046511
85275,17.151997840288782
85280,20.565196609260646
85288,7.974782587548432
85298,11.82546572751422
85300,14.434745297384735
85306,11.160109378346755
85311,13.456732530949179
85315,12.653286124865415
85319,19.29188477866294
85321,16.6417992531234
85327,17.824083494157247
85329,30.121735796827316
85331,18.69288422728988
85350,18.57369052822109
85353,12.09859618673762
85357,39.76130536946662
85366,14.037226002351131
85374,16.40666331156899
85375,12.623154071893135
85385,15.259528617613718
85391,28.005277077618
85393,11.723781922219333
85396,24.554699572795524
85398,23.200000000000014
85401,11.94347854211071
85412,20.71488261485561
85413,60.76816006931177
85419,7.946266891810033
85422,11.882310452089726
85431,29.496634782472363
85435,15.283590418319303
85441,15.202760584175643
85446,30.47220416881922
85449,25.37230673488374
85453,40.02394261362087
85468,22.906606153106996
85470,15.157978482857573
85472,21.184626000863137
85473,36.3564061297
85474,10.167222007592391
85485,8.616561835734675
85491,14.982385320935753
85493,29.83014733049625
85501,7.14730062992801
85511,15.001415974903406
85514,19.787097772336306
85517,39.451654448551515
85518,39.451654448551515
85520,37.34703204601918
85524,8.428824589031105
85528,20.88553577393915
85531,25.423126989917797
85532,16.228796706926758
85536,21.35520951211113
85539,10.078289829759134
85540,28.82315392679823
85542,16.081081407424524
85546,24.80250630613961
85547,8.81429188644157
85548,21.63322398238326
85551,15.209150476989944
85555,9.700674011531648
85559,18.935700972469647
85562,8.72915085823642
85564,11.722652668813874
85567,23.232226685809273
85570,22.246780301501122
85574,31.96183471229768
85575,22.46935991805567
85594,12.129999999999962
85598,10.304831419275903
85602,33.07544377928368
85605,17.83739994790689
85608,14.803110629809135
85612,10.094204900389297
85614,16.8860341533426
85620,52.04435860315094
85623,19.99402310705514
85639,30.249185236147135
85640,28.81294844191368
85646,25.47421883533503
85653,17.51626710305868
85654,12.876350952676825
85657,9.120311474839475
85658,9.120311474839475
85659,32.076260363622644
85663,37.387391955736206
85665,12.63825929552517
85675,16.12449245801663
85679,16.78466826223524
85690,10.547261102320254
85698,12.761341234752415
85702,14.403778590676135
85703,8.560090874964391
85705,15.593605857682327
85707,13.914160805458378
85712,15.440838833068394
85719,15.625233571645907
85721,19.26920144239539
85725,15.47851796853164
85729,45.995374571798884
85743,20.9064859619063
85744,14.422781510377659
85754,11.41452824554421
85755,11.757490101058332
85759,22.87573230922083
85765,11.74347708693329
85768,16.783809876308787
85775,17.433143696045367
85777,15.692568646531964
85779,19.275173507182124
85786,17.24497407680194
85793,17.247194538431906
85799,10.432420952707231
85803,15.598956850699253
85819,20.901610525553327
85824,21.629952237886492
85828,15.479860359937213
85829,7.766475082332306
85832,32.23748806068845
85833,16.489125216029226
85834,24.717128331653548
85835,24.74009276853547
85837,25.158248274480545
85839,16.033133024143243
85843,9.499500014709827
85845,17.553580660639923
85848,12.26488756536208
85850,19.07034526266634
85853,8.621275728375787
85854,8.71414552897349
85858,21.36281464151258
85867,19.519540561611176
85871,20.710476375679086
85883,15.297608113858008
85888,16.132007047727882
85896,18.913873284258614
85897,30.27683933540524
85917,15.538970084631956
85918,21.5969283594428
85920,12.607714369167502
85928,11.027474994159697
85932,7.721135662874218
85937,18.091004096271842
85942,16.336354363632577
85945,12.73180617661308
85946,18.542031625156135
85947,14.306362036185519
85948,24.761640103996033
85950,15.788615744211128
85951,15.45898853046479
85953,15.220706486842555
85958,20.789761690653098
85959,20.789761690653098
85960,0.0
85971,8.326353628142673
85974,28.389656822943977
85977,18.923164483079674
85981,7.630138208673481
85987,48.70356274573991
85994,15.063526230615043
85998,14.331363173873035
86002,19.720948848111323
86003,25.121946848716217
86005,15.508244553296596
86007,19.09953356273258
86008,21.000875373802714
86015,12.831900842027643
86023,18.601155530488825
86029,7.577269687508993
86041,10.05281283912795
86044,13.229711205114235
86045,4.672155943812536
86047,16.660115727447046
86059,17.371309756280368
86074,18.45965898258647
86079,25.484307137094014
86080,14.373987621138369
86082,0.2088598282063108
86084,12.558149943492335
86085,8.758348496221537
86095,15.349159206251596
86103,13.815480160629276
86104,15.698246914129765
86108,10.456765757649048
86112,14.662971922984477
86118,18.258039893043627
86121,15.553622349536862
86123,20.014171559632334
86127,17.208524976810306
86133,14.42668657613914
86138,14.144288794310274
86139,15.231477592218031
86144,31.4143457976487
86149,16.29890569776077
86153,55.288487793785414
86164,8.0414668985454
86165,8.0414668985454
86167,8.0414668985454
86172,15.159709786681617
86173,14.063632787541925
86180,19.208637082043868
86181,13.903970573347586
86188,21.868573740784853
86191,16.851760339148356
86195,16.80602381122548
86199,16.1255991203714
86200,8.569643747324044
86202,24.985733273073947
86215,15.037178769171451
86216,15.037178769171451
86228,16.04500098436885
86240,8.763814132853744
86246,16.498646905211345
86248,7.825891181639756
86250,18.32666016139353
86259,14.651024436189717
86266,13.595382440665784
86278,24.614219709273886
86279,24.74311600531108
86284,22.076269304257934
86285,36.9648072431773
86286,26.99202498771939
86291,21.801851321526744
86293,25.318929705245488
86294,27.993231540555506
86297,18.527519722495626
86298,11.111970601438868
86299,17.092407074278658
86300,15.94912245009889
86301,20.076562334262285
86302,15.098833817946225
86309,10.422725655311956
86312,20.351321109669183
86321,14.97480354538332
86323,20.660514022806254
86329,21.87681835171344
86346,79.4841460129588
86348,62.16255363154581
86353,16.008855753142452
86362,9.679655944883951
86371,25.25046811478676
86378,11.917851412426717
86381,16.83577770773373
86392,8.517066856570112
86395,16.598610149326475
86397,14.814274516400346
86398,17.055549321614823
86406,15.563454243317093
86407,16.06567497277296
86408,9.205795943286713
86414,12.719999999999935
86415,16.223850512349316
86424,37.00090448492478
86427,17.348264873128265
86435,15.15384386355192
86445,20.579209802745467
86446,20.579209802745467
86455,8.964899824696092
86458,8.42448337122738
86459,8.856429659098623
86462,18.725361038436564
86469,19.325420321424385
86472,13.784113946726027
86480,7.835804698843814
86481,7.573961136051292
86482,13.615782423114155
86486,14.983681077603238
86498,28.731500101100302
86502,18.094118920834813
86503,14.721815433341268
86511,19.650160817881403
86512,17.829283358846485
86514,8.818687172848822
86516,14.941888969159661
86517,16.203833450014834
86529,8.471180569580891
86530,8.471180569580891
86533,9.202498416867531
86536,31.80672184522058
86542,12.039218540256208
86543,12.033239843041335
86546,15.44714048034255
86549,15.96098966434661
86553,19.01044942317702
86563,16.98915605053821
86565,21.094910098838625
86567,19.59263606072888
86575,8.104028484936546
86581,14.528420017812714
86583,17.47491795212374
86584,11.123388400394209
86587,8.35300337399278
86590,28.737469799436532
86591,28.737469799436532
86593,17.746040526488205
86597,12.165793436187187
86613,21.49411754516362
86617,48.20162878430239
86618,14.10322398549577
86621,74.6419130620419
86624,7.504218361349304
86629,12.50181227491603
86633,25.33961038513076
86634,64.37377057652786
86639,19.317383242283398
86645,9.639728780113138
86647,27.72514506084312
86648,34.894438630700705
86649,17.469199429547245
86655,16.72561289518789
86658,18.94421060541412
86659,22.41074333944367
86670,5.155317756320011
86673,16.682135892039856
86682,16.019326245508175
86689,17.164586691781327
86695,7.857343329937224
86698,19.001533903171524
86703,25.284026223564943
86706,18.500705586804383
86709,25.168641497527275
86711,14.538458740320742
86715,9.741090936492874
86727,12.577057168883368
86742,16.84647909045748
86753,14.618456980171834
86754,14.618456980171834
86789,15.186472300492479
86793,20.376532673490217
86800,8.799188383459551
86820,50.970000000000326
86822,50.970000000000326
86825,50.970000000000326
86827,21.416409917722678
86832,13.305008449342633
86833,23.288594531947094
86838,39.57563654322936
86846,13.617541715649619
86854,12.448990517957421
86857,18.325528821759363
86858,14.160663814860117
86860,18.226742456488754
86862,9.46840729766945
86863,16.77971092241689
86866,22.5954846201535
86871,15.746760379564922
86872,14.17902875667349
86877,15.955908992529842
86886,20.65038930940271
86887,15.899989231638322
86890,21.550772742840376
86891,18.34278263500403
86896,39.059795773083955
86911,16.58358976467112
86916,24.423635556725635
86917,11.429741430669212
86918,8.497649584323455
86923,16.23203950644873
86925,19.66241221797709
86936,7.967437587426179
86940,12.460006071717107
86943,13.42250658208292
86951,15.36249202184353
86957,7.9374368854932325
86969,65.30350835715748
86971,10.901149219703946
86973,15.441985100914298
86978,13.875994180648261
86985,17.66889473777912
86989,12.333288938245522
86996,17.870435601292016
86997,16.686670058763877
87001,8.752269383575785
87006,22.414245945304312
87009,20.456065733551647
87020,10.094519257189132
87023,14.226809028203627
87030,13.863423205682112
87035,20.25060080458215
87036,25.606033582139776
87049,35.88038247139697
87055,19.89083901300771
87056,15.905093269985876
87061,19.709212786401814
87062,17.64229216164281
87063,12.114083459920973
87066,11.859670700517574
87075,13.114918237482218
87084,22.035628202137108
87094,15.41662904430257
87096,18.82443609744557
87097,7.974782587548432
87100,21.360378431675986
87109,15.4354175257128
87112,23.049642802709435
87117,20.195365783478366
87118,19.79366121361215
87124,11.791761806551094
87126,10.258714071593635
87133,7.505303844899787
87135,14.675906444886314
87136,10.944899939255833
87146,9.500456932419151
87149,20.53301459352479
87156,9.625877671499593
87159,11.450000000000031
87162,16.688360925509233
87163,13.419116668498846
87166,14.207093699918829
87168,17.415647190014425
87179,15.787788134558134
87187,18.824541809735322
87191,10.323047114515788
87197,21.889307644704825
87204,52.958619969129174
87206,7.669192301711858
87216,18.081303251271333
87217,11.287054792094441
87219,17.98541488768008
87220,14.878321234868071
87228,16.043319573629763
87237,18.53847000665715
87239,14.053442393095892
87247,16.25000000000001
87251,34.01693021567203
87252,28.944657456651264
87258,19.395727190620075
87264,23.782934980975508
87276,16.627829700074493
87278,13.126856789525668
87279,19.832815629906168
87283,14.68574785582129
87286,13.33761964163204
87287,16.66291444301705
87290,15.256170406034645
87292,16.25000000000001
87293,11.522051754881014
87305,16.05876369318276
87307,20.796747750974014
87309,10.094252895161365
87311,8.336980788299472
87312,20.939790903583265
87328,6.396271096991668
87329,15.956093074421386
87332,25.723549527617486
87335,19.784448925096225
87336,20.132634178709804
87347,54.450342975869184
87354,10.436547296628886
87359,17.957227945918973
87361,18.178559498154932
87367,11.224884759065
87370,16.511702573844122
87374,16.335185858344662
87375,22.840620021232773
87376,12.23643816903143
87380,13.833540222389898
87384,21.10436053468165
87407,15.387977096753115
87408,10.508054464862061
87417,16.459650661609718
87429,8.714655498894086
87433,11.960708386629648
87438,21.466346621118245
87441,16.27340611995948
87443,8.730043378713223
87447,10.620046187247434
87449,28.111782694716624
87450,15.53209863872286
87457,1.384799792896826
87458,19.484508326823935
87482,9.026218611208472
87488,18.760711626968515
87500,21.400315458046094
87503,16.786525531031046
87507,16.99351030623775
87515,30.209283561809848
87521,28.305725779954447
87527,14.029333084003543
87540,27.706930768753985
87549,9.908081663762065
87553,16.912967085508612
87554,16.104179661178467
87563,75.72207138389875
87565,28.879413344880504
87569,16.998825072675764
87570,16.998825072675764
87574,19.008555564620924
87577,30.86042035236811
87579,22.214655721798394
87582,15.498380371979085
87586,16.35166621206736
87587,12.727130463832255
87595,7.610632662170053
87596,13.084321882542765
87597,38.62053280943162
87613,57.07272820731508
87621,40.36999999999987
87625,21.57594634613289
87632,15.00672958725485
87641,16.473508953554184
87649,17.28714813483298
87653,15.11923123040459
87656,10.621485174684
87658,15.151554973529365
87662,9.203160809315825
87668,7.967218182110916
87669,12.106514385684573
87675,16.94158964635424
87679,15.156731085460581
87702,63.676147049400356
87708,13.089251771265456
87713,11.899223118490443
87721,17.21021674766472
87725,31.174951475678796
87729,21.23882202579848
87730,17.491769833800177
87734,11.375410793752732
87741,9.064957084611315
87742,10.83687403813579
87752,20.88592063171042
87755,19.904585151254317
87757,19.0756167786201
87761,20.484342594728588
87765,12.269268965722567
87772,16.280752580388633
87777,13.937752768640749
87785,75.13769549496845
87788,15.959255602283186
87793,7.934319790701183
87798,17.229680755180155
87799,18.64531074923219
87807,10.357373776288787
87811,9.510418879220651
87817,16.38916524072046
87851,37.833087743188926
87852,12.41830520265975
87853,14.739345764814798
87862,15.377666715493085
87867,13.56971553701723
87876,14.43167358090832
87887,15.646699466385499
87888,13.397168293320878
87889,13.179585148100651
87891,12.670007593419722
87897,12.346370475956414
87902,14.982385320935753
87904,8.518149283156085
87910,14.723824276144448
87912,30.750329852945114
87923,16.208796228019796
87924,16.046331151560395
87926,12.068823949189001
87929,15.641676455993352
87949,15.420236271810364
87953,12.74428315833633
87955,23.882558901324607
87960,27.48275554795302
87961,37.53160054934109
87975,7.8331884632155955
87976,26.77716396215196
87982,16.37218983186733
87999,14.319339413278145
88004,10.804839880873335
88006,15.971585511188668
88012,9.37422336358071
88022,8.774561841218262
88031,18.062863706990548
88050,9.045624021979089
88066,10.51653694030615
88070,27.03952399176001
88071,24.49375842507774
88076,11.849999999999932
88078,11.849999999999932
88084,34.15439507070478
88094,17.27303267322672
88103,24.760835967661254
88104,24.760835967661254
88115,14.808969372374417
88120,12.821732764220682
88124,17.295109734376975
88136,50.97594282444975
88144,29.278999765997558
88147,58.00805751222223
88156,21.17609860432883
88160,9.249363183691127
88162,16.273618469105095
88169,9.014807233589305
88172,15.01819312928954
88182,53.82820420234097
88188,9.940020276504189
88190,8.770956778517814
88191,8.770956778517814
88196,15.089390957516265
88204,29.369318910640214
88210,11.760000000000034
88211,18.811413004223756
88219,14.124266991709996
88220,15.586139190697462
88222,61.25564637334585
88228,39.0299411999819
88232,15.945675755464393
88235,12.402016580338916
88236,12.402016580338916
88240,17.744400513960567
88242,26.027387619094192
88244,28.73581277044321
88252,11.567569078376335
88256,15.156925299196786
88259,13.809849506881289
88267,14.368356204242144
88280,47.01819228230849
88286,69.04280970655344
88291,16.01187955158015
88301,18.442608409198986
88308,16.683888485437244
88314,9.594086114521147
88315,30.532982189362187
88320,14.799117435293295
88322,18.13058321988836
88323,31.218082682285797
88336,20.618927920759376
88340,12.562298014716198
88343,16.59739449543101
88346,24.388336210495943
88353,7.958117435610946
88360,16.464246804735627
88362,22.274989918224463
88363,16.876662557167236
88374,16.30438503159089
88385,7.505361983604958
88386,7.505361983604958
88388,9.431514600262354
88392,12.872009339270049
88401,27.982618363520587
88402,46.00029333423815
88415,9.357407148740249
88423,15.403059523109263
88424,24.49687244292354
88431,15.939947251122003
88438,15.800964866955617
88440,17.972518533433448
88447,17.917846976258968
88456,24.66845446901355
88459,16.865745925446127
88463,18.171537074654516
88465,15.492194410939952
88466,11.96489352752389
88468,16.040770706762036
88470,9.27296311562853
88475,23.435465721950465
88480,11.90046353042739
88482,21.992795287246278
88492,11.157588129211764
88504,8.770120651471418
88514,17.24497407680194
88517,6.834923116331341
88521,32.79238566974925
88534,59.13433664604645
88535,15.600323588802425
88538,15.125106213924287
88541,15.651422218681287
88546,19.018961727834917
88547,59.433409418508155
88551,16.599648354266723
88556,18.914276945106085
88562,7.780000000000003
88563,16.74041220863778
88565,9.339343624561439
88567,15.32226211930385
88573,11.254114224340036
88580,21.29979470140748
88581,53.05605308070942
88585,19.992292483288303
88586,17.03703185979374
88591,10.757913173638558
88593,18.09107572100194
88596,7.880102289502492
88604,17.712940134957353
88606,20.677749729317437
88607,25.770091695238776
88610,23.350336741575763
88611,39.37682650963806
88613,14.861576210521392
88616,13.958836766551679
88643,21.94772263034704
88645,13.60514874127492
88647,19.10183760597961
88651,20.195757231068935
88656,24.940967746208077
88661,17.80780646968184
88668,14.939147639121861
88669,16.081646516182698
88672,8.543810216144353
88692,15.775624523269304
88696,18.711909214565527
88697,15.234253082781464
88702,14.174032310846925
88703,7.746305644724208
88705,16.431855735792965
88707,13.056796082087127
88709,12.07648358569156
88711,18.622138401824653
88712,18.622138401824653
88731,14.816866567968573
88740,9.754032885707419
88741,25.62034030907543
88743,26.7678821621379
88746,17.393397433734663
88747,17.571891808259757
88748,19.59569419913855
88760,14.727531838300946
88764,15.871375714583259
88765,7.803793564774972
88766,7.803793564774972
88770,16.88285503857792
88773,58.84668435553104
88778,42.53614556624562
88788,17.011958801459777
88793,13.096008363252977
88803,15.435218514304463
88810,13.693476471280375
88815,17.266697605792427
88819,23.521150443066187
88821,13.807436713671004
88834,9.35042316633564
88841,11.834298316949301
88843,19.681886490015497
88845,13.384895976054068
88855,26.975915038132616
88858,11.852053215068965
88867,16.212138941809528
88869,41.2846764055759
88873,15.685993358184867
88875,7.7909379294406165
88885,22.13088328001341
88901,9.50899582128279
88915,19.529617771376394
88917,45.5444305199159
88924,32.49591296711292
88925,16.38005895516012
88928,19.39563862240821
88930,19.39563862240821
88932,7.390498530834666
88939,22.977825437880373
88941,7.8636807277272585
88948,25.94686176086128
88953,10.352537787129908
88956,17.63226896458055
88961,31.766243468584975
88964,22.751197641381978
88966,16.58184158672072
88967,22.0779940857242
88978,15.414760815893079
88979,13.807054323227929
88980,12.7359213512378
88990,14.705683983051744
88999,16.484319114382252
89001,13.621622909347126
89006,22.073552507925918
89008,13.620233132915784
89009,5.890882233106721
89013,6.181714747277188
89014,13.16140908861213
89018,18.769415331379072
89019,13.486319208868133
89021,16.822829215593313
89022,10.592225645890947
89025,23.695936205431934
89026,28.844862070879692
89031,12.610409873883315
89033,15.838902717963329
89038,20.26619564801807
89045,9.101272813286338
89051,27.625881204909668
89064,17.36829892090465
89068,18.304020748202138
89069,22.995734150468746
89075,18.16248563094852
89079,15.480129477560983
89081,16.577127564161632
89091,17.095357426169954
89099,15.43996643021492
89101,22.120785245758206
89105,15.032606175271408
89112,13.561614861773899
89113,15.344764382169569
89122,17.00287717409382
89130,27.598292643398963
89132,8.428824589031105
89136,12.448106059755109
89139,18.985918227620306
89152,17.584591694346376
89166,15.320471257597092
89168,23.572225956337885
89169,17.526442969833525
89172,9.069238312951514
89173,22.429110566864647
89174,12.945622657148219
89175,34.137884017123554
89180,14.832723140237528
89183,18.23362790759373
89193,12.6750639157121
89195,7.73762020831424
89200,24.99794480370578
89213,15.10979883505236
89216,15.684928763409193
89231,6.57333063986782
89248,18.29667944226549
89250,17.480705920657307
89256,12.434938280955258
89260,17.994650621153674
89269,15.224535056312678
89295,9.092114018228742
89298,10.29755305062354
89301,28.411021136774032
89308,12.689999999999937
89309,12.689999999999937
89317,13.276821828119116
89318,14.277817139803815
89320,9.025747151862996
89324,15.77454271239369
89337,31.88382131063934
89343,10.296393475725528
89349,22.051951980824757
89352,27.780967641660272
89361,15.346018707451154
89370,9.089077403103754
89387,14.118646051623182
89390,30.94256730478096
89392,8.942304063701927
89401,35.42588963337622
89412,12.00886587722538
89415,24.338016077903973
89423,49.29795802134809
89429,15.52344511833859
89435,34.79483015715954
89446,26.83593126361052
89450,14.02129277661999
89451,16.198210030336647
89453,14.889242120991199
89454,14.889242120991199
89455,15.922235536180843
89457,22.78882818909751
89466,12.129999999999962
89481,17.32561289064098
89492,22.90884752794764
89495,16.312566108957345
89498,38.36999999999984
89499,38.36999999999984
89508,52.2412154324249
89509,11.741243978477016
89515,14.782688138176889
89527,17.639675389009604
89529,18.103417253372992
89533,25.652668782041367
89538,16.900634670317856
89541,14.38253639897376
89544,24.898889777081767
89547,17.70254329885832
89550,16.819199118784063
89561,9.906980333964782
89562,35.83600067977402
89566,13.55374118336764
89567,32.23928645292704
89569,19.75489640274733
89577,16.35967388244317
89580,31.835457824134835
89581,36.994725530390525
89599,23.63376327273848
89605,32.60277828085504
89609,23.878504725324763
89610,23.878504725324763
89611,32.930826658283614
89615,12.696701180009233
89627,10.600571753947923
89633,29.480389442469647
89634,21.738087274526286
89635,125.37268268219633
89638,52.83276461805261
89643,28.867133715739534
89649,18.416663077760397
89650,0.5570942378192447
89653,15.238167987971199
89666,8.630410110540325
89678,11.419672336124105
89682,15.233269196756275
89684,9.38824188244723
89685,11.625586349057317
89686,151.21731473490814
89687,19.601622449082377
89690,17.826237726062978
89701,9.198777465759928
89702,8.082420158783439
89708,10.276473279155306
89709,14.969229914730093
89713,25.770091695238776
89722,20.94529407194175
89724,19.184455058267282
89727,12.06912712911649
89728,17.32285305139751
89735,15.971960115834026
89736,29.411963961999447
89737,15.408388284266092
89741,8.456202729312864
89743,13.479351347334443
89747,13.861308340746932
89751,15.091505449774822
89754,29.037401709872164
89755,13.28894434397582
89756,8.283014870028735
89757,58.722851508593344
89760,16.614840108538296
89768,12.441072018499963
89776,23.530724480787395
89780,13.664983354457139
89781,14.83774897429075
89790,16.266090862119874
89795,20.989999999999945
89808,12.458373904140595
89810,9.525285990441871
89812,21.411700252585934
89813,18.897781210814923
89820,11.827469337897428
89827,30.62022957973387
89836,15.21
89839,14.005431623230605
89844,15.975575011662222
89847,16.224535035655958
89855,11.235605869062432
89859,16.828288383118963
89865,20.943425254172684
89870,15.964538904004126
89878,13.620856993874362
89881,9.873296860895206
89885,17.670000000000005
89887,21.524627309221746
89888,28.71562784683715
89889,14.69899154050284
89891,17.258015047956025
89898,27.53049089771149
89908,19.180791360061477
89911,35.556946242419706
89914,15.856293480176767
89924,13.78933234842062
89926,1.7208065275015567
89929,2.9909048579061226
89931,44.74894713675336
89933,16.781924448105027
89935,10.771550549383978
89938,9.880402285852066
89939,12.70307380120007
89960,30.34995139615272
89962,16.972996407408395
89968,11.063491121178808
89973,17.93820673707604
89975,14.345240782023009
89979,22.03833867542729
89983,11.186605627216862
89986,11.053796917867398
89987,8.53587817146628
89995,15.480840239660079
89999,17.531962499063752
90000,16.969646969673594
90001,43.870355938261575
90005,17.109674461680125
90014,14.82520434961953
90027,8.569210420841532
90053,16.145053017945575
90054,15.981539175537257
90060,13.308113840095775
90061,21.058817161143207
90078,11.977320544070427
90079,25.584548303381908
90086,15.91374184941332
90088,38.109428708016495
90093,14.782757193407955
90100,24.867738043128835
90106,15.117663317198112
90111,46.65792655777721
90124,18.751640853696216
90128,12.254631106475422
90136,13.933197373577999
90142,14.630184258500012
90151,18.241546752320286
90152,18.318620319635983
90159,12.372668210781189
90171,9.220891804918397
90175,17.07474006197607
90180,9.798887565201131
90185,20.998434216401638
90194,14.045060477033973
90197,30.217147401914428
90200,14.686556619703675
90214,26.435108384199914
90226,12.884881753249795
90227,17.815291282330936
90233,10.332721293540722
90248,7.511502711306994
90252,15.830465444135474
90254,12.333288938245522
90255,23.84000000000005
90267,17.15641570561333
90269,18.08909295454999
90275,12.375903296729575
90294,8.840906765900554
90305,18.10017953061961
90306,15.138911429072447
90309,18.586315205724333
90313,21.3414176177744
90315,18.08328412613367
90318,17.643149228732906
90322,22.437979293838715
90326,17.10160510840037
90337,17.055132352632967
90338,18.348518130888827
90339,16.84801776303037
90340,17.27666532401705
90341,22.895298170147175
90342,19.008861350898712
90350,17.31167257189179
90354,30.93320227135102
90369,23.72799560949382
90385,30.109257780525454
90403,15.062806443351569
90412,21.784718012436585
90413,11.297980512494663
90420,29.58205916698588
90426,26.987246222676294
90433,15.327404241265604
90437,73.15597595346983
90446,17.8743568333941
90447,10.346667187560506
90450,16.454072161807666
90452,16.838892200748045
90473,20.322469793527407
90476,75.39028997626325
90480,12.985091838360587
90485,17.884708848629668
90486,26.44743245751659
90499,24.049503177626857
90500,24.049503177626857
90502,36.54913647185651
90505,16.62225999816064
90510,21.58085136817826
90511,31.389054558005185
90512,17.54388537715553
90515,26.74120093605556
90519,16.17288056409006
90530,20.125133562449072
90536,19.61727425785726
90541,26.157937477259875
90543,12.716876563128672
90549,16.01096239301541
90550,19.715434341791866
90554,16.594762016794963
90555,16.594762016794963
90556,15.63967466175541
90557,21.333260655361737
90559,40.77513034054349
90563,38.6493780872044
90565,18.662225633244887
90568,22.151533525665837
90576,15.55697780892545
90580,16.940275388792145
90584,12.009847042309108
90585,11.73793420891122
90586,17.69190358746367
90587,13.297706752479433
90591,22.360872320446433
90595,17.70675294194634
90601,12.08545023769197
90603,19.74865208932564
90608,18.806164745564697
90622,14.307234155877575
90623,14.307234155877575
90628,31.82030201152027
90643,18.084534884531926
90646,24.299786569722134
90652,12.464078110458685
90655,40.11418404034716
90656,10.860054152021634
90661,12.204732867641942
90668,15.241356827623875
90670,30.90322656942821
90672,7.946814834053573
90678,11.97822117068754
90681,25.56226139373655
90691,14.896247751141408
90708,23.61877047166255
90711,15.151216026201364
90712,16.309885654523626
90713,21.31662403835633
90714,19.269100235204956
90725,24.390594097702053
90740,10.616938355458956
90741,16.23366377608277
90743,16.650132074227376
90746,14.850815161577536
90750,29.334425846788836
90751,9.329410761252303
90755,13.362928362613813
90756,17.667855096225615
90758,13.588356485305566
90761,17.247840440834548
90771,12.759022199002072
90773,54.59625281033902
90791,15.560000000000024
90793,17.217440137118956
90794,14.693212925372372
90795,12.296224765738645
90797,10.877221817995276
90798,15.726619893736785
90800,15.895965329232062
90801,15.052504114738067
90815,13.620035480459114
90817,13.647032676809209
90829,13.871826657896788
90839,11.018433330949982
90841,16.335963946102115
90843,24.611817972084687
90844,18.55087260045245
90845,8.354521580866704
90846,0.5201495891993846
90847,16.350527300798937
90849,17.21353458300053
90851,16.85476684115824
90852,12.783308775114175
90854,9.820483158711873
90856,12.624893409357446
90861,14.057016592075925
90864,39.331772898130076
90879,43.95424731723629
90886,33.1215771659554
90889,26.1264411239998
90893,35.4862849530043
90895,15.404041860090572
90901,10.379477553688714
90902,18.914915412297074
90906,7.51308598680194
90909,13.847749536754128
90912,18.495219949913807
90938,15.767354218255626
90954,13.504471246679735
90958,18.88742985608232
90962,10.44184794674557
90981,14.838549940724432
90991,16.82530886000757
90998,16.35617067919208
90999,13.494309056807507
91014,12.505670026834697
91019,13.924361317286824
91024,7.723988936758788
91029,9.648454912733392
91039,19.203903942013742
91041,14.868037959658915
91045,11.787236367706495
91055,12.738694345436162
91061,14.612878381585618
91063,15.537811588107516
91066,7.709033674879409
91082,15.596770786981388
91083,13.722150322245215
91086,17.338838021924776
91100,28.868076220535926
91101,11.11381597143126
91107,7.38999999999999
91112,12.490106310773397
91113,31.987239821570817
91116,10.29697262039322
91117,7.985731859592459
91118,17.781087321180784
91125,24.729231637295477
91129,10.850084857296954
91141,14.218724766569176
91149,8.870043331591132
91150,14.69340884471506
91153,14.024835553401376
91154,22.00517666634308
91163,19.149367109004483
91168,16.38564697266968
91170,20.12487204976802
91171,27.95661186703947
91176,15.611719614081547
91179,74.03280407233588
91185,24.937232448488906
91189,8.215785021830323
91190,11.150636114423104
91192,10.44094352172485
91197,17.927295109114265
91212,14.15905270431465
91217,21.95826237809519
91229,18.356624324953433
91231,13.38214414359516
91233,15.044566012640448
91240,13.364892364520918
91246,14.406445642525195
91249,19.278009794561633
91251,14.143286933483036
91253,8.223184484312911
91257,7.695117783672293
91259,16.152870192576632
91264,18.15132605997417
91269,16.273746390713065
91272,17.67000000000002
91274,14.422937326844323
91279,34.982556240765895
91294,13.096008363252977
91295,13.096008363252977
91297,34.42185637769939
91301,19.036795898181406
91309,64.65109878273444
91310,8.713884195941636
91314,7.498464385505985
91318,14.777693156798737
91319,13.30089430929329
91329,299.1600000000029
91339,19.923860125291736
91346,9.232074648448714
91350,10.931327622338689
91351,15.337368508490808
91353,12.885489409073461
91358,18.591629624844945
91360,15.582688626731056
91363,51.06898633735285
91371,14.904288510233721
91373,16.897396128466465
91374,20.62871326008926
91377,26.76894189442741
91385,23.969453290917553
91393,16.065645830475077
91396,12.804752124579304
91399,14.587722714700638
91403,19.557595097161812
91410,12.87190347731888
91412,32.47175185301863
91413,25.58066756133105
91419,13.218764939724874
91421,30.765306331972404
91429,18.507354732207506
91433,8.867083494768309
91434,14.572958886498347
91441,23.810865653387776
91443,18.901619962236808
91451,19.818630613069864
91452,16.627289739371008
91468,12.220000000000077
91473,19.76490582730934
91474,7.638495150091366
91475,16.279100635770103
91482,14.434542710146093
91486,19.45413402823183
91487,16.216532143809896
91488,15.960246169542376
91489,16.52585205150785
91495,19.35089350484789
91516,25.66427537517124
91518,11.832588335540631
91520,8.163486295056607
91521,15.735129195503198
91524,23.843984633486162
91528,20.78116557004634
91534,20.497053030172214
91535,18.168281855413603
91536,21.388767328357158
91542,8.48007218718758
91543,8.01837645396275
91549,9.794839311999777
91550,26.443980372160283
91551,27.180169207542527
91557,17.21172783184602
91560,9.74834030111388
91562,9.361054869969575
91567,21.00773263768098
91570,47.6467507601573
91572,22.754491544230472
91580,17.711743225054853
91595,15.75708682192094
91600,17.54324424751127
91602,14.505364929850282
91609,81.22119046022159
91619,17.744564870606553
91621,16.95590218346516
91622,17.277253161101626
91630,8.730000000000043
91635,31.403592250269035
91642,17.716828715718385
91643,9.120289368199142
91648,8.660908054895664
91653,28.23676045381232
91654,15.240129195328727
91655,12.378755259544816
91660,43.907312096857744
91664,17.30299802124033
91666,17.56802326779749
91674,19.422512120013266
91677,33.368093113845575
91682,34.135913619128324
91694,30.61688323554754
91698,27.87878858655396
91711,16.208170637742427
91715,14.87728798070517
91717,42.17891044855172
91727,8.78143764200003
91731,18.332288415787982
91732,15.24189768834212
91745,16.953930258912823
91749,13.37282053332108
91750,13.374885640813673
91764,16.178875580686242
91774,9.102718488528765
91778,12.159350558246956
91779,14.904651987683273
91781,28.0127406890257
91789,13.216282449046638
91798,17.23864382250168
91802,15.30107405530509
91803,13.316676676117755
91811,19.744712501304058
91812,29.76011158199544
91815,7.8790460259872095
91816,20.493637259055294
91824,10.43457510993986
91826,12.296121616902543
91833,18.49367880071456
91837,14.177422762747769
91841,8.120197980138526
91850,13.495918871610572
91852,22.696318264696565
91855,19.55663486451599
91869,14.841136296897107
91875,7.699928132716392
91881,19.437243948519757
91882,9.835002709555898
91883,39.54465324646354
91884,6.774331230149192
91893,14.586400580287911
91898,16.254279106375414
91924,22.681018247580205
91927,15.228438811295952
91930,17.894955595973276
91933,15.300953448723622
91935,14.509071373323964
91937,17.47705361571186
91940,15.43876025161616
91944,11.187705259222522
91953,35.51463430365542
91955,16.059489910439563
91959,17.159924519663317
91963,17.94876387529584
91969,23.53543689228817
91972,15.276849973090808
91976,15.607227869775592
91977,10.361174325139006
91984,13.170548346393176
91997,8.851244749093595
91998,13.993211635157957
92000,9.716398831303595
92002,8.05776598364329
92005,57.561567483641845
92009,17.34768229536647
92010,17.22777973217937
92022,14.199999999999957
92030,9.631942067453151
92037,30.643659725490757
92040,34.37730741512583
92047,9.14540588468728
92053,25.99371326470363
92059,30.45825463467748
92082,16.167073003739304
92088,23.64530585665453
92092,14.233311057492507
92095,27.8327997856739
92106,8.206780412093325
92108,8.686140279918295
92123,18.58758455175396
92133,17.11065976943954
92136,39.96184543501867
92139,17.13324358622422
92140,19.859250859226986
92147,16.836206231052763
92151,15.414738441631794
92156,9.986037469167414
92161,14.959198829177485
92170,9.687894303060402
92175,53.43114188573986
92182,15.678630680590075
92183,23.931765111398423
92184,21.27203405265846
92185,45.8633894610877
92190,15.077408925122
92197,41.97279982521829
92202,17.10384384522336
92206,7.967283037312573
92211,13.410228726180637
92215,12.542158177667417
92224,16.8709289306025
92228,14.688393745850723
92232,12.35247680251809
92241,9.21916789872127
92242,8.152547986176865
92264,9.269999999999964
92282,21.58119744612028
92292,15.804050945208946
92293,21.122352862559392
92307,27.265972541057142
92309,13.162773620508977
92333,27.18587023725541
92335,15.234061166968345
92360,14.231340586051319
92361,14.231340586051319
92362,27.51063146568378
92363,14.650590148879308
92365,31.830852334877946
92367,14.07963130473938
92369,20.58352784902686
92370,28.14605740495734
92371,46.404496353479125
92372,17.547004287708248
92374,25.676646011111867
92387,41.92291562757747
92388,17.094897269013863
92392,11.74111388085936
92393,9.013114803551439
92396,33.68341151068657
92399,21.229254063391814
92400,17.709674916579456
92402,17.99579362215009
92409,16.85389589270488
92410,15.17327477765879
92419,8.315692606909673
92422,14.11486953189015
92423,26.866907894446243
92432,20.983677026738754
92442,13.932369455372996
92450,16.93198849574104
92451,14.793706546623897
92457,15.411350855234794
92463,20.130218349465675
92467,17.962450170394938
92473,46.55407338293052
92476,72.54943170548665
92477,16.337918460881337
92479,12.556868021128702
92483,20.707085994385075
92504,18.695403766765484
92505,16.888708613341485
92506,16.888708613341485
92507,7.7669643680402665
92514,17.051602952227757
92515,15.852537495768281
92520,27.42937562660557
92525,37.46886076147344
92532,16.24880347144997
92537,25.411683498581272
92540,12.550964156653045
92545,15.827826093963466
92547,14.850490799783154
92548,15.03001606741233
92549,15.03001606741233
92550,15.03001606741233
92554,18.00820255151117
92555,34.57724114915733
92564,11.539165065321775
92565,21.035550900213618
92572,24.226445190995317
92576,29.931380136249054
92586,19.232754084588173
92587,10.346667187560506
92591,14.846910245451365
92599,23.901368087321707
92607,17.007613260829228
92619,24.661428099143016
92620,37.71294446534173
92622,13.440000000000062
92623,22.16696761914759
92628,13.87552557660692
92636,24.342825480136067
92646,24.533204369216808
92652,17.782048556131514
92653,17.639582413600895
92654,13.908166784025095
92667,19.65282710634202
92675,7.988558999231451
92683,14.740688092746595
92696,38.02910952735072
92698,10.104692061082345
92705,24.83461328272854
92709,24.224491337429846
92714,22.70485223805388
92715,8.456965218294782
92716,17.058364293176215
92719,15.043551036755876
92720,15.297949015248985
92729,15.392268056583095
92743,73.54809677495264
92749,12.872341407530483
92767,13.883859641597574
92768,8.758464087656378
92777,24.933149081905892
92781,11.624362720357484
92783,13.912376530255418
92790,23.58961221421129
92795,15.982469622826752
92803,21.19072869860594
92804,16.530440361770363
92807,15.099999999999962
92813,22.6841274918078
92817,19.89069198462266
92828,11.465062087489708
92832,15.274039246231531
92852,11.335710093086902
92853,13.440872125353293
92859,19.74865208932564
92867,16.48722817093062
92868,16.438163807022132
92875,8.77879506572864
92878,15.820285138701689
92882,20.317896648729437
92884,14.520385059578844
92886,36.901171901111546
92889,18.12517515906646
92892,33.48023974030779
92893,26.068104316104236
92907,13.750093230582971
92914,21.534680475084624
92930,19.307393886918042
92940,16.64795575780296
92942,8.949559253188694
92948,9.499293060830436
92949,9.014807233589305
92954,13.709999999999955
92955,13.709999999999955
92957,7.622434148496298
92958,16.53134601257828
92959,18.881127688403154
92969,20.458687810215267
92970,20.458687810215267
92972,20.458687810215267
92974,12.384304932609616
92975,40.75817039554773
92984,14.209999408282872
92990,15.424182337747293
92994,10.07807665283648
92997,18.212377322339933
93007,17.424404872952174
93027,15.296747281318634
93043,14.369641137140295
93047,19.06043963185893
93062,31.410078709185697
93067,11.831415863919686
93068,12.464038498549991
93083,17.36974565741418
93093,18.757866019944707
93095,25.338911445822816
93099,16.076994078668438
93101,16.615525381717468
93107,18.81854345671937
93112,15.392232720189078
93118,14.535514400557702
93119,19.61727597857631
93127,12.602529916187361
93135,14.0542874171551
93137,16.345248079938877
93140,14.01836079494681
93152,19.15219359165354
93153,9.450094778634078
93161,11.469287048482137
93166,14.17126864598635
93192,9.31140997690717
93193,9.31140997690717
93197,19.67564367155871
93202,16.12083702593631
93204,13.97586268213758
93206,14.300741002697395
93211,21.780374478113192
93214,19.384524042887282
93221,16.220531498981618
93227,19.019401781127073
93229,18.51627937477936
93233,31.17693175467955
93234,24.927870785971766
93245,12.324547525193434
93252,17.01408359685394
93256,15.857343267540369
93259,25.393905668339343
93277,14.46182429784748
93279,14.46182429784748
93282,11.1664995657664
93283,16.375237271053887
93295,15.177422104970312
93298,9.99276566320727
93302,13.549537981237568
93303,9.716398831303595
93304,21.963326856268488
93308,14.17126864598635
93311,17.513774813224025
93322,20.172568797731536
93323,21.15399373085636
93347,15.751406645156063
93355,13.105681740536602
93356,10.882363397855384
93358,12.922701782004227
93374,15.875212110501185
93386,22.824769081869942
93387,8.288553538060572
93401,27.330857081880904
93405,11.259547877613754
93406,96.21376101407078
93409,12.401040703301573
93414,17.00457915077101
93418,20.21795484178488
93426,37.10925491956917
93428,40.344681761419864
93431,9.329779979308539
93442,13.208183931672439
93445,21.65615926737752
93453,16.118743265733123
93458,32.55081778304488
93460,13.114423237931154
93462,14.74568075067686
93469,16.449616224008256
93470,8.784043662350967
93476,13.514330455300446
93479,16.41171869334731
93483,39.01777216669347
93491,9.272922602720394
93496,16.287818686945922
93498,13.930306447650668
93499,19.828766362046135
93503,21.192680296657013
93518,34.27271770713601
93535,16.374802041434183
93542,27.403362670905885
93555,16.119333572344704
93565,9.120631186502441
93568,16.967511133328113
93582,17.122785016358783
93585,8.779148473663499
93590,16.20883938884768
93595,13.470435138421527
93597,4.111052653598218
93606,26.411755165090298
93611,14.99376143784334
93615,20.30419445515989
93619,32.125832215669924
93621,8.702106946430062
93628,16.110559519191266
93631,14.953328172672256
93638,19.830049890177857
93646,15.251925248017997
93649,15.021474317236247
93666,28.1759406373288
93677,22.799420198298858
93680,26.262171227683243
93684,11.312496039498242
93686,8.31757390213781
93701,15.609999999999996
93705,11.250880762655584
93709,8.549634586962746
93712,15.07886311069172
93718,19.438636565879573
93719,15.3490863027397
93723,20.0700731214152
93727,22.173745095245014
93739,17.36557368371226
93742,20.304218875574577
93747,10.720739489095482
93752,11.411585662214039
93767,20.827041103980132
93775,0.0
93798,27.968986491119555
93804,14.114288806590997
93807,19.997447308808407
93814,15.437871389286354
93822,8.900502545359727
93829,23.974808744100436
93836,18.934988275032023
93840,12.831802926668624
93841,13.883729825854399
93847,23.1954437374197
93853,19.701460112917196
93857,8.626460618229606
93859,10.274943333524845
93864,13.647032676809209
93865,17.92053944484644
93873,12.273209216348357
93876,22.140728055342457
93881,14.693212925372372
93883,18.66805733743452
93884,17.587158792368832
93892,41.462100341940655
93893,14.675434643495846
93895,21.764349443825107
93898,8.0630961395471
93901,14.756691854083456
93905,11.874275746844171
93908,15.968988116241103
93913,29.978723365331586
93915,20.224499771491473
93924,15.421084334973894
93929,11.670440393591134
93936,15.917975127353344
93944,8.199028419268686
93954,17.52870728994588
93956,10.30565712758084
93963,10.48142538895014
93969,14.388714885000134
93974,8.735353115107767
93990,17.135818057897993
93996,18.092567052177454
94003,10.014537180712862
94025,18.72838617157664
94032,14.749125564491969
94033,14.749125564491969
94038,13.901990305490113
94040,15.635053526160334
94046,25.52870981021383
94049,12.617978772774428
94053,27.360066652642487
94057,14.199999999999957
94060,15.486007670801403
94064,10.958425163609665
94074,18.116627494920422
94075,16.59210086061804
94079,139.3785871893183
94083,20.124935212541335
94086,10.125789547334715
94089,15.35864695457754
94092,11.41415298013098
94105,20.844076529569104
94109,32.41103022814546
94110,10.937706604498887
94126,15.2009564589872
94161,13.54291366379919
94162,8.35462700146532
94165,21.29846982269581
94175,14.492851545019725
94181,17.627360329922535
94184,9.263846978778561
94191,20.03720108242822
94197,14.158742345744372
94200,15.170851463046954
94202,17.18803874258702
94204,11.849999999999943
94207,21.065829305912917
94211,19.81707121929365
94213,13.403614531265479
94214,13.403614531265479
94221,25.342339501928098
94241,12.885489409073461
94247,13.440000000000062
94248,13.440000000000062
94251,8.48026237818016
94253,17.04484129288676
94256,14.230788609673157
94260,16.62237162759633
94265,15.551655905112991
94269,15.670406096277375
94277,22.85177673481996
94281,16.93431661768457
94289,22.067745818901166
94294,60.69090824533907
94295,16.752555664322724
94306,15.344258943651031
94312,11.79268851826115
94314,59.24777490907412
94323,7.429609080859905
94329,15.608072604179018
94332,13.194889940146899
94333,9.560210161307376
94334,14.60493881498744
94343,14.796210189662837
94356,18.095689904427623
94358,7.9987852299936275
94361,14.109685908943373
94362,15.414923075537754
94374,8.115241683610085
94375,26.010981699768593
94381,10.122425166923914
94382,20.54390052783105
94390,14.882984658330999
94393,14.571343609229384
94397,25.20758905517876
94398,13.729258593238828
94401,7.860676477904242
94407,15.439680844891384
94410,10.172576929322668
94412,16.854494659830255
94416,8.752618345216046
94417,8.752618345216046
94419,39.32686864917267
94433,14.453980727317917
94449,17.70634839371171
94463,18.503856572010495
94464,18.503856572010495
94474,46.00029333423815
94475,14.468621741570164
94485,15.155202166189984
94491,25.303277911471017
94493,9.607258126431674
94495,23.110952793672524
94498,17.45380851022574
94501,17.202969672410678
94502,14.390213736250708
94504,17.674732322143715
94508,20.63409118044144
94509,13.141491374554981
94513,14.072049934054341
94532,17.56261657844732
94533,15.990423690790244
94537,22.834571108313934
94538,16.958588610279662
94545,14.203716114824879
94548,10.864809636023773
94550,28.270692225430793
94552,13.374885640813673
94555,13.374885640813673
94556,13.374885640813673
94558,24.251870651954246
94565,14.787860393737153
94566,14.949994069448463
94568,12.599071354672505
94569,8.603244115078581
94572,18.411512783664175
94574,7.557548110061745
94577,11.865253293604024
94591,9.704642595183577
94597,7.668008379079437
94598,17.988152137961592
94603,7.967437587426179
94608,23.87844502128397
94611,32.01966651064817
94612,14.058031858191699
94625,16.672848483208256
94626,16.997174113406743
94627,12.423578459574253
94631,9.416762444501988
94639,23.948037245211587
94641,15.71588184339338
94644,18.982713422918238
94647,23.204600744633705
94649,20.629231090296866
94652,13.661529318268245
94653,26.38187306967122
94674,15.25006866865741
94675,14.61799831901292
94680,31.92776933788491
94682,10.028830057993984
94683,11.82494515629676
94688,29.884011989923646
94706,13.239076973433212
94711,26.135267052053578
94712,27.00332675589585
94714,16.28975816973578
94718,16.315379135115172
94720,61.20286539748472
94721,55.631213193813416
94730,18.677529641142712
94734,15.24711492263192
94745,22.03828534545294
94748,14.508931983346208
94756,20.361198256642638
94767,20.660159357652734
94774,14.6266953089647
94782,12.767539713398653
94789,15.544458828674312
94791,13.575123752335504
94792,27.629381745310877
94823,18.025716637643754
94840,30.9824081577729
94849,12.367719583999941
94858,16.609367616287606
94859,15.40269657999318
94860,8.020616574236453
94861,17.41889705860305
94865,17.727776873000874
94872,19.79594944874639
94886,6.9215627369595785
94887,11.005369131333216
94893,21.7591131331783
94903,14.153449763486135
94910,35.0348964887841
94911,9.828952219894356
94912,32.23995425779626
94929,0.0
94932,16.65973116282659
94935,17.746836167523604
94937,33.08440941057822
94959,19.38497037357952
94965,14.18739718485141
94968,29.845156725260875
94977,7.511502711306994
94987,7.465685096641472
94991,13.269252861973325
94992,23.69871194320995
94995,46.92319702497979
95008,68.32698818244734
95009,9.708265501187585
95011,17.16977879444411
95028,31.97482507373369
95030,17.85701325724924
95032,28.428990483966317
95038,12.70294223548437
95041,32.72905280022669
95059,22.40742656065492
95085,18.504968760068596
95092,10.913673847864205
95098,12.89993714940032
95099,28.16239379032613
95106,15.768764901158065
95119,15.7441087332828
95121,13.072705917501425
95126,8.837901974387517
95136,17.457530722989418
95138,13.054351920921734
95139,12.61142467552088
95140,15.462115636219433
95151,0.0
95154,22.059288691521626
95155,13.890410749750172
95158,17.69934599270777
95163,21.419824707145597
95166,10.294952974417415
95171,21.89444910598916
95175,20.04383588739188
95194,8.686602355664792
95198,13.856746037243976
95200,16.636572517495196
95201,14.494394187645014
95218,18.81482353421734
95220,41.758750159074225
95221,16.21409498975076
95233,26.754824869518895
95235,18.073523061739408
95237,19.283881167124438
95244,12.103256280191708
95245,10.733256484242736
95247,14.456226179514168
95250,16.983666561791427
95251,34.17725106186316
95252,5.0712944139352745
95256,9.337644925448581
95260,27.088860556021476
95267,16.200282838160856
95272,18.770635006048398
95285,16.095383045910154
95293,20.655665314809585
95306,20.07855639897145
95309,29.231510984717154
95319,16.11335707111987
95335,6.336104752937789
95342,17.253313309491723
95346,15.260766765198635
95352,8.804365932642414
95353,16.57673750120482
95358,8.190446599425167
95359,22.58283408433503
95361,17.539990265840796
95364,14.79647250278538
95367,56.45491457763465
95370,20.198625417153362
95377,32.3133419456585
95380,17.008424922766167
95389,9.782281049743759
95396,19.051269617191505
95397,23.507187284073325
95403,11.759512411396615
95411,11.342180973150294
95414,42.98239731996137
95416,19.434323780433996
95436,8.216837246443585
95438,22.187285323301236
95442,13.559957905170112
95450,21.945563816613504
95452,10.557018629119161
95453,8.871308324593958
95467,17.670000000000005
95468,12.545300374458158
95471,10.412216583740097
95479,10.183791291587307
95481,16.928938407292716
95487,11.092073667521893
95488,16.163975089709258
95492,8.600062109658564
95498,14.35277787781775
95500,15.039572245674837
95506,9.314094491341312
95508,16.751130870623562
95510,22.633786174454723
95514,18.25788719321893
95515,10.319280360930978
95518,13.149240231706868
95520,13.98762532648612
95524,26.15803505477183
95525,20.90677529791724
95528,21.005761119605708
95529,14.726313137258352
95531,17.46943036344619
95542,14.830736250313747
95543,23.628642685814505
95545,0.0
95546,19.54934137818559
95547,12.594514318248882
95552,17.163184926723037
95559,8.543505072812973
95563,35.76712549068425
95568,19.90491435918748
95580,17.032668982745324
95586,17.503298916212668
95593,24.61761693178174
95601,18.307304039442634
95609,26.095047353858597
95610,7.780000000000003
95611,16.961723606013024
95616,29.247462109890353
95621,20.786794101231717
95626,23.808009626570623
95638,26.786249160878267
95646,18.29854952091025
95652,17.890998705278687
95666,18.212857357417004
95668,17.100283990837788
95675,21.133511623937355
95676,8.538545746885037
95686,11.852558267947568
95688,18.1762598098334
95690,12.657878927145124
95701,16.30436903486818
95705,16.966248104856888
95715,19.678113974260807
95718,25.119028997924193
95720,15.019411386661801
95722,23.484075123359645
95727,18.255234795662652
95728,14.720231969751
95732,13.135254680842609
95733,21.060070749845554
95736,24.54563611610058
95738,14.954367341723977
95747,15.353354787098166
95752,48.96688617053011
95753,26.63521824396689
95759,12.443179531602059
95767,38.33630715204405
95775,11.376851848378967
95778,13.1323026753817
95783,18.067790718638424
95799,13.49485757738968
95801,12.968650302223011
95817,17.06068443761024
95818,11.987137101809305
95823,25.106638142854145
95825,14.986634255226596
95832,17.908073298232743
95835,10.809609403354708
95845,13.21448693517485
95849,17.715957898419028
95851,9.43872775536984
95858,19.377280434922024
95866,18.352013124597526
95872,15.759634311009378
95876,44.88122399361779
95885,8.148659606399658
95886,8.148659606399658
95887,8.148659606399658
95897,32.75422612103411
95907,17.849604623897207
95908,16.561408303767884
95911,23.471331858655088
95914,17.2480795395849
95915,15.410295167782497
95918,11.245110562906971
95922,18.939915360368833
95925,20.55665990850902
95936,15.02054353457238
95940,63.89691325955471
95941,11.949993442717378
95945,15.707591388131686
95948,8.005502289206833
95951,14.11978179620807
95958,22.362858337084543
95965,12.599879732156383
95973,18.07830999392464
95983,15.319503168529309
95987,23.38377651945546
95988,17.809669795945094
95990,64.19061956253594
95993,15.762685945905602
95996,10.163017984670574
96003,11.441444388599537
96015,14.708035906321347
96021,12.283670876735657
96025,16.30058905555953
96035,17.55839146713163
96037,31.004396284588523
96050,20.177050213313642
96051,18.74346753577287
96058,16.26370752148102
96073,23.8809570710388
96083,16.57824558954344
96086,16.40617000072603
96090,21.48557874800137
96093,16.273709046504965
96100,10.203718684067782
96102,16.32392260824343
96121,19.469319259868993
96123,8.624223034427857
96133,11.310987155571492
96140,29.707353947791542
96141,29.707353947791542
96144,21.60660553155885
96145,70.6891284250491
96159,17.313843427465827
96160,13.889906038997646
96164,17.93498647176205
96170,23.266893988703263
96174,11.089586180349627
96175,16.386194894772473
96176,15.094136967811945
96188,18.99729088925332
96190,18.613917217795887
96194,29.734543350765644
96199,44.59170566940494
96212,11.86700313172058
96217,8.660820269364152
96221,19.660032829087015
96222,19.479143421170132
96234,16.850657952761864
96246,22.51346349324901
96249,21.534278179027254
96259,16.013982139899532
96260,20.293277311899775
96262,15.057608511408262
96269,10.730874495875216
96270,7.844776865795097
96274,10.295065442580428
96287,16.64398844390226
96291,12.068587649804083
96292,23.7551731246438
96295,10.414829288778737
96298,12.135356321593905
96301,15.228697134906568
96305,56.934905659353134
96310,9.316125822436113
96316,28.802464953704266
96325,15.110854462053293
96330,15.31171279207613
96333,28.432268038266308
96337,13.39469105375601
96338,15.9849633487337
96340,36.818638482590444
96346,17.05559191386558
96348,26.919837347621392
96350,17.19555493028232
96354,35.17155652095936
96355,35.17155652095936
96356,35.17155652095936
96364,18.47082089969343
96365,24.14537316736455
96369,18.347707328673582
96370,18.40109753152323
96373,9.689827804444397
96374,18.759296044970803
96375,22.885083720354807
96378,11.821806654875834
96383,30.935422993363893
96384,19.45964380524165
96396,22.986561449360426
96398,33.79290880016389
96399,20.87157254696531
96402,33.12647543092062
96404,10.21231713995511
96406,23.024695071735714
96410,17.775426201130134
96411,16.38816368693551
96414,19.440000000000047
96416,18.801963292468667
96417,15.862937989033462
96420,8.672162594870933
96422,55.60874416202698
96425,12.09304341150047
96426,29.64102877591446
96428,14.382715550559691
96435,13.210552308187497
96436,19.85648909409239
96440,17.732881779770555
96446,9.52483875453877
96449,17.15681067180698
96458,11.775307469020246
96464,20.606229512763562
96466,15.702200227845811
96468,5.13360808745306
96484,33.11036483576354
96486,16.48420521437825
96487,9.394321376922194
96492,12.86207626274591
96494,35.182271206333645
96501,8.924586373843026
96503,11.891702297971365
96507,13.647032676809209
96515,25.29791803735104
96516,19.163933106387994
96522,21.984972664432107
96525,7.913430929143736
96539,8.617008343001883
96542,28.163932810116172
96545,17.719621383598007
96548,14.314863238567145
96552,13.041812940156209
96553,17.03851235247712
96554,85.81800904670425
96560,23.589897067511867
96563,43.40869249242338
96568,13.733912596455681
96573,18.91536905630366
96574,13.023622978044363
96579,10.940724943949549
96584,12.608446607494141
96589,19.156431469616972
96596,15.992779760318705
96599,14.676810090050388
96604,16.697841102734788
96607,36.382534079552634
96610,18.67015821980484
96614,17.00363835704868
96628,20.46878871085192
96632,22.079387853038284
96646,17.33278664560779
96648,13.841809336450842
96650,14.518738413257406
96661,17.626882765202218
96663,9.059999999999953
96671,22.78852303398943
96677,23.09583549353745
96685,22.456724949863997
96690,15.188610279724571
96693,18.588272165708588
96698,7.870423935704336
96705,12.135356321593905
96707,14.094901879686534
96709,32.14018727747563
96714,13.700245313221505
96718,5.31019185049733
96723,24.28470241489581
96726,13.440000000000062
96736,19.935481096143185
96738,103.30565788023708
96740,30.213230382917686
96741,26.9268957000988
96760,8.325126910789264
96762,16.76877814002557
96765,17.156416495401267
96775,10.456060795468643
96776,16.385403723788738
96777,13.355192895750106
96781,30.07908580260422
96782,16.64626958718813
96785,8.8678786667954
96786,16.279422829115212
96787,18.42348000168023
96788,13.212382644731367
96793,16.30065619737713
96797,25.10497404955604
96802,14.968538677297573
96803,34.885364110606574
96809,14.372818614556417
96810,14.372818614556417
96816,13.05714997560465
96822,32.805969615661276
96823,17.781304252456177
96827,20.225720452672014
96828,15.110717351421421
96831,22.282640209756387
96840,15.918798160280108
96844,10.61727383165947
96850,28.42041004730838
96851,22.45271726200684
96856,15.876534717674772
96865,14.431798003641966
96866,17.62969664590567
96877,15.362491393389679
96878,11.360819532816466
96891,33.998699121681376
96893,28.347311454635733
96896,22.32155469097785
96897,12.234104044778066
96913,14.825867980185688
96915,15.169143307153796
96918,22.519855080765492
96926,13.440000000000062
96936,28.16368905499475
96938,14.650379853095524
96941,15.113623478919632
96945,14.231340586051319
96952,8.903982292997709
96963,11.548255347472276
96965,10.03245736925115
96970,17.888278262561226
96978,17.26412640457363
96979,10.40684349382802
96982,58.479502600390184
96983,36.65171548432134
96985,8.973623713124763
96989,21.040317287468383
96990,21.040317287468383
96991,15.00667157939202
96997,23.22390236805345
96999,15.902783598448476
97001,17.92431577616524
97002,14.739833488504258
97011,13.18687952978673
97012,12.028910116597514
97017,16.88853853840994
97030,17.83889912204718
97031,15.986899000722243
97040,11.895186039156942
97064,16.106851967879958
97066,15.179171989294982
97069,12.704871220355043
97078,13.304891246081135
97079,12.212319388259191
97080,10.041974681299193
97082,16.637322038250762
97091,14.58635930463812
97094,15.827250064207668
97104,13.204703456315961
97107,13.204703456315961
97113,31.074917209194254
97126,14.750250502143663
97130,17.077849166408964
97135,12.516638303690062
97149,23.010936070831463
97152,12.699230112037304
97166,16.396463581138104
97177,35.856387430028775
97186,29.31236788669144
97207,29.9702048853835
97212,19.946403207117843
97214,16.111494618476584
97223,14.969583970885648
97227,16.564190960257477
97233,15.407606012689513
97234,15.634614983321534
97259,23.251091054103256
97261,15.724349046629456
97262,18.350469656671184
97263,18.350469656671184
97266,15.026059353273165
97267,20.486427441991932
97270,17.03281384023615
97272,40.37999999999968
97283,9.467132491937843
97284,10.656758393420485
97294,17.589054858171885
97299,10.806120041053878
97302,14.775948949641435
97306,14.820206541842394
97307,27.39868150319719
97310,16.980735328030512
97311,16.15268656062812
97313,18.731544321663446
97319,10.398107848598462
97320,15.958325646333762
97322,15.951145481990448
97323,8.384566137721928
97325,19.47364622583294
97332,15.388347472875676
97335,11.030955762021264
97336,20.021575795258077
97341,12.366853332454236
97353,15.833723564483638
97361,9.602506428706338
97364,15.440990675699403
97366,18.720000000000123
97369,24.517214924733118
97373,20.474054729772103
97381,13.783438909840527
97394,22.54944952067062
97395,11.239046261691453
97398,15.507178267399965
97399,8.972773973954835
97403,16.92264246889675
97410,8.400222696576801
97415,18.326460365963793
97418,2.872224997998783
97419,24.75276389374244
97420,10.563343461061699
97422,66.7028278421556
97423,15.100341450091985
97426,16.296518353983352
97430,19.508391084268677
97435,14.339406989565449
97438,16.972193493207477
97439,22.18643390064308
97444,12.887557568349374
97449,17.282703118489483
97458,23.738165692187835
97459,15.843546010482473
97462,17.62651459973591
97464,25.096977729758382
97469,17.808407191569003
97475,14.982385320935753
97486,17.565383582723886
97487,12.497456356076313
97495,16.821425298201667
97499,9.469432370277287
97500,14.221076570876757
97512,19.61139352207262
97517,8.685846463213895
97527,9.14540588468728
97534,16.39182910663454
97542,9.486496638696039
97547,18.374527657061638
97555,13.9616802278652
97560,18.266130296847372
97562,14.728482515550969
97565,11.83915639680357
97573,14.735642069084923
97575,9.422250535499744
97597,15.504429589113997
97603,13.60692560413239
97624,12.754473992712676
97626,12.754473992712676
97628,16.867696902238432
97633,21.603516823035076
97635,15.968035073123009
97637,14.621693940183258
97638,14.728806748256165
97644,19.12435075709137
97647,29.889220202559297
97651,9.101272813286338
97652,19.07185393628234
97656,68.53198564693027
97670,9.577155955074439
97673,15.471436436027854
97676,10.287209850784134
97677,15.752124656318422
97681,21.256090760082245
97682,30.719575821853116
97683,18.69767778722438
97685,29.69635235886063
97687,25.055595360011708
97693,13.74221775612339
97694,18.848338299060575
97701,7.865066612187345
97704,14.555724731395625
97706,71.40846346801554
97707,34.69023810097264
97743,16.86671256353447
97747,18.14854726861792
97754,14.737156916117526
97755,19.847244734458588
97760,16.376809246824916
97761,11.344149442568705
97763,21.981117472366886
97774,15.719396982264243
97782,19.37547861630167
97786,13.754153737466678
97788,17.80625146783683
97790,13.392897195190086
97802,21.94771364353311
97806,41.15165573150303
97814,16.16043568712622
97817,18.46845301595908
97832,17.925766224883073
97837,16.60000000000005
97845,17.392673392498633
97852,14.906234420191085
97853,15.969700275723195
97856,24.724872639126403
97862,18.173948143202438
97864,13.378033415149877
97869,20.67518409396982
97877,10.258714071593635
97882,22.867058291820797
97883,28.093981066266565
97885,14.299513856809378
97890,36.99875860308227
97891,13.875600191711108
97894,16.249673266869383
97895,24.95560284780432
97898,31.494897062650587
97900,43.922483536079525
97902,14.551919483503822
97904,15.797792633550092
97906,17.430057024134197
97909,154.43206961189495
97911,13.698374181264754
97915,12.147461666052537
97920,17.815855551848813
97923,12.45258127234993
97927,14.2821184993173
97929,14.50941541204752
97930,11.690005963157443
97931,74.02615415737336
97945,19.87779980620947
97959,12.883393441031204
97964,26.40368978253645
97981,32.81532074069647
97990,48.14344071422688
97993,16.88871978888445
98010,14.741394192013258
98024,19.295415350449495
98026,17.825063305688076
98034,17.463017145444766
98037,11.470310407228938
98040,9.152339559192058
98046,12.30841257547046
98047,11.663302461680189
98055,16.843123767146075
98058,32.69321272292922
98063,9.73788465177132
98072,21.779865192572416
98075,16.952176869968262
98079,14.769642940922518
98086,16.812819238662986
98088,17.870323403899487
98090,15.922476103154818
98092,12.739432654657799
98095,21.41803060571348
98103,17.674964448480033
98104,32.84018770602534
98106,17.77141491871653
98112,22.38769284801105
98114,32.02203652405506
98119,11.23399894441424
98124,17.579331895112986
98127,18.501033098451998
98130,14.000490504579512
98131,92.54271935957685
98136,14.944090247199487
98139,18.113065597599423
98143,16.41008366676064
98144,14.79902971555045
98145,14.188966928962463
98156,17.432805822768366
98161,34.492452363306455
98168,16.94074739822505
98170,15.00118619575261
98178,14.069961863517413
98183,7.79608954817777
98185,8.668909479501771
98214,16.558592164316167
98223,19.16289839240995
98256,13.766455022142125
98261,15.13421853733719
98263,7.995711868250732
98265,7.995711868250732
98267,7.995711868250732
98269,17.71927985805974
98278,9.671808615875838
98283,11.874275746844171
98289,21.26630429452435
98298,15.540361316531747
98306,13.169024062659854
98310,17.30674812278007
98313,11.133568990987158
98315,16.894424158563968
98323,17.434563763764725
98327,14.775090874693023
98329,20.83463983234424
98335,17.593718660946436
98337,14.934692562664173
98339,13.483000871398751
98343,15.962923580559174
98347,18.622883467194573
98349,17.473198480140653
98353,24.346427032178642
98360,11.136996428270653
98362,13.647032676809209
98375,11.465436423277145
98381,14.896451742512152
98389,25.54145855072342
98392,8.588591329340582
98393,17.58484949966477
98395,18.199459491378384
98409,6.221481231360584
98414,7.714168538825916
98415,9.133222159229778
98421,7.916424911504782
98423,11.525435503046236
98429,12.111751327167697
98431,10.621823617544617
98435,12.700000000000067
98452,17.149746563980784
98456,26.34173026529986
98462,15.174907581149125
98467,16.8330714995265
98474,17.575894689567292
98481,7.847296751103661
98488,14.22095079346855
98502,15.197722451460276
98504,46.203744676470826
98505,19.007683017756936
98508,15.674348276533308
98509,15.886763625417537
98511,21.589788743712806
98516,13.818285016810705
98517,58.674076018843785
98524,21.612992868407275
98530,44.94337278253751
98532,16.609618730095434
98549,7.497950334711064
98554,17.03894031907687
98560,31.24656214944403
98564,16.176784810017516
98568,9.071669582431515
98575,15.556206658325458
98586,14.387790856683113
98589,17.404377754614053
98593,17.525150690454158
98607,27.39623180083442
98616,27.14356388019778
98618,54.77742074652294
98619,9.020577129450245
98626,16.891897587595007
98627,23.647569090077447
98630,13.418803078544506
98635,16.941300868344978
98647,9.248422449275859
98648,18.297933047678637
98654,19.637109449872646
98655,18.982977185829323
98670,14.785008320474866
98672,10.183791291587307
98674,26.03224238892491
98677,17.670000000000005
98680,18.390720131584647
98681,19.501965103410306
98684,14.938876761985052
98687,44.82665897968009
98696,16.707285905132633
98704,17.86558423062496
98707,16.945292652337052
98709,14.727685531576707
98721,19.39619753578213
98737,24.958883149245185
98738,19.800904330378973
98744,16.01867765630879
98754,10.108922185396628
98756,24.771953464237345
98759,9.003417004463062
98761,16.745684224750264
98766,24.958438984782877
98767,24.09334766524447
98769,14.493450837432679
98790,11.40264911761787
98792,26.356938075548385
98798,15.72023114074221
98801,19.504294883466834
98804,25.983730394295936
98816,18.13117927647138
98824,18.647133202062196
98826,12.572062684619013
98832,25.16161943099655
98836,30.540115436815626
98838,15.50366088654193
98844,17.149842678421972
98846,10.280508753002357
98849,8.775616927323483
98858,4.921316677927924
98865,14.849054537296645
98870,16.07282791448684
98875,13.42206446313966
98878,8.413063832344871
98879,29.977652076216494
98882,33.15186765529664
98898,12.271270556932423
98905,25.43041520876724
98907,13.231667526627872
98913,9.932675123518177
98915,11.46265932166414
98928,17.070174046043014
98932,32.31189685459216
98933,15.822073473714497
98939,3.8716931236777965
98944,17.625626350485398
98953,9.039801200202733
98955,18.783265756034247
98956,18.783265756034247
98959,19.309218321758078
98962,13.816782054315572
98975,17.34526748732472
98981,15.431318433115923
98983,15.979713640126725
98987,21.939306224503255
98995,10.33477401783546
99018,31.305826459247655
99020,31.598297172902853
99022,12.812152702970671
99031,55.57830235522797
99032,15.370279830459044
99034,16.504801829275127
99036,18.421421063088374
99046,13.90688690594467
99051,26.780194440707483
99054,15.026476648565318
99062,9.336680485474231
99065,18.956389315027238
99071,18.497903290666763
99073,16.474013206241846
99075,9.613167961506974
99079,29.982580205970674
99082,9.693408802175806
99085,13.025052365144472
99090,13.236365838656111
99092,11.8029989131453
99095,10.670208831476213
99102,18.989131067809765
99109,15.359614563885518
99110,15.359614563885518
99111,13.067827615838539
99113,15.419943292105202
99125,14.906369915367634
99127,35.36222864231048
99141,21.342146670653392
99142,12.951027126538168
99144,13.139984127084066
99149,19.058569886613796
99153,29.13857387140506
99163,14.164528130223129
99164,9.665775711769243
99184,12.993287468084057
99185,15.366575768730446
99187,18.100258129643553
99193,18.202380263229653
99196,39.46224917086669
99205,9.824540419592624
99228,35.563187109403735
99233,14.683402241155143
99236,18.16773590701016
99238,25.261325860555978
99245,6.848035932221126
99246,17.158361198599103
99248,17.021659230163717
99254,17.58410251133642
99255,14.02998546396541
99257,65.82441743798465
99261,16.979499882275157
99268,31.74392136497486
99270,12.113727398067434
99271,22.057931083722682
99272,27.695350982896223
99273,34.67651493948474
99274,31.416335087215835
99276,14.947122674785012
99277,18.07218937664125
99280,57.53344424974393
99283,16.082989478927942
99286,16.874986255039786
99287,31.790757305333635
99288,15.615373386305574
99291,24.967464706898557
99305,11.447220848047508
99306,12.745886767231797
99307,16.781002487864725
99313,18.189995596276148
99321,13.067484209298946
99328,9.22682275006718
99332,14.935116764153294
99335,8.164586826806127
99342,12.810923034488136
99345,25.636376746912397
99351,18.16721962670465
99352,14.332411782847515
99358,8.793892397138595
99360,22.08817019237798
99363,19.020256694521727
99364,19.97626702749684
99370,15.852357981507378
99382,11.849999999999943
99386,17.96999999999993
99396,25.27012833022353
99398,14.32078981478185
99405,13.953732486641478
99407,23.633766799618844
99409,14.701102528230065
99413,9.456530922832576
99421,21.289600991567276
99422,18.794480590181944
99423,16.079665062199652
99428,29.979560738204626
99430,13.02661188331954
99434,7.6393017174918665
99438,20.019999999999925
99441,11.498523874089615
99446,50.071342980383726
99449,13.5336872265997
99450,13.5336872265997
99452,26.63139663098293
99455,15.675612203479051
99458,18.937326021938304
99459,11.345671313043312
99464,26.900473179054497
99465,20.490886240013968
99467,5.09872357976787
99469,16.808597557365978
99481,1.751361905345013
99491,53.25660911301186
99505,12.091841761377438
99508,14.49047254653311
99512,19.790661326468197
99524,17.19889689798092
99529,23.23178872998607
99530,13.819481932598793
99531,14.796934740640411
99532,29.557204002288028
99535,72.54943170548665
99537,21.025884446207197
99540,15.673866005622173
99542,16.91147737941473
99551,8.27072017572648
99555,26.46912394069852
99557,21.533767486220835
99562,27.923501256977133
99570,30.636670259901777
99574,19.67477694255958
99586,8.931745143029913
99599,18.808163530938124
99610,13.9005785975893
99614,29.292835294566565
99617,15.658698882008334
99624,6.86768265226344
99625,30.696638523367483
99626,10.706735298471651
99632,40.286827436710844
99634,25.98175642510815
99637,10.357373776288787
99643,19.089698718791418
99646,15.017867318011046
99649,7.61147639004939
99661,15.57599742410985
99667,19.755073955060265
99675,38.98651805918963
99688,7.785301313395044
99691,18.736486015543257
99695,8.59844619187136
99706,8.962619798323272
99719,17.110221993204846
99724,21.596147857739272
99725,16.080485336782715
99727,16.080485336782715
99730,15.110768889828357
99734,37.58007538091249
99736,20.38684506008584
99751,12.85797151776681
99752,13.700245313221505
99757,23.850354977264253
99761,14.896755639972234
99763,31.295664938292752
99770,16.47580860606658
99789,8.031251354120805
99790,14.850803335321663
99792,37.68150549072314
99800,15.513433930907581
99802,40.4903015144283
99809,8.447291766362277
99818,12.074324655745265
99833,13.38345667036359
99836,12.812143667761799
99838,8.945119490222806
99840,16.09000000000003
99844,27.64287604932098
99848,30.328647702426085
99849,27.902562599418843
99856,19.22210853934503
99857,14.332550521312447
99865,23.499742698453677
99866,26.357699557644644
99878,30.428810494464777
99892,31.208693646604864
99898,19.19702671692997
99922,21.317847159235697
99931,9.953875171831104
99935,8.355632995818029
99938,9.43385638876213
99942,14.712584632221034
99949,23.299095601836505
99960,14.684001261020592
99961,16.840000000000014
99964,31.850992406492637
99973,31.09758165159586
99975,13.710548742773017
99976,15.099999999999962
99980,27.655915199756546
99981,11.41428915437521
99986,10.199679050725097
99992,9.625782454547036
99994,18.282846898479075
100006,30.492241278118083
100011,13.408600922091003
100023,17.649041606705524
100027,14.95500306241498
100032,5.375516580556416
100034,19.80330002754372
100037,27.16702423210695
100038,17.77729523667327
100053,16.420200435758204
100060,36.497193840173594
100064,35.52187574453813
100068,13.835778434479023
100071,19.139353093772623
100081,20.279159440314924
100088,8.51912866593556
100091,16.968418221303732
100097,80.23633325311852
100100,20.49112976348546
100104,12.09304341150047
100105,20.130218349465675
100108,10.946566623425355
100113,14.51455761936708
100129,17.613416297132346
100134,12.303282465237341
100137,12.741014563270245
100138,51.712543606649085
100142,13.245108401727007
100144,15.090218554801282
100145,7.820862766181149
100160,9.52821000956392
100169,8.924022561069362
100171,9.151067893745193
100181,20.681423185711935
100188,43.385857316586424
100189,43.385857316586424
100190,43.385857316586424
100191,43.385857316586424
100196,14.709116416979056
100198,14.709116416979056
100199,14.910829947127638
100202,17.23828007593831
100203,16.16609170314639
100205,36.50104559762208
100210,24.70209981527818
100215,22.342908209044044
100220,13.203419847750135
100221,28.730624984454742
100229,27.713979894992686
100234,32.37394152370626
100236,30.78134221119177
100237,11.758363745422969
100238,28.731254843804983
100239,22.972588793006405
100246,18.814054072918186
100247,28.516119799593938
100258,42.06135293706741
100259,13.694837224598663
100290,19.72609883701577
100296,14.460562386982975
100305,17.537305527091174
100311,21.547265276605046
100312,60.56177027438348
100314,14.399587247392441
100319,8.299999999999976
100325,10.917669509376347
100331,17.544681741123632
100340,15.444867480220196
100342,19.68371964899485
100343,16.004834201827652
100345,10.805924256177557
100352,16.807717188234744
100354,15.583502527134677
100355,16.206459217234652
100358,8.076638682728483
100371,13.586782356722102
100374,19.217306401241753
100376,14.011037707316838
100381,14.910993817368412
100406,19.649954214849107
100408,14.396493688223318
100412,27.761293388899723
100415,19.38890139230068
100425,15.456965912094965
100428,17.822674619187993
100430,16.8464098694814
100432,16.787241929119745
100433,15.374280469882962
100434,14.39874791894581
100437,15.797868599157542
100449,15.474196395897213
100452,17.305729863720245
100458,18.1430925665303
100463,11.928291532668306
100464,16.928092582111958
100474,10.304149095600176
100479,10.137474576058032
100482,8.991733331375045
100484,13.093339999254868
100486,26.860539543448752
100488,16.01096500757694
100492,15.258699085506539
100496,12.96037876428139
100498,13.738759510220756
100500,18.71527496956471
100510,19.938709839868476
100515,25.494194614703265
100516,32.492743640261615
100517,32.492743640261615
100521,12.828075243464426
100531,18.187757404074073
100539,11.9999325999054
100543,15.429221254438538
100546,7.817413895383286
100547,36.99551445745246
100551,19.493881914887496
100555,13.48834747796657
100558,12.667018342498746
100562,16.79897806262959
100567,18.106801160872834
100595,14.138349037516429
100596,17.659602916412325
100597,11.612821801412055
100603,10.07807665283648
100624,20.574479704896937
100629,7.557255784634357
100630,22.638519139150638
100632,16.61081421714656
100634,14.1893513935612
100638,19.264844901831744
100641,13.651198713743565
100642,13.651198713743565
100645,19.70460484666338
100651,10.860037256481107
100654,13.66222715545015
100656,16.019832389553024
100667,58.072914735312935
100671,16.253713706177038
100678,14.676175807024666
100680,15.536486475499707
100684,13.070746451126654
100688,47.88654429865815
100698,19.05404797563673
100702,39.94231630203243
100713,14.267296603358602
100717,13.926691704274546
100723,19.36633164708882
100729,16.393891093042853
100738,13.131708024579241
100739,13.131708024579241
100742,25.0868218700053
100748,20.504652513024187
100752,8.973623713124763
100755,14.440201005262331
100765,32.843013240734614
100767,16.493487417932684
100771,11.995608756439845
100786,12.719999999999935
100789,30.5226864716466
100793,8.227137252672058
100797,18.568488728161405
100804,9.785818484401892
100806,12.229499840793892
100825,24.691860462926602
100826,10.07807665283648
100828,14.313845073812423
100829,12.026747579601608
100833,14.775430936048155
100839,16.193397027662044
100843,16.495228993670224
100845,9.499293060830436
100848,13.650725137515552
100853,12.717650118219241
100856,8.120109442424756
100857,86.85492552097487
100865,25.45408900814336
100873,15.802972437672604
100876,16.472828261941377
100880,27.728589671451978
100884,10.649295120781506
100889,13.78166242823006
100894,10.92296975144177
100904,20.878627883916728
100912,15.2965858813664
100916,9.682051339172093
100917,1.6112843784319701
100919,15.825818877077573
100920,17.437892506912885
100928,15.204713272278909
100932,34.77810771464146
100933,14.123687378856713
100945,15.575927618479085
100946,7.8810590003950285
100949,10.981235220813277
100955,17.501051959965785
100968,18.255962663378558
100975,24.57251585941344
100979,20.519770444878652
100991,9.306301998526465
100998,15.710158607185178
101002,35.08780291644495
101003,11.027409038489777
101007,15.521975454808125
101013,16.500887158359053
101016,26.28047083025901
101017,26.1264411239998
101034,9.613079637141182
101051,9.738914194538541
101056,13.974309155826441
101057,23.605201435842424
101058,9.453591967893852
101059,14.952158017101798
101071,15.783467138026282
101074,13.1323026753817
101075,29.994892319212365
101080,35.65050572261984
101089,16.252279196869093
101091,7.683386377351026
101095,37.72607247508349
101096,8.133958121797768
101103,26.801760171623663
101104,15.809963606648118
101105,14.815873004483937
101122,16.363293999336314
101124,16.363293999336314
101129,24.96523920340265
101131,8.864454974864982
101138,7.907456798049665
101159,28.737469799436532
101162,15.470589805623348
101169,22.058235070275884
101171,15.521579126272705
101172,11.906362285580338
101185,24.71265114188849
101192,15.461868136398522
101199,17.875211624343358
101205,14.276775707728383
101208,9.776257821415093
101212,8.306924621368717
101216,19.187015822393516
101220,17.971116556232047
101221,17.2953435291328
101225,15.432481760455989
101238,18.49711083489658
101239,14.447540360063227
101242,17.302386156441717
101248,22.549266554883765
101254,11.9113141303653
101257,30.552613233653226
101260,26.21274535573245
101277,9.339999999999973
101280,9.339999999999973
101290,22.66715660685801
101296,18.39733857833115
101298,8.405439312663642
101302,18.364564427260213
101304,12.031288777720189
101312,16.69177537228854
101320,15.687444596360582
101323,60.31240863491626
101335,15.879120883121189
101337,18.970104101286406
101339,8.285130922289808
101343,68.61482977935151
101345,61.335823561605466
101348,7.335407884250712
101351,15.228176952870264
101361,14.47937285432136
101369,69.54038835659688
101370,10.006663859126812
101372,13.995901337131105
101373,25.109333618796
101377,16.03364438084775
101385,40.37999999999968
101390,14.861623706491967
101391,22.63001225755606
101399,17.415810864607746
101403,15.861198992005374
101405,15.861198992005374
101416,19.404025254608605
101419,14.862260866735394
101425,14.17621009712558
101428,15.843026827809428
101433,33.933264350896025
101446,16.83574654281652
101448,20.26518752867597
101453,8.76018315406682
101457,21.494676625934197
101458,12.776783174343835
101459,13.906318518906179
101463,38.466846568644904
101465,12.230619241994251
101473,31.147501862188157
101474,16.112746851565387
101479,17.435936125773253
101480,16.486911840096298
101486,14.918668091015679
101491,12.699902353538608
101497,8.090028210562416
101507,18.837545348126877
101512,29.55715842832268
101514,14.209614998200955
101516,8.284756147248114
101518,55.515404200415716
101527,15.475989067213614
101528,8.112787511160938
101531,15.906847486832586
101533,32.855741042579176
101534,18.068367721105545
101535,17.813978105646957
101542,15.695177711491876
101544,15.749388262264837
101545,14.380975679516283
101547,17.299898749290083
101553,15.087587029532148
101556,24.463438002811507
101559,7.022070074468795
101567,17.933289579267747
101574,11.466848594904452
101577,28.154684610903274
101580,14.550331355425495
101583,25.635339048048586
101592,15.814345646141593
101595,12.412007153460982
101605,15.815610564133934
101607,16.717203398950264
101608,29.135313345465068
101611,19.42749741414202
101612,22.360531238517154
101614,11.295715870606736
101628,28.411612634618578
101632,23.480874876175218
101637,17.61966013816977
101638,13.849999999999971
101639,31.488405042091863
101642,19.026261297975193
101651,16.077531526043085
101652,9.003625640785854
101659,14.86207197141032
101660,17.71926371690313
101674,15.788539190551194
101675,15.725995153434173
101676,14.579150412807653
101677,14.17822202067705
101687,14.12229039671487
101690,18.170842550798753
101691,14.678536568031305
101693,13.45999999999997
101707,11.294015700930814
101714,34.44289617280631
101717,15.84362611677907
101718,24.265659098861857
101725,14.96522007684181
101734,14.938849183081661
101741,14.553815547192432
101746,8.149856664615161
101748,110.25955452984928
101755,14.005207384656917
101758,31.140644242127088
101767,8.755281095051673
101772,8.868340247435382
101774,17.38237016438224
101779,19.00406048385437
101787,24.810536643691346
101788,14.852278420045456
101789,14.852278420045456
101790,14.981655171287553
101792,14.830980282880677
101803,20.16133662858662
101804,20.16133662858662
101809,50.91449217727117
101811,8.734747933857465
101814,11.92328703425128
101817,15.754718845231935
101821,19.568535485725498
101823,17.856727387796102
101830,15.560139148902266
101832,16.290779663318858
101837,14.344235617911755
101844,14.999362170784952
101853,12.112983620733228
101859,15.675408040102667
101866,20.301848927853737
101870,22.991003650742
101873,21.097500175552955
101888,31.58072527837969
101895,16.899103124841
101902,19.719499713963042
101903,9.832112607553464
101909,14.982299998264454
101911,8.621275728375787
101922,23.054590981944543
101923,11.944726824214934
101924,22.496138776751273
101928,16.41380422890047
101941,29.653981139879896
101943,15.130605332812468
101945,17.373036650301756
101947,24.90544877250879
101952,22.77400965737953
101960,16.227114107864825
101973,13.469252972583613
101974,17.456077108624314
101982,20.16510944268429
101986,23.388912711620947
101992,33.931667466400505
101994,76.39311433655747
101995,24.571635568635603
101999,13.595674448978338
102002,29.277371781667163
102004,14.289862847366424
102007,24.333756656316137
102021,8.356667142780825
102028,20.06180317649711
102029,20.06180317649711
102036,14.50258922965261
102038,20.49191825762904
102039,20.49191825762904
102044,8.810212929813337
102048,30.251894726980023
102049,19.500028072288732
102050,20.06045848570543
102052,27.749999999999897
102067,16.649280678446353
102077,17.822989895924238
102081,21.447256474903494
102082,23.174506523962464
102085,17.279504524555776
102088,23.425771193898942
102094,14.558913217011453
102102,105.7724259111518
102107,13.425084481813128
102115,13.730510435295646
102124,18.242004795139625
102131,17.27689534396819
102152,14.674723737072515
102162,11.705118003285165
102165,9.24920559154118
102166,12.484713351390544
102179,12.01519493711663
102181,32.89958132454151
102183,12.284383263669813
102190,17.96590179437806
102191,15.058756720587496
102192,14.89194272872818
102194,14.89194272872818
102196,17.56290080162384
102197,11.516611125091892
102201,10.180322019977059
102203,23.960183474476455
102205,23.960183474476455
102209,15.647917335063124
102213,8.639823571409963
102216,25.376887407216447
102224,14.941084808543955
102231,9.147830464822258
102240,17.761342459014458
102246,9.13441913574018
102258,14.140171650016299
102267,11.116167577799162
102272,24.711494663263334
102273,17.526916392247
102275,19.15322628272569
102296,15.009175708436196
102297,15.009175708436196
102298,11.648737084628825
102302,17.590518449214734
102318,15.210700630710797
102320,7.315887020027654
102328,19.050690631530205
102329,8.746518749801622
102334,14.347445201239745
102345,15.697587212325466
102353,17.05124837080646
102355,17.745413767425873
102356,13.056532743422508
102360,23.50998977372906
102363,8.376218993160398
102370,15.5796614471552
102374,17.82646493833232
102378,18.43362933296768
102383,19.91569769714354
102392,22.333231539444423
102398,20.23534289101889
102399,16.19049197783416
102408,18.68511471069049
102426,12.230208708830553
102430,17.237619265422587
102434,10.50091259550248
102435,10.50091259550248
102438,0.0
102441,8.135826608518645
102442,16.7249959173171
102443,14.535823925301646
102456,15.069408814098448
102462,23.699196251762626
102464,27.914803791794498
102473,18.286954667638778
102479,17.87570168542618
102484,10.764841251519266
102488,13.691188819097665
102491,21.10556918060654
102494,14.638710197879265
102495,8.505180596615972
102496,15.445216327750106
102497,18.02835731339348
102498,18.02835731339348
102503,33.79788400130093
102510,8.206780412093325
102511,46.20740668318521
102512,15.073160961244671
102514,14.693195980074087
102515,12.2093455842914
102516,19.106239380728283
102519,17.37112780846024
102521,19.159368331282476
102524,21.07800311129456
102532,8.517874532546161
102541,12.588697561782203
102542,12.588697561782203
102543,10.472763554064514
102548,9.980077184783898
102556,26.647675900903668
102558,16.638949309110235
102567,22.826569768456167
102570,20.290005440882815
102575,33.64751388423905
102592,16.869999999999923
102594,13.109999999999975
102595,18.190601461219742
102596,18.190601461219742
102602,12.650089373962977
102604,32.67555435255055
102617,12.472389729353182
102619,10.00685176799589
102622,21.240150248998447
102629,23.511374927102093
102631,10.1605136971999
102632,55.1153683688652
102637,8.408220250673239
102647,16.496431978413355
102654,15.08925860614681
102677,20.714823347218072
102691,14.245226415881268
102695,12.217638436779106
102701,12.726220441402681
102706,17.661024837681957
102707,17.661024837681957
102710,26.93006392680786
102717,23.168951810090036
102721,14.304325086184988
102728,14.72657322631786
102734,20.83264794324563
102737,15.745372946558913
102743,19.152173122020194
102747,10.573403833721338
102749,9.155371246695466
102754,23.049354397592463
102758,17.2299587018832
102769,10.586997926054076
102782,18.560660510461737
102784,18.061083039622538
102790,15.247025962232588
102795,36.00237206827751
102796,12.762210864290076
102806,16.210738975490457
102809,20.65934587685537
102811,12.95072667906354
102817,16.118129217331628
102822,18.1133908118517
102824,45.78743641024483
102830,13.189829010111362
102847,9.06024628452679
102848,14.267080492900938
102853,9.486496638696039
102855,15.086529827505558
102863,26.52797814773626
102865,16.644776278985354
102873,15.423952608938166
102879,13.213171492379203
102880,10.499225427969241
102884,12.671245542868233
102890,15.582851993966582
102894,19.10273252039845
102901,11.104995726859222
102916,31.095135689926067
102932,17.185688761302078
102935,44.271862254728966
102941,13.384743969971847
102942,34.528547228134805
102943,16.168521870141692
102952,20.083041253038864
102956,18.374753706843396
102962,41.5499999999997
102969,21.6999999999999
102972,23.996623008149633
102984,8.832294502273411
102987,18.006556376285246
102994,8.708130208368422
103001,15.157624338425098
103003,14.897477643089204
103006,12.70046003374478
103007,12.70046003374478
103012,41.91758859082371
103014,17.165253947721077
103022,19.925587599193424
103025,47.51889005927594
103027,15.136206628731312
103029,12.655345792154177
103038,15.517453496869901
103044,21.427252734824602
103050,13.25203537017457
103056,13.35885900527322
103067,12.071294661497387
103068,20.590746741675524
103069,13.45479523438353
103072,26.824903692252892
103076,16.619990277657294
103088,14.438251985120614
103091,15.158575153809604
103096,17.461663343160296
103106,14.13047713552092
103114,9.228768824050924
103115,8.029658182510387
103124,15.628390872352032
103130,15.215316890633783
103133,8.060266698941987
103144,12.54718781295062
103145,11.206997410877946
103146,10.534734847546902
103154,16.265359575229024
103157,13.043234079583792
103161,9.647957498630568
103163,9.647957498630568
103173,11.7805530664772
103175,17.669691404454127
103179,9.09643910567007
103180,15.961028337407068
103187,18.26945493972924
103198,11.64462113025943
103213,8.21221617054471
103218,21.806722476019583
103222,9.504327516738206
103229,10.96295179359488
103230,9.955277279813167
103244,28.01453913336727
103247,8.97482741661267
103256,18.22803295942063
103258,13.082056682656331
103259,20.60997921970069
103266,12.689999999999937
103267,35.52468534814857
103273,22.28526763886811
103274,16.6082703659789
103276,22.72689687791063
103277,19.415797404138953
103288,9.808277001227506
103300,29.05611896227204
103301,16.479437286880056
103307,15.212069034798095
103315,44.68826053565712
103317,13.471131360315162
103319,9.078071108085357
103324,10.18791564836772
103330,11.902313123922918
103339,17.365027713363258
103340,9.388591851335832
103341,12.285276066006375
103343,15.731561125779336
103344,16.57709505018387
103347,9.547199183383652
103351,9.331991684136373
103359,13.59720883869427
103363,37.856692187230514
103364,20.347155407231828
103367,19.599099449145815
103372,12.523008433671954
103375,31.662266859857695
103385,14.893089987612813
103388,19.21271271380827
103389,17.755663255741478
103399,19.067293771137848
103402,9.607833228820628
103408,19.791869251884588
103409,37.90101357477308
103416,18.706758500275317
103421,8.433484038122558
103423,19.138249068856414
103425,12.316649186043689
103428,21.272982009554358
103447,10.861056639212999
103449,18.28251685335724
103452,30.132835170134786
103455,15.454087716729894
103456,26.866950519117125
103467,9.504327516738206
103472,11.260006503448215
103476,51.66899440810531
103484,11.79617503678985
103487,15.475989067213614
103494,17.53118532711431
103495,13.938695173110409
103501,11.820842104614822
103507,8.334420869240788
103512,14.870798010430686
103515,14.870798010430686
103520,10.030491326333834
103534,13.984305258797697
103545,24.75785071057194
103547,18.898634657192318
103554,46.445384642539466
103563,13.123303023161558
103566,17.67052620928956
103570,23.895018012942625
103573,21.781686157759943
103575,15.043905932274821
103578,11.91179894117365
103582,15.957053931795688
103584,22.1666148604032
103592,46.47731592052438
103594,6.682786108068801
103597,16.511342171736025
103599,18.33179683357388
103600,18.33179683357388
103609,30.21395241872816
103610,10.243172320620173
103612,19.71420898860518
103614,15.174886063800681
103615,33.27720684848771
103618,39.349749815359665
103629,19.0864947610091
103630,8.643623512181959
103631,24.040493542173998
103633,14.89583267840192
103635,9.603777623693134
103643,13.167052653251016
103645,18.584693407967876
103648,14.564133848905442
103649,17.914586939227224
103655,16.267469239501384
103666,19.27952947872479
103669,11.96134940728703
103689,17.67000000000002
103692,52.793506505426414
103695,10.147084505199935
103697,5.423949374127709
103699,12.789651840569972
103703,18.782286931023787
103704,15.722265420063135
103713,21.98012622222731
103716,16.488780232061536
103727,7.393812937088677
103728,17.260228347993213
103730,14.626207240960186
103731,10.955216163302788
103738,13.8273298360008
103739,11.179983402338234
103742,15.04304538015311
103747,16.079684237272495
103755,40.30004477417127
103758,21.814857166755267
103760,11.955642390680916
103767,19.014731423377388
103770,20.021271347297777
103774,16.231273561361284
103776,10.014450050784962
103778,11.765526496945728
103782,16.23103109569515
103785,16.002259380461705
103791,17.403726775428073
103796,9.504327516738206
103810,86.75740140485259
103824,18.680591453151298
103826,20.345248130369864
103829,9.665745883225398
103835,20.106686206760713
103852,17.552516010043295
103861,12.763022062751181
103862,23.787802379436595
103864,19.663948259848148
103866,11.357687492708218
103876,15.85813253230664
103883,17.607059187868558
103885,18.568209795663215
103894,7.829835703933972
103895,21.315214635660322
103898,14.49785198064812
103899,17.756448238896628
103902,15.231576874142139
103923,21.711807964316545
103924,20.24370724184259
103927,11.501194620765215
103931,10.239587369766113
103934,20.594683203385397
103937,15.544113798830498
103948,17.67551635735173
103949,19.700111020647036
103955,9.363481597111397
103957,20.076562334262285
103962,29.011310535463085
103963,25.006011998987844
103979,16.90296519608957
103981,11.84200730304138
103984,9.198231110754545
103990,17.299666691660125
103992,9.76216340895555
103994,7.608758306260352
104000,38.27505741558095
104005,20.104167784172436
104016,23.889681348841275
104019,22.27762725305716
104022,12.415328569737321
104032,47.430340058896654
104035,12.4332154381637
104039,13.440000000000062
104044,11.612821801412055
104055,8.431141097348268
104061,26.88374460029625
104063,19.561702499621887
104069,12.20223966121
104086,22.181563339643002
104094,26.830921868771348
104095,10.76056144708519
104096,30.65744938470204
104099,17.95739219926102
104100,18.691312473668038
104104,8.828743705954672
104117,18.310642393905432
104119,17.344223961861992
104123,18.68572111672839
104127,25.937025325536982
104138,16.2729013720112
104140,17.50392847952072
104142,16.640452620481124
104143,16.752534774405017
104145,16.86429232210404
104146,16.86429232210404
104147,16.86429232210404
104154,18.301214669404715
104157,27.163942447368616
104164,19.818931379936874
104167,8.513983080590416
104180,17.523405991038498
104183,17.38744407349513
104188,12.774304579389195
104197,21.453472351263347
104212,31.80949967100276
104216,18.973000322885493
104226,8.097712011605857
104227,20.021575795258077
104234,17.455779688165343
104237,28.471982425425114
104241,14.004537443293033
104245,11.142798425619448
104248,22.75159418371534
104249,16.27929543100207
104251,17.886609345459828
104259,12.863908148473502
104263,12.845495629841228
104268,45.73371185764653
104270,8.842062712117913
104278,16.06672231599593
104280,30.344729921923527
104290,27.711497986624984
104291,18.857875357312217
104296,12.98337852466072
104304,19.932039100645657
104310,13.045978765491437
104314,13.250693394532494
104315,15.420547375944125
104329,16.19440489181989
104330,16.706638588185868
104331,23.112675505118474
104333,8.843204589360173
104341,9.1358125186106
104349,32.07407772521622
104353,8.49181357933938
104365,11.802073042426892
104370,19.4073240631959
104373,17.681091892553614
104377,22.7192931600888
104382,19.695365402788628
104385,17.93641382806748
104388,8.402144576012015
104393,29.140380191001785
104403,13.734387658487316
104410,9.871334482439254
104412,18.458066011901217
104416,22.07102032732074
104421,74.87415547330718
104424,18.28340923144042
104433,14.25544579292016
104443,16.77520715607264
104445,18.18229826073968
104446,22.617328516867406
104447,22.617328516867406
104452,16.689162436243887
104458,15.156709487650968
104461,23.059765561033558
104468,11.953360543495023
104472,23.25746381324151
104473,16.97330904626485
104476,19.90942168694301
104484,10.317066314371164
104491,82.05423878415202
104494,9.461149906430784
104496,39.55350043196414
104497,28.493149107872632
104501,28.90782649508964
104526,18.4425649626752
104529,37.42617048649829
104532,14.75056138207538
104534,18.299999999999986
104539,14.929294740797307
104540,16.719560052167168
104541,11.558184290514328
104545,12.991203040644066
104548,9.324936500645656
104554,20.431858984843963
104555,22.32042719160276
104558,38.80658851726414
104559,14.844803268306238
104570,20.33133618188022
104577,7.613041114116481
104578,15.144946937964267
104587,20.757849153607662
104603,8.783802875915187
104604,9.205032264403892
104609,25.44523328406891
104613,8.293806213578392
104616,10.642492875300784
104617,10.642492875300784
104628,21.303794677577365
104632,17.659637901970374
104633,12.543348369350136
104636,17.25840801316273
104640,15.140920274429313
104644,11.255326841206012
104645,22.383990404157494
104646,11.329749669224565
104647,24.189000160429448
104648,15.867089996297334
104654,14.178101583218847
104665,13.836132061748962
104667,13.203071384955015
104670,14.625079049553804
104684,24.34587086603147
104687,21.185954950122234
104699,16.42034261820416
104705,22.468394875700387
104738,17.364227383363545
104752,9.333284680154323
104759,17.22563482004812
104760,10.07807665283648
104768,21.63355117361444
104776,17.670000000000005
104782,16.746460193053874
104784,10.93085560367289
104788,8.89245593471006
104792,15.757588287944323
104794,16.984651436220066
104804,9.636905020890273
104805,14.189483401593352
104809,24.50144416551682
104814,11.3200938893648
104816,8.958142882207731
104817,17.781087321180784
104823,21.999902538977025
104825,18.727504978312126
104835,9.876061535481059
104838,18.016435312372625
104843,14.605582418855812
104848,16.278075639859356
104852,9.595610281131291
104857,28.255584931846265
104858,14.91453508796981
104861,16.46613865201026
104873,14.223641396994282
104876,23.996623008149633
104879,18.73617777189425
104880,29.411802887476668
104883,17.581538438467756
104885,19.331825976362325
104889,37.14087316037071
104893,21.508302573342053
104894,14.448766608578236
104900,15.708418319251212
104901,13.849637643702197
104902,13.849637643702197
104908,8.498903462487634
104909,11.811911027199622
104918,13.168350803775414
104925,19.1645249244608
104932,12.216195571032287
104937,24.308723687947932
104940,16.688544040935184
104942,17.376486719838507
104943,14.897894500099763
104945,13.3520598033419
104947,23.376126379585006
104952,15.090361852035318
104953,13.847889383516863
104955,16.73507968595833
104957,7.50305178529665
104963,9.773508145403559
104970,11.656903780269994
104974,32.76190175622993
104976,13.257744439805123
104978,13.184442640899098
104979,5.06253110500431
104985,20.813723103609014
104988,7.90090003152609
104994,16.50984243487673
105000,20.983478750581973
105010,15.605172876941399
105013,18.811286445253565
105016,58.56703818239645
105021,17.10539329831618
105026,43.74955483950797
105028,11.469911818586965
105029,12.37253317234498
105032,12.929247407848079
105033,16.69792511879361
105051,13.651567715231785
105052,11.595488255744616
105055,13.836132061748962
105064,16.931561211736568
105068,15.19498319132104
105074,11.849999999999943
105075,17.445150799685603
105079,23.6754801051643
105088,23.272549003563892
105091,13.30707677443321
105100,12.443127465944983
105104,19.703476064516245
105107,14.46965892702491
105109,16.288106351246114
105110,16.288106351246114
105114,40.628804066207344
105115,15.755125425768433
105118,14.872635240143838
105121,38.82605599176366
105126,27.977326154606207
105128,22.304971115025232
105136,22.650111449626156
105149,15.57976319178809
105157,9.831495576559192
105162,22.16211529371606
105167,7.904751828961784
105172,8.61872832304952
105180,24.41976434709758
105184,17.479196290107474
105185,17.479196290107474
105190,31.689788102563725
105191,27.44210010262104
105196,8.818765404555565
105199,17.978008818175663
105205,31.279181955618
105213,15.4895033876975
105218,34.94083703733246
105222,14.788439310095573
105227,18.613917217795887
105233,12.102905940322715
105240,9.918976184799483
105243,17.39106334550757
105244,15.62924229651161
105246,16.735534392345762
105252,12.146581906465558
105257,55.374195392883166
105262,82.53378434008737
105265,36.92901301955992
105270,19.785992650867502
105275,23.911761076992516
105278,7.008966980857249
105280,15.131823891750788
105284,15.630080579732045
105285,9.998149515398882
105287,26.183889722074415
105295,16.301521497878834
105302,17.46759599604149
105303,17.882853057083736
105304,17.882853057083736
105305,20.25064863138929
105308,9.241635719707917
105310,17.898372846996722
105311,12.74657056468148
105313,16.509369578179303
105316,41.75583614654705
105319,8.696084214404046
105322,13.54000000000007
105323,13.54000000000007
105327,20.45119492347908
105329,8.728396318579561
105330,13.490827222844114
105336,8.852779943533838
105338,7.922396319820011
105356,9.289860087965666
105359,12.704892844795848
105361,29.30095271182319
105368,14.2596146932985
105378,11.080788282472113
105389,17.284938113164817
105390,19.191199411933418
105393,25.832713798297455
105397,16.4198163961595
105399,19.060001107373964
105400,8.649279940616212
105410,9.50766117450137
105423,7.922450821144329
105424,32.28757479665964
105427,13.699179694910207
105433,15.226874792780055
105434,20.27501388798161
105447,17.226819473282895
105448,13.450081652458582
105455,9.392514783332077
105464,17.950637515042594
105467,13.686084481511957
105477,15.662127292687714
105484,42.68804876237539
105498,12.09622773294705
105502,19.806539354317348
105510,17.94287588282872
105513,20.26669119830425
105520,30.536752302959005
105523,13.27283487929576
105524,13.27283487929576
105527,51.782451184021305
105533,40.531127154895806
105539,7.868977729980619
105542,16.698743194452543
105551,22.2126683854871
105553,19.623227537578725
105554,9.810570921865974
105569,8.587223562071303
105577,15.732851451461919
105578,14.555511032983318
105579,13.323272683683834
105581,16.456675720799023
105583,25.10761014371775
105603,22.412756828761097
105605,18.370859826691326
105609,16.04280540971563
105619,19.807926939350846
105624,18.7938303068991
105626,15.067898677175286
105627,21.66773175113857
105628,21.66773175113857
105629,14.161307930960263
105630,14.161307930960263
105633,19.641426602325268
105634,12.272447653915108
105635,12.846795377176806
105637,12.021366715316754
105640,20.614079961452926
105641,12.527189541870133
105642,26.760005065863293
105643,21.4316936540418
105648,12.438640896719495
105649,23.66428221129342
105661,18.77759461242203
105665,17.771771919048167
105666,13.564567657404666
105673,15.001526178729456
105674,9.468611107419331
105683,14.431790487330721
105696,17.457625559986884
105699,16.287769000076246
105710,17.759699593319397
105714,19.171734679850626
105724,9.584070530414117
105730,12.7464837092721
105732,32.16497389764105
105736,18.29658459960424
105738,14.707328134976535
105747,11.470525218369133
105748,27.650750258933076
105751,12.500598663930646
105759,14.501131879520573
105761,16.472540744133862
105764,15.062868830533418
105767,15.752124947374451
105768,15.752124947374451
105774,14.198609537574272
105778,15.258304214245562
105782,13.378709444699867
105783,12.614332007558515
105784,22.610421735587618
105799,45.32112099166214
105800,20.47928690757483
105835,8.096055210710054
105836,17.994650621153674
105841,15.44633487400565
105846,15.346598902808157
105857,27.96850751275724
105861,19.979580519875473
105863,15.465651585043943
105868,11.715508892289051
105874,22.228147250179507
105875,22.228147250179507
105883,14.0201049044539
105886,17.88754381468688
105887,14.518654715559846
105890,21.19493912462579
105896,10.124047102532543
105916,9.519593102200027
105917,14.39335255822563
105919,37.12529192828831
105922,15.495798433663275
105945,8.489141498925433
105946,21.058817161143207
105947,12.477127449453087
105949,96.41128450969062
105957,11.706417820195872
105958,16.92654920816647
105962,9.394280610386286
105965,15.049321209490252
105967,17.199213937625434
105986,11.86700313172058
105997,12.530717997220211
106007,19.559298111085543
106014,16.39372707996133
106022,26.426964500839368
106027,13.676087232917435
106029,16.58490414293718
106037,41.15520497791649
106042,17.5146805386726
106046,23.247196552560688
106049,18.084398677262307
106069,17.140091246198814
106070,22.122351533603023
106079,45.884892752725115
106088,13.293453068489727
106089,16.160244303931627
106096,18.997543762783977
106104,18.98811348282077
106106,17.006376856096136
106108,11.03175875074883
106113,14.194443619103499
106127,17.593799007422557
106128,28.673589137812243
106135,20.407212866055193
106146,24.119889974373937
106151,11.645901799417269
106156,14.976656997512752
106160,13.449937796005754
106161,8.11929753709243
106164,14.686189560864143
106187,8.106749307636624
106191,22.394963293493355
106194,18.372405821413544
106199,17.279778745639423
106200,17.279778745639423
106204,28.61424051501114
106205,70.24559796020851
106210,22.917180353377155
106213,15.544825598276642
106214,12.263302267467628
106215,14.658942296203158
106217,19.229427207622702
106225,48.80802472982086
106226,19.52568046769429
106227,8.101003559072446
106230,12.61842586857011
106234,13.299760661603946
106252,14.571972175242218
106253,14.571972175242218
106257,21.059997389440923
106264,14.534631632211415
106269,44.807790150167655
106276,15.421827114180477
106280,15.891336492454101
106281,25.996068457303682
106285,17.42607648689818
106289,10.488114798995557
106291,17.41101151113818
106293,39.040614446065554
106311,8.786721742874029
106312,35.86103023510744
106320,15.157567559213476
106322,32.22518903450588
106324,18.214910316253267
106325,29.877589856951214
106326,70.01085988528831
106332,10.59897270090571
106333,18.469714692451465
106335,22.49106241280197
106336,22.49106241280197
106338,13.042101133590384
106341,9.054651851996224
106344,15.715545406725969
106349,17.603709913802305
106364,10.988108511356614
106366,9.422007787488434
106370,13.344024465065264
106376,13.422488485495114
106383,20.683203096419053
106389,13.076441984061832
106396,15.947849846954067
106397,15.947849846954067
106400,7.827456352698039
106407,15.667888051045324
106413,26.13763646982777
106414,14.725482551414157
106415,19.802933000157452
106431,20.144936534219262
106432,12.620426522486389
106440,27.390658147954635
106450,7.974782587548432
106466,11.25663301439856
106470,11.882310452089726
106473,14.592087689827327
106489,17.596377145121377
106493,7.484062527067875
106496,21.800840572827934
106512,17.90568806177565
106515,55.388248954092
106519,10.479712066570464
106527,12.782957302902272
106529,56.22104265705702
106534,29.190420010829275
106537,9.795974347881561
106543,23.323484582386897
106550,8.769224680583653
106551,14.930886062863248
106557,17.088695362765726
106558,17.088695362765726
106560,12.519338109572555
106564,32.88675847786593
106571,14.532192348838011
106576,25.002180569426052
106577,27.749915829159487
106580,0.9391156787877983
106586,20.67373908129145
106589,13.488981156223662
106594,28.267126808748728
106598,18.217838954651484
106604,11.07668186062296
106614,17.13346481077757
106615,21.275296219301453
106617,33.44796193401664
106623,22.64059022052625
106625,15.298850082814734
106629,15.907869318294221
106633,26.0513474368218
106636,31.379975018604043
106653,17.97130953769607
106654,16.455435920162905
106658,16.709704506028377
106659,16.550836543371616
106660,26.610000000000177
106667,17.172905448015953
106671,16.490689859160135
106672,10.036236557435942
106676,7.3368864647721175
106680,11.902639719283895
106681,12.526750147522568
106682,7.780000000000003
106688,17.512075230054855
106689,22.10611036667808
106695,17.73545263929986
106701,21.716814847852657
106703,17.590018134614837
106707,18.221282643280844
106710,16.933588209053895
106713,12.479881779211611
106714,17.66371822315632
106730,29.775253886559582
106731,15.2965858813664
106733,14.742656223640733
106744,15.660958588812356
106753,24.62130658789873
106761,27.27335725844641
106763,31.325611635242716
106775,15.327128440441061
106778,14.676779771540104
106782,17.813370380809832
106799,19.320000000000014
106804,14.86313977739519
106806,8.049307112272581
106808,8.484230949602955
106811,15.773774702700667
106818,13.213448073122587
106819,14.345088560537945
106824,23.582765342658746
106832,11.554860637207334
106833,7.223966786626875
106841,12.88123200779438
106844,20.35740108788153
106864,8.517917770173346
106865,18.994122035503818
106867,16.943422023064777
106876,17.519592473984925
106880,28.48997931129841
106886,11.98842126696346
106890,9.336951196993853
106892,16.914803750722427
106902,9.23808018190657
106911,17.522510091138457
106916,14.991972081803135
106919,16.38139606111876
106922,13.756158074413404
106924,19.654001222844784
106926,17.8158447496598
106927,19.651789811789598
106936,18.440746251113364
106938,27.24554998564497
106941,18.33795035631832
106945,11.57746063955238
106949,18.526083643604377
106953,11.120730033707881
106959,13.739465617579215
106961,12.520996356621911
106964,17.407842724395223
106972,12.689999999999937
106978,6.4378334083818745
106986,13.440000000000062
106987,13.548892353594862
106988,18.19102110884346
106992,25.369237027202423
107005,17.791671564853132
107011,30.377426860001957
107016,18.339111635961505
107019,47.97789263687751
107020,18.039766256053863
107025,13.515063921096704
107026,17.842731617452166
107027,16.757703361799145
107028,9.713002346912866
107029,8.597236777886888
107030,14.792675720717492
107031,13.288547464226319
107037,21.956919679669365
107038,21.956919679669365
107041,19.08862204552406
107043,31.440891632924924
107046,16.10225767060674
107050,26.317615884656615
107052,16.113449086430887
107056,16.113449086430887
107058,16.905287602514882
107063,23.700021572654524
107069,21.461373773218135
107074,19.803155181547336
107077,14.87669611204634
107081,13.192770811306579
107082,9.531440061697793
107083,16.638278775846757
107093,11.47683429883993
107095,10.883989765788153
107098,11.444046266369625
107101,8.810212929813337
107103,12.457492111138762
107120,10.296393475725528
107130,13.491448614728068
107134,8.90710434108892
107136,20.39401248933686
107144,12.093982967147298
107146,15.40674528633485
107156,16.01275706042985
107164,10.031007305619086
107168,19.655295757979175
107183,16.013578567721805
107187,26.582511078516468
107193,18.395451854763266
107203,26.116434807586153
107204,12.349961394925351
107223,35.504784759587004
107237,17.281607304860255
107240,18.219799886619736
107243,41.582686874244175
107252,13.439933310392707
107254,20.118378789890123
107256,18.250912048985917
107259,20.551230517748404
107263,9.547153608966635
107265,9.607258126431674
107273,8.928791180064382
107274,8.928791180064382
107276,22.59397289568025
107278,8.52052488406826
107281,20.71661265497962
107283,13.94759559601817
107284,16.379104032655928
107290,104.10740103111628
107292,29.23512955239671
107295,12.612066587780081
107305,16.775920079584612
107309,11.243636502601106
107310,12.663325955799646
107311,13.647032676809209
107318,34.18343622213245
107325,8.018429858839244
107330,13.178600711987572
107331,17.016762058724307
107336,32.24723474985244
107339,17.529513649866356
107354,13.614472845773927
107356,20.58167664320291
107360,18.4895366093885
107366,11.299442209469921
107372,28.939837370145252
107377,16.778606351987634
107379,14.359030731720066
107381,14.264604574369049
107383,15.933326129005476
107394,19.056217442335623
107406,15.358522965688536
107409,8.323389741276703
107422,13.72360413367184
107430,18.276013033781407
107435,12.676821652142316
107458,8.442552030235259
107459,72.8725340983448
107460,30.835690973730536
107463,19.62558053680231
107464,17.877544827397788
107465,13.88294509835623
107470,17.128768590630717
107479,8.770438596503713
107480,8.770438596503713
107483,13.85931959048844
107485,24.110599940613454
107487,20.481810131976484
107504,16.0122159083858
107509,23.42046657353507
107510,10.057950075324198
107538,14.76792543659116
107541,22.084407611777667
107542,17.32123231280889
107543,7.714295554714585
107545,12.189745817965385
107546,25.24025035827465
107547,25.24025035827465
107552,17.610176215338203
107579,16.87222452548688
107580,17.0769770224969
107581,17.256467804461078
107582,15.043223410035495
107589,15.848497521336018
107590,14.679119709991635
107595,13.700245313221505
107596,18.970973695437703
107598,18.22999999999997
107606,34.32652652999186
107631,13.826276823313112
107634,24.901301616959564
107641,13.909323980538447
107646,27.796646189488317
107667,7.699928132716392
107672,13.796851842298434
107678,8.271915245293266
107695,40.78141977375419
107697,8.249732634599798
107698,21.61933580056875
107709,15.2965858813664
107710,20.272783681464176
107723,10.919585148003101
107724,13.995539060860803
107728,19.364396562300897
107730,22.10455492069854
107737,14.284675205833537
107739,13.967333501445133
107740,7.980024626727895
107743,14.895634583968326
107744,13.29120004592911
107748,10.007406509527002
107751,15.691425176147696
107754,7.797716140003837
107756,15.293469161823776
107759,14.337816440933334
107760,28.502448478311123
107763,15.313708387739926
107765,14.621760717128705
107774,25.983845929143204
107776,23.72274371342009
107787,17.158911284662413
107790,42.45143960502141
107792,42.45143960502141
107793,42.45143960502141
107794,42.45143960502141
107798,14.603887985879561
107813,15.002989335826001
107827,10.920196315068049
107829,6.00105696317253
107832,18.51540786278199
107834,8.923011184085729
107835,17.72016830038402
107844,12.429274644694324
107848,16.015367187207016
107857,13.352347066867498
107876,15.13421853733719
107883,15.15798396910684
107888,26.56966868389087
107889,17.728730131714617
107892,18.38634150661241
107900,9.584930711292744
107903,15.095566570814082
107907,28.983292482018392
107909,13.327857642018975
107925,9.132910042507717
107938,17.93727971002967
107945,17.67399001869587
107951,17.920887030103316
107954,12.997312406295391
107955,15.955345460012808
107957,10.607477754434505
107959,9.925233199065627
107964,17.67000000000002
107982,15.032155286151553
107998,24.241738085845107
108002,14.819160438618708
108003,29.428474760005845
108004,17.202604300421235
108005,24.65250002751263
108031,14.694814525665214
108032,9.827359025823242
108037,21.355681127088005
108039,38.356104335860095
108040,38.356104335860095
108046,12.177076380575954
108055,20.795649809329024
108056,16.98860277622298
108057,68.88595751716443
108059,14.247396456850819
108061,12.82234543825651
108068,19.320232091242712
108072,18.14880346202655
108073,70.27041354046132
108077,18.985077682553033
108083,14.83305936176962
108086,27.48373639749087
108089,27.185101652821977
108091,28.12180077607208
108094,41.14932197625742
108101,60.84514958041037
108104,30.18875494681812
108105,30.18875494681812
108108,20.370108255110342
108111,18.462921641094002
108114,22.126439958954457
108119,13.599748633796345
108120,14.069595998355457
108128,11.600777813358738
108130,11.600777813358738
108133,12.912898792293465
108137,14.672492204029387
108140,9.798887565201131
108146,23.429949642848857
108155,45.00039942057566
108159,11.777139503864092
108161,18.767578664106065
108166,21.887288384046517
108171,18.6712524463696
108175,28.290426165400397
108176,14.05759237398905
108180,9.367661540950124
108186,17.957565588127224
108191,38.92247086206307
108198,85.05360895210723
108204,15.124502326092383
108207,16.996248094591028
108210,56.10944437455603
108224,12.85946022234814
108226,15.26705314813195
108232,21.61246057878112
108236,20.705533790771558
108239,17.346607863273015
108241,7.91315046427343
108247,15.656940272000092
108248,34.985678584643
108250,13.671476608022516
108251,13.671476608022516
108256,17.208035219400557
108267,34.0399999999998
108271,34.0399999999998
108274,20.932078064972895
108275,16.37616001898786
108277,20.995350146136314
108278,15.799531466022938
108292,12.57532507145108
108295,16.244886389771953
108300,14.340860016675233
108304,8.001612333051625
108306,17.390797770494764
108309,10.949773354486492
108314,15.0073117851469
108317,15.241507305269696
108325,8.734564867076166
108339,27.95399436559557
108344,12.385253648337574
108345,15.669079360475518
108353,16.75772017012855
108354,23.919051830752174
108356,25.144927151550085
108369,14.470764734425746
108390,8.247819072579182
108397,17.17703673289029
108401,22.102411484556434
108403,13.874505322603639
108406,12.989861449299623
108408,16.118190674275752
108409,24.318002650585157
108416,15.487999352230982
108419,19.64253710034753
108420,17.510892748895557
108421,9.43668215837952
108422,8.883428061638286
108423,9.13766589675853
108430,26.989199328590722
108433,21.903334753691887
108451,10.23148194263519
108470,15.469848199369366
108474,17.060275349955454
108488,13.607949848176217
108492,23.280012168227046
108495,17.41245483938594
108499,15.11877209482467
108501,18.241712871851124
108514,20.709986273511397
108516,15.610462279780553
108517,13.440000000000062
108519,13.720185272457059
108522,8.624710756580024
108527,7.882920042639828
108532,28.96535472221254
108533,24.484464326127426
108534,16.31896886343564
108535,20.260755229575786
108537,16.588532954730873
108538,12.67808651237423
108541,14.779269951735936
108543,19.988613011909052
108546,16.549824077067086
108547,15.865745324425664
108548,17.517569546677052
108549,9.7667461878467
108552,20.932546092699063
108560,11.750112273692327
108563,15.55861477323094
108567,21.496894182706463
108570,24.579251105597653
108580,17.96999999999993
108582,17.713101039075685
108585,17.268259251983594
108586,26.2243884716786
108592,13.102951248889877
108595,16.80688228401892
108596,14.580243187885047
108597,8.826296647755779
108604,9.165064045263346
108609,21.332234097441937
108613,8.485584188809048
108636,23.240927122807676
108651,11.676934707893622
108654,13.42214095576741
108663,17.96141206417642
108664,16.14792779721436
108668,13.985012549015023
108670,7.773525245926249
108671,11.619505536075451
108679,22.15108715747828
108683,28.595014541325334
108689,12.868096479450752
108692,10.604335510515153
108694,27.382553389368404
108695,15.105552516066599
108699,43.24947552159672
108702,12.167972964872137
108711,16.80299438391456
108726,10.38605224060189
108728,2.620173616836619
108736,38.70411443838861
108738,14.3168367247061
108744,15.514556650531105
108750,25.97627114760274
108761,11.179408115909816
108762,36.48804445058172
108771,15.9045789221455
108772,13.489570325285243
108775,19.14484166024818
108778,11.576062431119938
108782,16.514044783575073
108789,36.594558128230865
108794,22.484786959372812
108798,59.80994964022418
108799,12.686787213131764
108800,12.686787213131764
108803,28.039759024212266
108807,15.385391824130977
108810,15.558932018973103
108813,13.5372522229849
108814,13.5372522229849
108819,17.549672430305314
108822,26.046974511109035
108832,20.833196397954236
108838,21.83957629126764
108841,16.172942511850252
108850,14.83093984688941
108852,68.9619665861182
108856,19.53406400044158
108879,13.384895976054068
108890,22.91684695831545
108892,24.00603736434375
108895,14.039736532233931
108901,18.166787220410722
108910,14.879739378131493
108912,10.567922644255685
108924,41.50619206051016
108927,16.003569919493593
108940,16.01035826156306
108943,20.687834629356356
108947,18.668872348550714
108954,15.036986512466854
108964,9.594702706771562
108967,8.639785313390446
108968,16.350851650252146
108974,17.754937034402037
108981,26.46491539003939
108986,63.47399912714151
108993,15.769878043257066
108997,21.72691978231116
109001,85.98152344358802
109009,15.077633553105777
109013,25.536550996601814
109020,18.67478059844462
109021,15.50210436801569
109023,12.129999999999962
109028,26.191372010250344
109034,11.969422078526572
109038,32.185444047054425
109043,40.68293819068606
109044,17.90212037860249
109050,16.909944078886962
109054,11.38684777426886
109058,30.894482308932197
109069,16.899683976147823
109071,8.73558686765678
109072,17.69178344115111
109074,38.10102288374721
109089,25.227821479226556
109091,18.653230356932124
109101,15.402249460500794
109107,0.0
109108,17.289558010858954
109114,19.66267857646355
109116,9.767485682202928
109134,12.5041739473469
109139,20.816312273963806
109146,17.158730071973817
109150,14.831851191564622
109154,19.304206887242863
109155,17.4187456322377
109178,17.34947028739936
109182,19.615282072995395
109189,9.267938600187284
109195,14.593810893666634
109202,8.52586746929764
109211,23.52707853984081
109212,10.431606410306276
109218,17.159999999999872
109219,17.139820762820214
109220,43.53154379926588
109221,19.367189837934728
109223,52.24478956050924
109224,20.75335784781416
109226,18.211140799446913
109230,16.577606892116904
109233,15.105359936557974
109237,44.456645010587806
109242,16.750047347593746
109243,27.085089095451714
109246,17.420601394147642
109247,34.5771327175493
109250,9.761476706118021
109252,12.67433998033669
109254,14.098176196381441
109258,36.57976022171653
109266,14.163031143225757
109277,12.564895304025212
109281,18.518883692113665
109287,16.86662469935601
109289,14.407729798803118
109292,10.07807665283648
109301,15.259326397236737
109303,18.352013124597526
109307,16.08433861244074
109308,32.23786692124687
109316,11.601681606931223
109317,23.829999999999856
109320,27.866769048984462
109333,18.461310118848647
109335,10.352741493812253
109340,13.852390697322395
109343,20.858747491347337
109346,12.539203927872494
109349,14.715568240739715
109353,16.870208276354393
109364,17.03880506683589
109366,16.763896435608313
109374,13.652309235059061
109375,28.43944861005573
109377,19.96897065213411
109378,15.957972380083866
109380,11.30932025624259
109381,22.03636420626139
109385,34.71458668649285
109395,15.65586877516365
109400,22.16807774499902
109401,12.80412377882921
109407,11.91758886130477
109411,14.11882888644368
109418,20.225598907749347
109435,14.514177348464957
109437,32.93186705316337
109442,21.86213425399191
109445,14.156841919328503
109470,16.155876164344214
109471,17.200018075815542
109481,9.056392204206707
109482,18.22584897486159
109494,16.67227567599569
109497,15.6203425556341
109505,13.522585041712647
109511,23.103088496389468
109512,20.104981550122073
109519,8.048113237172322
109522,16.522600987776187
109527,14.15085218669056
109537,16.495445702896294
109542,15.780499597491936
109548,11.395544241561044
109549,11.395544241561044
109553,20.141906738459518
109554,17.746537709076915
109556,18.612805149503323
109558,25.81560522738685
109567,23.277927532313285
109577,21.857998046898953
109583,29.678020550283804
109584,29.678020550283804
109593,20.165296010348015
109599,12.74672264735393
109602,12.940173852786229
109605,13.738819616911279
109613,17.780944945241853
109619,18.162495564472835
109621,12.110930492615863
109637,17.70205859445114
109647,13.418803078544506
109655,16.77971092241689
109659,22.879999999999956
109666,24.43799299540199
109668,21.377090875308372
109676,16.852700771136565
109677,10.050867989073184
109685,20.56285635936293
109687,10.817429033023632
109695,38.37956929897346
109701,12.262884784241631
109704,23.84000000000005
109705,18.712603083946817
109706,19.459245423289207
109708,17.014756867734263
109710,12.986853032414087
109712,19.45821074860518
109716,7.951418629011741
109722,29.87083440901111
109723,19.518210902559836
109726,47.61739196758144
109728,31.04363682727731
109732,18.238394507349607
109743,24.210059083399994
109744,14.369662206235413
109749,22.147131996790836
109756,27.455706993460122
109762,17.363695717736867
109763,12.76059935993246
109772,18.185920614705307
109774,18.185920614705307
109780,24.543506943876945
109783,14.436135974341463
109785,26.381535648380936
109801,17.692911608731908
109805,18.85022661093166
109808,29.15185357212437
109820,13.716486638587144
109828,12.617227954071305
109831,14.368628903153123
109832,19.173202237041924
109834,11.74347708693329
109854,7.491486056945876
109862,27.81796968326979
109867,14.760619137693627
109870,6.530724312147932
109876,21.969496989492246
109877,13.284052229464727
109879,45.09000000000015
109882,18.90699009538929
109890,14.513355178686803
109893,19.33700656892682
109896,8.187730932150275
109899,15.56918354814093
109900,13.576928490014199
109904,13.43948945074218
109909,14.896035394400833
109910,7.829835703933972
109913,13.667608431130725
109914,23.376895642626717
109915,16.552525527851703
109922,15.395772886717207
109935,14.469291403023275
109937,27.141968208218263
109940,41.04677284876913
109946,14.071895273849506
109951,31.370784509210154
109960,16.65255050711231
109965,18.007020674589914
109969,23.929774251391613
109973,13.355542736328525
109979,22.926179160038696
109984,34.92402657309706
109990,15.911472521263907
109993,13.935158199305578
110003,20.881630179822423
110021,18.0820038592448
110024,19.90761877373566
110039,34.59833675202123
110047,9.4061826022889
110048,20.13490612940171
110057,10.282236215579143
110062,17.340788339791242
110063,17.340788339791242
110068,14.966553444095503
110072,10.665018264249115
110074,19.466574053136593
110078,19.65282710634202
110081,15.741848135683252
110084,19.41852160911465
110087,16.012082311761265
110092,15.386517878821675
110100,9.689774467412473
110101,23.822226205600252
110102,9.798819572165817
110114,14.992207701548486
110120,23.66346340261301
110122,31.37700791802476
110127,40.89747295073486
110130,12.546298823502301
110143,14.787238326787312
110145,37.75531248529779
110152,19.252926426803217
110153,10.018976791400416
110169,17.69937455143046
110180,16.205682498763323
110181,13.019372440687846
110182,14.241205317073996
110184,15.175758118087796
110191,13.263472354151979
110199,15.110849897419865
110200,9.59524833924728
110219,11.813456199166549
110221,27.037875558700556
110223,17.67000000000002
110226,7.847822785239877
110235,17.348756191814104
110238,19.744806914344213
110244,16.799832493531625
110262,23.70471022223508
110266,15.113623478919632
110269,8.546952194429842
110271,50.26210559761246
110277,19.584952256450503
110285,18.464781336882506
110287,18.464781336882506
110289,21.292508340659868
110297,16.446691200661725
110301,19.009369759028246
110309,165.00277843934074
110310,18.362638301406584
110316,16.484319114382252
110317,9.798447267268658
110318,21.969476912616695
110320,21.872728871807723
110321,39.07818114861331
110325,18.699144195732938
110329,15.777045369502332
110332,16.060185114424065
110336,15.13593391990311
110339,0.0
110346,19.055754046615206
110355,14.51560480637933
110376,12.96336120852572
110394,12.233195391446
110396,20.267573919611763
110401,6.800198114409265
110403,19.298981954154485
110404,12.829558017126917
110406,14.8849356651949
110413,20.962301011897242
110414,18.387137893149173
110416,17.159999999999872
110417,47.190410530085344
110424,13.52452061852439
110426,12.1588041392364
110428,9.33997901018438
110432,13.191277872574473
110435,18.33097601058597
110443,16.269671409972066
110446,16.341592722332
110451,15.277784942587878
110453,25.295459137023347
110455,14.926183418907945
110464,55.839429140120934
110469,21.275617938271914
110473,20.941553013905885
110475,18.251193394264543
110478,10.928641564710341
110482,12.451082908228457
110496,15.594973535951315
110499,21.031939100784115
110506,26.134919130542713
110513,13.430957485328529
110514,11.752735524932906
110538,9.811621503011976
110539,96.60684940936625
110540,96.60684940936625
110542,21.411700252585934
110543,16.863727673831665
110544,7.459799765589768
110546,10.310803473405974
110551,36.07941636569848
110552,30.03685406112536
110557,24.413217666954495
110559,11.583007682501867
110560,11.936182078806702
110565,19.598331583987616
110567,23.949151978891827
110568,16.70077506241771
110572,13.97755754954636
110576,12.491976377111081
110581,8.674172799518368
110582,25.85620478736019
110590,21.308888675890866
110591,15.094136967811945
110593,15.776532962681156
110595,24.176797543991544
110599,21.419824707145597
110600,18.108216864021156
110603,28.011723723210075
110608,16.332422445342043
110611,32.06273799066049
110612,13.02661188331954
110616,15.1475496166513
110618,12.729746654656449
110619,27.63555190042571
110621,25.68834452125343
110622,14.393088589061753
110623,9.621665083900066
110635,7.902675139327242
110637,20.36349429857416
110641,22.80197477296156
110645,16.4796694093699
110646,18.106176726016113
110650,14.89677980409101
110652,12.349961394925351
110657,15.120076326488832
110658,30.674285827744885
110659,16.572622136141096
110668,16.42953881126058
110669,13.443286262992258
110677,20.39275227881756
110680,26.580069722490656
110682,6.682786108068801
110695,21.998178333633128
110696,17.256009343569154
110702,12.09103994624417
110706,11.731443468078142
110724,14.799711760501431
110725,14.799711760501431
110732,31.699245968078678
110734,16.337738258009757
110735,9.113789802394177
110756,11.30712350058862
110762,12.003727947756849
110763,38.466846568644904
110771,30.147393532289136
110778,22.508971924677308
110780,9.131650883724642
110785,26.215227804334287
110795,15.89205819541722
110799,10.293495157971883
110801,12.366687852197071
110808,27.412837713010298
110810,19.193381296119213
110813,16.14843703720549
110815,18.35056841945473
110821,25.1355601205756
110822,23.34434363578111
110829,12.841660921537537
110834,35.78673998353216
110835,27.895927240171634
110837,17.24307575554459
110840,14.638891979124265
110841,17.383689031062314
110844,20.487860316694054
110845,11.697067771394307
110847,11.697067771394307
110857,7.798852597462462
110868,15.332272214633342
110871,7.427138331149578
110877,11.018565336582487
110881,17.820657919426367
110883,10.827503695433787
110889,39.52052738615674
110895,13.750299271502758
110896,23.48300446149579
110900,15.790255195244079
110905,28.002598549045494
110906,36.78450277635048
110907,67.55668393491408
110920,22.760086200991598
110921,15.34610541467838
110923,17.062863709458455
110939,18.713270101884476
110940,18.713270101884476
110942,18.699856223843792
110945,11.356438384335561
110953,29.744333840479477
110959,28.018178996015028
110966,19.864978212485777
110967,18.867131918725818
110969,13.42527715214551
110984,18.705162672758966
110988,18.276115980002945
110990,60.17438724355774
111005,17.72159477503624
111006,26.768902620400862
111008,32.15551998025353
111026,15.806080563684795
111028,15.635258932182666
111029,27.74960066608806
111041,12.227922266111996
111060,8.08170732892274
111062,14.280699036026432
111065,14.498449546735507
111072,17.407791089399076
111080,18.35468293040339
111081,12.07061559986824
111084,17.629892166280875
111090,22.68564298281336
111092,8.917866996309488
111104,16.205491822809055
111108,45.66784912007804
111109,45.66784912007804
111132,38.968140254271695
111148,19.004557469776966
111150,16.033837335196786
111152,15.277960205027618
111163,7.977526232130511
111167,7.74208723346473
111170,15.741300837068895
111176,18.604055808800542
111178,13.98000000000003
111184,19.282175638457957
111185,13.25214007782448
111204,13.605406328582271
111209,33.0218050577611
111210,14.790946110318764
111212,17.664959152745652
111222,15.906847486832586
111225,15.493982763907994
111232,15.345019672383643
111234,16.416831748911292
111238,11.198885008071723
111243,22.16190326951048
111247,16.421153718372825
111250,15.250931094847104
111251,15.250931094847104
111254,15.250931094847104
111265,13.570000000000082
111267,16.59174251462945
111270,10.386622819244465
111272,19.748208634020752
111273,19.748208634020752
111274,25.495200171427665
111284,16.590257832502953
111294,27.52442640027866
111299,17.22014203826015
111301,15.625968418165769
111313,18.12566232578305
111317,12.49131627846533
111322,28.695578801619945
111330,9.126395866401426
111338,34.20356519245561
111339,53.79557382846998
111351,19.092710589484387
111353,19.092710589484387
111361,22.990709086500274
111365,18.451048597582588
111368,34.162556115818994
111369,21.976849792557136
111372,16.565712680700308
111375,14.162532242353956
111380,20.768435140669137
111385,14.57506517113026
111392,12.230408626743493
111396,12.644719506665178
111407,18.848196277913317
111410,17.375304962208997
111412,8.985239840622194
111419,15.679715342412102
111424,43.849079303293365
111436,9.1317958663239
111448,33.17846238658959
111450,13.314605976755054
111451,22.311080467727923
111453,7.591567399796649
111455,31.60848087685065
111461,7.614863817780531
111462,13.901913059232552
111465,13.01358679845517
111468,17.952867216174518
111470,15.673697783650997
111471,41.145710523695016
111484,18.844127527922268
111486,15.882284259266306
111491,9.610125396777656
111503,34.55896435657511
111510,14.791820142602381
111522,15.715289042572099
111529,38.306803489549544
111541,23.86689248747041
111545,20.17481048952831
111557,12.007628609604556
111562,15.143457402064392
111565,10.854232268006234
111570,16.356214267681843
111575,19.752087714088997
111578,22.179603873561483
111581,8.751307978335868
111583,13.769792846745613
111584,16.127160676265127
111587,21.22423127452266
111589,14.571509084186612
111593,23.07838999073468
111596,17.744106957129116
111598,11.748725961146517
111600,43.217309692044616
111602,7.531498763960039
111610,11.69174019597548
111611,13.215609082851099
111614,18.705458335649666
111621,16.95867359128991
111622,20.034298009320615
111627,8.646599913966337
111635,30.089385314064312
111641,25.268983685461514
111643,9.527480171062535
111659,41.49896913457918
111661,25.048402699340446
111665,13.536809004447104
111669,17.249881971506515
111671,16.0369378006046
111674,16.921380736067608
111679,15.04524470924741
111690,15.469556110697464
111693,13.106711211320354
111697,15.096742389650274
111698,13.212407031060268
111701,20.44538569815938
111702,0.619228719444386
111703,11.035830861840557
111710,16.534249742687635
111711,14.969095951899417
111712,16.206813408516492
111725,14.113124655914932
111726,24.11059958956344
111732,12.215443727455087
111734,14.630349973731718
111738,15.047888732197936
111748,7.403635362357983
111754,10.36423642298737
111766,35.861789759486705
111768,34.449849462806945
111773,44.651967822242945
111777,17.575894689567292
111781,19.297620622216655
111787,16.421261759709488
111792,20.429945421455958
111811,22.95741120948758
111812,18.722823851371622
111820,20.852293726513963
111823,18.644017266692945
111828,35.894166071043365
111837,12.190035427682508
111838,20.895118122794216
111840,18.808952068656264
111847,24.483150673317606
111848,30.913319918670663
111867,12.975375426691892
111871,17.72106220687467
111877,11.856234094612379
111878,27.001634714833685
111880,15.148046791757167
111884,17.54732091958958
111889,18.158914937939347
111890,29.311356746027197
111895,5.830678304495571
111899,8.00884494287505
111901,16.25000000000001
111911,17.46239190526941
111916,17.34014938435318
111921,14.93800811661197
111935,20.609804339655216
111939,9.431104594938812
111940,18.138839949015296
111948,15.338496478365705
111953,6.560718060355646
111954,13.03078466834596
111964,7.385194406372673
111969,10.8046344217855
111970,18.393660978548787
111973,15.390648386939922
111978,15.994133930246182
111980,19.279955218895406
111985,17.874120949128887
111988,17.463844454689685
111993,12.805575276383939
111996,13.729966032586088
111998,14.634584343698295
112002,15.483107370484213
112003,10.63162041770809
112005,29.572422573960147
112010,14.082510964258747
112013,102.75838168874571
112016,19.003600139819966
112023,65.04506229632693
112026,49.17503247837095
112033,26.713901188912082
112035,12.945557027902982
112038,8.827342255416651
112043,12.847442774230641
112045,23.227589338051587
112052,20.422877648805898
112058,14.544529439495829
112061,28.299834464535984
112065,23.26549411806842
112068,21.394082969175006
112070,34.790234279024325
112074,13.203172686703207
112075,9.666406027613293
112076,15.542283817629674
112084,7.003557856469543
112086,44.91090788960017
112089,26.277854282463654
112093,11.973726051900986
112095,21.758402834504857
112097,14.669106035281112
112098,30.142666024043873
112115,22.18985474276115
112118,17.83717978248949
112119,11.326033411639983
112126,21.509714794696343
112129,17.05168042796316
112132,15.11672562915065
112133,25.742641553090905
112140,13.370000000000058
112148,11.538537037635402
112154,19.18715986151115
112158,14.977389020925601
112165,15.6532139684216
112167,25.56047067451484
112177,17.017864550446333
112193,20.9495274904525
112202,22.358297197151373
112205,20.030445576799828
112211,26.5192509059421
112216,12.730387314623902
112217,34.764879123289575
112220,13.440000000000062
112221,24.31670381702361
112223,60.31240863491626
112225,18.76802528812957
112229,12.675507542796266
112240,16.53513789993922
112251,20.12405444310834
112254,10.15996157828359
112256,25.009383116834506
112261,6.235315477578363
112262,17.441004041125513
112263,25.30646900170449
112264,37.5486095343117
112270,18.47191584001879
112273,14.706607265542088
112278,8.15360410980472
112284,16.03416855784517
112300,9.918976184799483
112301,19.136217213798837
112304,16.23009745658271
112306,15.577093606154332
112312,58.88229498893175
112315,28.39878183020068
112322,12.231849674144845
112329,11.841782114666374
112331,16.125789170858408
112333,9.887936424666536
112334,16.71209979433231
112351,13.552683629339265
112354,28.34659497123911
112356,19.447507906313987
112359,76.75995394351565
112363,12.394174278422494
112365,12.217638436779106
112367,18.293922091297485
112370,12.73162371820775
112379,52.3587092979765
112381,21.078484479185526
112397,15.670166236341657
112408,14.993428633852385
112413,12.479199708463817
112420,19.560352444786638
112422,18.603046007326142
112424,51.29989991324046
112432,7.780000000000003
112437,15.06789022235871
112438,16.186181510217853
112443,16.676874775967704
112445,18.295409599399544
112446,15.254886877639265
112451,18.03366203293789
112461,12.333157376355183
112470,20.029794102131124
112472,57.47940373887644
112475,16.953880242110937
112487,13.797659658644307
112492,16.59547673775797
112493,14.862167986777717
112495,17.197524732478822
112502,7.8331884632155955
112503,17.18406350890315
112511,14.293499547059184
112513,10.445984272300851
112517,17.52658000827533
112530,17.008894765311048
112532,17.487247798637647
112536,25.479956793225703
112541,16.196037358681348
112545,10.07544377970422
112549,8.929237010892216
112553,53.07273996717214
112570,13.323199853653135
112572,14.09029346907128
112576,21.50119656022149
112578,23.539549506818496
112579,8.128663586025734
112583,19.152520901299532
112590,8.54483963443985
112593,15.215000124628055
112596,15.47515102683824
112599,29.894860032606076
112606,18.47193993124645
112614,8.21221617054471
112615,16.366624963117093
112622,22.7405772068756
112631,16.05031353987399
112642,30.043981503563753
112644,22.673271256529297
112646,31.617346027058886
