row_id,freight_value
1,0.0
7,0.0
11,0.0
12,0.0
33,0.0
34,0.0
35,0.0
43,0.0
50,0.0
52,0.0
53,0.0
55,0.0
62,0.0
67,0.0
69,0.0
73,0.0
80,0.0
88,0.0
104,0.0
112,0.0
113,0.0
115,0.0
116,0.0
118,0.0
120,0.0
121,0.0
126,0.0
127,0.0
134,0.0
139,0.0
140,0.0
150,0.0
154,0.0
165,0.0
178,0.0
182,0.0
183,0.0
186,0.0
191,0.0
192,0.0
197,0.0
198,0.0
203,0.0
219,0.0
226,0.0
228,0.0
240,0.0
241,0.0
242,0.0
245,0.0
247,0.0
248,0.0
249,0.0
252,0.0
256,0.0
261,0.0
264,0.0
270,0.0
271,0.0
272,0.0
273,0.0
280,0.0
292,0.0
305,0.0
313,0.0
314,0.0
324,0.0
336,0.0
351,0.0
358,0.0
364,0.0
366,0.0
367,0.0
376,0.0
378,0.0
383,0.0
385,0.0
389,0.0
390,0.0
395,0.0
396,0.0
401,0.0
403,0.0
405,0.0
408,0.0
411,0.0
412,0.0
427,0.0
437,0.0
441,0.0
444,0.0
445,0.0
446,0.0
453,0.0
464,0.0
467,0.0
469,0.0
471,0.0
473,0.0
475,0.0
478,0.0
485,0.0
488,0.0
489,0.0
498,0.0
499,0.0
503,0.0
506,0.0
507,0.0
508,0.0
512,0.0
513,0.0
517,0.0
518,0.0
522,0.0
523,0.0
524,0.0
529,0.0
530,0.0
531,0.0
532,0.0
535,0.0
536,0.0
540,0.0
551,0.0
554,0.0
568,0.0
574,0.0
575,0.0
577,0.0
581,0.0
594,0.0
614,0.0
615,0.0
618,0.0
631,0.0
645,0.0
661,0.0
671,0.0
675,0.0
678,0.0
679,0.0
680,0.0
684,0.0
705,0.0
707,0.0
715,0.0
716,0.0
717,0.0
720,0.0
725,0.0
731,0.0
735,0.0
737,0.0
745,0.0
748,0.0
751,0.0
758,0.0
767,0.0
769,0.0
771,0.0
785,0.0
789,0.0
795,0.0
796,0.0
799,0.0
806,0.0
807,0.0
810,0.0
811,0.0
813,0.0
814,0.0
820,0.0
825,0.0
836,0.0
843,0.0
847,0.0
853,0.0
868,0.0
869,0.0
891,0.0
892,0.0
897,0.0
905,0.0
906,0.0
917,0.0
920,0.0
922,0.0
931,0.0
932,0.0
937,0.0
943,0.0
947,0.0
948,0.0
953,0.0
971,0.0
989,0.0
996,0.0
998,0.0
1002,0.0
1004,0.0
1007,0.0
1011,0.0
1012,0.0
1015,0.0
1018,0.0
1022,0.0
1023,0.0
1024,0.0
1026,0.0
1027,0.0
1029,0.0
1044,0.0
1048,0.0
1050,0.0
1052,0.0
1054,0.0
1060,0.0
1061,0.0
1074,0.0
1079,0.0
1083,0.0
1084,0.0
1088,0.0
1090,0.0
1101,0.0
1102,0.0
1103,0.0
1104,0.0
1110,0.0
1117,0.0
1120,0.0
1121,0.0
1122,0.0
1123,0.0
1136,0.0
1140,0.0
1145,0.0
1148,0.0
1149,0.0
1151,0.0
1157,0.0
1158,0.0
1160,0.0
1165,0.0
1166,0.0
1171,0.0
1180,0.0
1183,0.0
1185,0.0
1195,0.0
1196,0.0
1197,0.0
1209,0.0
1220,0.0
1223,0.0
1228,0.0
1230,0.0
1236,0.0
1238,0.0
1240,0.0
1243,0.0
1248,0.0
1271,0.0
1277,0.0
1294,0.0
1301,0.0
1305,0.0
1307,0.0
1309,0.0
1311,0.0
1313,0.0
1322,0.0
1324,0.0
1333,0.0
1334,0.0
1342,0.0
1348,0.0
1350,0.0
1355,0.0
1356,0.0
1360,0.0
1367,0.0
1370,0.0
1372,0.0
1375,0.0
1382,0.0
1388,0.0
1395,0.0
1406,0.0
1407,0.0
1409,0.0
1415,0.0
1419,0.0
1424,0.0
1425,0.0
1427,0.0
1429,0.0
1440,0.0
1444,0.0
1447,0.0
1448,0.0
1452,0.0
1455,0.0
1464,0.0
1466,0.0
1468,0.0
1472,0.0
1476,0.0
1480,0.0
1499,0.0
1510,0.0
1512,0.0
1517,0.0
1519,0.0
1521,0.0
1528,0.0
1544,0.0
1546,0.0
1550,0.0
1552,0.0
1553,0.0
1558,0.0
1559,0.0
1564,0.0
1573,0.0
1584,0.0
1591,0.0
1599,0.0
1607,0.0
1610,0.0
1616,0.0
1623,0.0
1634,0.0
1638,0.0
1639,0.0
1641,0.0
1647,0.0
1655,0.0
1662,0.0
1664,0.0
1665,0.0
1667,0.0
1669,0.0
1671,0.0
1672,0.0
1673,0.0
1681,0.0
1683,0.0
1685,0.0
1686,0.0
1698,0.0
1700,0.0
1715,0.0
1718,0.0
1727,0.0
1728,0.0
1735,0.0
1740,0.0
1754,0.0
1755,0.0
1756,0.0
1761,0.0
1772,0.0
1773,0.0
1779,0.0
1781,0.0
1785,0.0
1800,0.0
1815,0.0
1827,0.0
1830,0.0
1834,0.0
1838,0.0
1844,0.0
1848,0.0
1851,0.0
1852,0.0
1853,0.0
1854,0.0
1858,0.0
1864,0.0
1865,0.0
1870,0.0
1873,0.0
1881,0.0
1889,0.0
1892,0.0
1906,0.0
1911,0.0
1912,0.0
1916,0.0
1935,0.0
1937,0.0
1954,0.0
1955,0.0
1962,0.0
1971,0.0
1975,0.0
1978,0.0
1979,0.0
1981,0.0
1996,0.0
2002,0.0
2012,0.0
2017,0.0
2020,0.0
2022,0.0
2027,0.0
2033,0.0
2040,0.0
2044,0.0
2053,0.0
2054,0.0
2062,0.0
2073,0.0
2074,0.0
2075,0.0
2078,0.0
2083,0.0
2088,0.0
2091,0.0
2100,0.0
2106,0.0
2107,0.0
2109,0.0
2113,0.0
2119,0.0
2120,0.0
2122,0.0
2124,0.0
2128,0.0
2135,0.0
2139,0.0
2140,0.0
2145,0.0
2149,0.0
2153,0.0
2163,0.0
2165,0.0
2173,0.0
2175,0.0
2185,0.0
2186,0.0
2191,0.0
2197,0.0
2200,0.0
2205,0.0
2207,0.0
2209,0.0
2211,0.0
2213,0.0
2216,0.0
2218,0.0
2232,0.0
2233,0.0
2236,0.0
2243,0.0
2244,0.0
2247,0.0
2251,0.0
2253,0.0
2254,0.0
2262,0.0
2274,0.0
2286,0.0
2300,0.0
2304,0.0
2311,0.0
2314,0.0
2320,0.0
2324,0.0
2325,0.0
2326,0.0
2344,0.0
2351,0.0
2353,0.0
2356,0.0
2371,0.0
2380,0.0
2381,0.0
2382,0.0
2394,0.0
2408,0.0
2415,0.0
2425,0.0
2427,0.0
2429,0.0
2431,0.0
2432,0.0
2434,0.0
2443,0.0
2451,0.0
2460,0.0
2461,0.0
2471,0.0
2472,0.0
2475,0.0
2481,0.0
2482,0.0
2485,0.0
2487,0.0
2497,0.0
2498,0.0
2500,0.0
2503,0.0
2506,0.0
2508,0.0
2509,0.0
2511,0.0
2515,0.0
2524,0.0
2527,0.0
2529,0.0
2531,0.0
2535,0.0
2542,0.0
2552,0.0
2553,0.0
2555,0.0
2568,0.0
2569,0.0
2571,0.0
2576,0.0
2581,0.0
2590,0.0
2591,0.0
2610,0.0
2618,0.0
2621,0.0
2623,0.0
2625,0.0
2636,0.0
2638,0.0
2646,0.0
2656,0.0
2657,0.0
2661,0.0
2674,0.0
2681,0.0
2694,0.0
2701,0.0
2705,0.0
2717,0.0
2718,0.0
2720,0.0
2733,0.0
2734,0.0
2736,0.0
2738,0.0
2748,0.0
2754,0.0
2757,0.0
2765,0.0
2772,0.0
2781,0.0
2782,0.0
2784,0.0
2786,0.0
2788,0.0
2789,0.0
2791,0.0
2798,0.0
2801,0.0
2802,0.0
2803,0.0
2805,0.0
2820,0.0
2825,0.0
2835,0.0
2836,0.0
2842,0.0
2843,0.0
2853,0.0
2860,0.0
2862,0.0
2870,0.0
2871,0.0
2872,0.0
2881,0.0
2885,0.0
2888,0.0
2889,0.0
2895,0.0
2906,0.0
2913,0.0
2917,0.0
2922,0.0
2925,0.0
2926,0.0
2927,0.0
2938,0.0
2949,0.0
2950,0.0
2954,0.0
2957,0.0
2959,0.0
2963,0.0
2964,0.0
2968,0.0
2976,0.0
2979,0.0
2983,0.0
2985,0.0
2989,0.0
2991,0.0
2995,0.0
2999,0.0
3005,0.0
3006,0.0
3026,0.0
3037,0.0
3041,0.0
3055,0.0
3059,0.0
3067,0.0
3075,0.0
3076,0.0
3079,0.0
3081,0.0
3091,0.0
3093,0.0
3096,0.0
3102,0.0
3115,0.0
3128,0.0
3129,0.0
3130,0.0
3131,0.0
3132,0.0
3141,0.0
3146,0.0
3156,0.0
3158,0.0
3166,0.0
3177,0.0
3178,0.0
3188,0.0
3191,0.0
3192,0.0
3196,0.0
3197,0.0
3203,0.0
3205,0.0
3206,0.0
3225,0.0
3237,0.0
3248,0.0
3259,0.0
3274,0.0
3275,0.0
3276,0.0
3282,0.0
3283,0.0
3287,0.0
3288,0.0
3291,0.0
3294,0.0
3299,0.0
3301,0.0
3318,0.0
3326,0.0
3334,0.0
3336,0.0
3340,0.0
3352,0.0
3358,0.0
3364,0.0
3374,0.0
3385,0.0
3391,0.0
3392,0.0
3394,0.0
3395,0.0
3396,0.0
3397,0.0
3402,0.0
3405,0.0
3406,0.0
3407,0.0
3424,0.0
3428,0.0
3431,0.0
3438,0.0
3439,0.0
3443,0.0
3444,0.0
3446,0.0
3454,0.0
3468,0.0
3474,0.0
3475,0.0
3476,0.0
3483,0.0
3492,0.0
3493,0.0
3496,0.0
3497,0.0
3501,0.0
3502,0.0
3504,0.0
3506,0.0
3508,0.0
3512,0.0
3513,0.0
3514,0.0
3515,0.0
3526,0.0
3528,0.0
3541,0.0
3544,0.0
3550,0.0
3561,0.0
3569,0.0
3572,0.0
3573,0.0
3574,0.0
3581,0.0
3583,0.0
3590,0.0
3606,0.0
3608,0.0
3609,0.0
3617,0.0
3623,0.0
3627,0.0
3636,0.0
3641,0.0
3649,0.0
3652,0.0
3659,0.0
3666,0.0
3678,0.0
3686,0.0
3690,0.0
3696,0.0
3698,0.0
3703,0.0
3704,0.0
3705,0.0
3709,0.0
3714,0.0
3721,0.0
3722,0.0
3725,0.0
3731,0.0
3740,0.0
3741,0.0
3749,0.0
3750,0.0
3751,0.0
3759,0.0
3771,0.0
3775,0.0
3776,0.0
3779,0.0
3783,0.0
3784,0.0
3789,0.0
3801,0.0
3802,0.0
3803,0.0
3805,0.0
3817,0.0
3818,0.0
3822,0.0
3828,0.0
3831,0.0
3832,0.0
3836,0.0
3838,0.0
3846,0.0
3853,0.0
3859,0.0
3860,0.0
3873,0.0
3877,0.0
3882,0.0
3884,0.0
3885,0.0
3886,0.0
3895,0.0
3897,0.0
3899,0.0
3902,0.0
3904,0.0
3913,0.0
3914,0.0
3919,0.0
3920,0.0
3924,0.0
3930,0.0
3941,0.0
3951,0.0
3952,0.0
3955,0.0
3956,0.0
3970,0.0
3975,0.0
3980,0.0
3981,0.0
3984,0.0
3985,0.0
3989,0.0
4001,0.0
4016,0.0
4017,0.0
4023,0.0
4025,0.0
4033,0.0
4035,0.0
4036,0.0
4040,0.0
4048,0.0
4050,0.0
4052,0.0
4056,0.0
4058,0.0
4059,0.0
4064,0.0
4067,0.0
4069,0.0
4088,0.0
4093,0.0
4106,0.0
4108,0.0
4116,0.0
4123,0.0
4127,0.0
4143,0.0
4144,0.0
4157,0.0
4158,0.0
4171,0.0
4174,0.0
4175,0.0
4177,0.0
4191,0.0
4200,0.0
4203,0.0
4215,0.0
4222,0.0
4223,0.0
4233,0.0
4245,0.0
4249,0.0
4256,0.0
4261,0.0
4268,0.0
4269,0.0
4271,0.0
4286,0.0
4289,0.0
4293,0.0
4301,0.0
4304,0.0
4308,0.0
4311,0.0
4313,0.0
4314,0.0
4321,0.0
4324,0.0
4325,0.0
4327,0.0
4329,0.0
4337,0.0
4342,0.0
4343,0.0
4348,0.0
4353,0.0
4377,0.0
4384,0.0
4386,0.0
4394,0.0
4395,0.0
4404,0.0
4406,0.0
4421,0.0
4433,0.0
4438,0.0
4440,0.0
4441,0.0
4445,0.0
4452,0.0
4453,0.0
4454,0.0
4462,0.0
4468,0.0
4469,0.0
4470,0.0
4471,0.0
4509,0.0
4517,0.0
4520,0.0
4522,0.0
4524,0.0
4527,0.0
4545,0.0
4550,0.0
4553,0.0
4558,0.0
4559,0.0
4562,0.0
4565,0.0
4569,0.0
4578,0.0
4580,0.0
4585,0.0
4602,0.0
4605,0.0
4606,0.0
4608,0.0
4616,0.0
4617,0.0
4619,0.0
4620,0.0
4624,0.0
4632,0.0
4633,0.0
4635,0.0
4639,0.0
4640,0.0
4642,0.0
4648,0.0
4653,0.0
4656,0.0
4663,0.0
4664,0.0
4667,0.0
4671,0.0
4675,0.0
4677,0.0
4682,0.0
4689,0.0
4695,0.0
4699,0.0
4708,0.0
4717,0.0
4719,0.0
4726,0.0
4727,0.0
4733,0.0
4743,0.0
4749,0.0
4754,0.0
4755,0.0
4759,0.0
4761,0.0
4765,0.0
4766,0.0
4773,0.0
4775,0.0
4786,0.0
4787,0.0
4791,0.0
4802,0.0
4804,0.0
4807,0.0
4809,0.0
4811,0.0
4815,0.0
4816,0.0
4817,0.0
4818,0.0
4840,0.0
4841,0.0
4846,0.0
4850,0.0
4857,0.0
4858,0.0
4859,0.0
4861,0.0
4869,0.0
4879,0.0
4882,0.0
4885,0.0
4899,0.0
4904,0.0
4906,0.0
4910,0.0
4915,0.0
4920,0.0
4923,0.0
4929,0.0
4932,0.0
4936,0.0
4939,0.0
4942,0.0
4945,0.0
4948,0.0
4949,0.0
4966,0.0
4968,0.0
4971,0.0
4980,0.0
4983,0.0
4990,0.0
4995,0.0
4998,0.0
5002,0.0
5004,0.0
5007,0.0
5019,0.0
5022,0.0
5024,0.0
5037,0.0
5039,0.0
5051,0.0
5060,0.0
5061,0.0
5068,0.0
5074,0.0
5082,0.0
5092,0.0
5096,0.0
5109,0.0
5110,0.0
5111,0.0
5121,0.0
5124,0.0
5129,0.0
5134,0.0
5139,0.0
5145,0.0
5147,0.0
5152,0.0
5165,0.0
5175,0.0
5176,0.0
5179,0.0
5181,0.0
5183,0.0
5185,0.0
5188,0.0
5193,0.0
5201,0.0
5204,0.0
5206,0.0
5208,0.0
5210,0.0
5227,0.0
5240,0.0
5243,0.0
5247,0.0
5251,0.0
5254,0.0
5259,0.0
5261,0.0
5264,0.0
5268,0.0
5278,0.0
5280,0.0
5283,0.0
5286,0.0
5303,0.0
5308,0.0
5309,0.0
5312,0.0
5313,0.0
5317,0.0
5323,0.0
5334,0.0
5335,0.0
5338,0.0
5340,0.0
5341,0.0
5344,0.0
5351,0.0
5357,0.0
5358,0.0
5365,0.0
5378,0.0
5387,0.0
5389,0.0
5392,0.0
5399,0.0
5401,0.0
5402,0.0
5405,0.0
5406,0.0
5422,0.0
5426,0.0
5437,0.0
5439,0.0
5443,0.0
5458,0.0
5459,0.0
5460,0.0
5467,0.0
5468,0.0
5480,0.0
5485,0.0
5489,0.0
5497,0.0
5511,0.0
5512,0.0
5516,0.0
5520,0.0
5537,0.0
5542,0.0
5543,0.0
5552,0.0
5554,0.0
5561,0.0
5564,0.0
5568,0.0
5569,0.0
5570,0.0
5572,0.0
5577,0.0
5578,0.0
5582,0.0
5588,0.0
5593,0.0
5606,0.0
5607,0.0
5612,0.0
5615,0.0
5616,0.0
5621,0.0
5622,0.0
5625,0.0
5637,0.0
5641,0.0
5657,0.0
5658,0.0
5662,0.0
5667,0.0
5670,0.0
5674,0.0
5682,0.0
5687,0.0
5698,0.0
5704,0.0
5706,0.0
5709,0.0
5711,0.0
5713,0.0
5729,0.0
5730,0.0
5740,0.0
5742,0.0
5743,0.0
5747,0.0
5748,0.0
5754,0.0
5761,0.0
5762,0.0
5764,0.0
5769,0.0
5778,0.0
5785,0.0
5787,0.0
5788,0.0
5792,0.0
5793,0.0
5797,0.0
5798,0.0
5803,0.0
5807,0.0
5811,0.0
5812,0.0
5818,0.0
5820,0.0
5830,0.0
5832,0.0
5836,0.0
5844,0.0
5851,0.0
5852,0.0
5853,0.0
5868,0.0
5873,0.0
5876,0.0
5883,0.0
5887,0.0
5888,0.0
5896,0.0
5898,0.0
5911,0.0
5916,0.0
5921,0.0
5929,0.0
5933,0.0
5943,0.0
5944,0.0
5949,0.0
5959,0.0
5961,0.0
5965,0.0
5966,0.0
5968,0.0
5969,0.0
5972,0.0
5973,0.0
5975,0.0
5982,0.0
5987,0.0
5989,0.0
6002,0.0
6005,0.0
6010,0.0
6011,0.0
6012,0.0
6021,0.0
6022,0.0
6026,0.0
6037,0.0
6039,0.0
6048,0.0
6049,0.0
6051,0.0
6054,0.0
6058,0.0
6059,0.0
6070,0.0
6081,0.0
6097,0.0
6099,0.0
6103,0.0
6109,0.0
6110,0.0
6112,0.0
6117,0.0
6123,0.0
6124,0.0
6137,0.0
6139,0.0
6143,0.0
6149,0.0
6159,0.0
6167,0.0
6173,0.0
6183,0.0
6185,0.0
6193,0.0
6197,0.0
6202,0.0
6205,0.0
6215,0.0
6227,0.0
6231,0.0
6235,0.0
6238,0.0
6239,0.0
6240,0.0
6258,0.0
6261,0.0
6263,0.0
6264,0.0
6266,0.0
6271,0.0
6278,0.0
6280,0.0
6286,0.0
6288,0.0
6292,0.0
6294,0.0
6295,0.0
6309,0.0
6315,0.0
6326,0.0
6343,0.0
6347,0.0
6354,0.0
6355,0.0
6358,0.0
6369,0.0
6372,0.0
6373,0.0
6377,0.0
6378,0.0
6379,0.0
6394,0.0
6399,0.0
6401,0.0
6403,0.0
6405,0.0
6409,0.0
6412,0.0
6417,0.0
6420,0.0
6426,0.0
6431,0.0
6432,0.0
6446,0.0
6450,0.0
6451,0.0
6454,0.0
6462,0.0
6464,0.0
6468,0.0
6471,0.0
6473,0.0
6475,0.0
6486,0.0
6494,0.0
6505,0.0
6507,0.0
6508,0.0
6512,0.0
6516,0.0
6518,0.0
6525,0.0
6527,0.0
6529,0.0
6531,0.0
6532,0.0
6537,0.0
6541,0.0
6542,0.0
6559,0.0
6573,0.0
6576,0.0
6580,0.0
6581,0.0
6593,0.0
6598,0.0
6603,0.0
6608,0.0
6610,0.0
6624,0.0
6626,0.0
6636,0.0
6643,0.0
6646,0.0
6647,0.0
6649,0.0
6651,0.0
6664,0.0
6671,0.0
6675,0.0
6682,0.0
6693,0.0
6698,0.0
6705,0.0
6706,0.0
6709,0.0
6713,0.0
6714,0.0
6722,0.0
6728,0.0
6729,0.0
6732,0.0
6736,0.0
6739,0.0
6743,0.0
6745,0.0
6748,0.0
6756,0.0
6758,0.0
6765,0.0
6766,0.0
6768,0.0
6771,0.0
6778,0.0
6785,0.0
6786,0.0
6787,0.0
6788,0.0
6790,0.0
6796,0.0
6817,0.0
6818,0.0
6822,0.0
6823,0.0
6825,0.0
6830,0.0
6833,0.0
6834,0.0
6839,0.0
6840,0.0
6844,0.0
6851,0.0
6852,0.0
6858,0.0
6861,0.0
6862,0.0
6869,0.0
6874,0.0
6884,0.0
6885,0.0
6891,0.0
6892,0.0
6895,0.0
6896,0.0
6907,0.0
6908,0.0
6911,0.0
6917,0.0
6920,0.0
6934,0.0
6940,0.0
6941,0.0
6948,0.0
6954,0.0
6959,0.0
6962,0.0
6966,0.0
6977,0.0
6982,0.0
6983,0.0
6984,0.0
6990,0.0
6994,0.0
6997,0.0
7002,0.0
7011,0.0
7015,0.0
7021,0.0
7022,0.0
7027,0.0
7035,0.0
7044,0.0
7050,0.0
7052,0.0
7056,0.0
7058,0.0
7059,0.0
7060,0.0
7091,0.0
7096,0.0
7099,0.0
7102,0.0
7108,0.0
7111,0.0
7115,0.0
7116,0.0
7120,0.0
7123,0.0
7129,0.0
7136,0.0
7140,0.0
7144,0.0
7152,0.0
7153,0.0
7155,0.0
7166,0.0
7171,0.0
7176,0.0
7185,0.0
7194,0.0
7198,0.0
7199,0.0
7204,0.0
7218,0.0
7219,0.0
7220,0.0
7224,0.0
7225,0.0
7226,0.0
7228,0.0
7237,0.0
7240,0.0
7241,0.0
7247,0.0
7249,0.0
7250,0.0
7251,0.0
7253,0.0
7264,0.0
7271,0.0
7275,0.0
7288,0.0
7289,0.0
7295,0.0
7303,0.0
7305,0.0
7306,0.0
7310,0.0
7315,0.0
7319,0.0
7331,0.0
7332,0.0
7340,0.0
7349,0.0
7356,0.0
7357,0.0
7359,0.0
7363,0.0
7369,0.0
7382,0.0
7387,0.0
7392,0.0
7397,0.0
7407,0.0
7413,0.0
7435,0.0
7454,0.0
7455,0.0
7462,0.0
7466,0.0
7470,0.0
7472,0.0
7478,0.0
7487,0.0
7489,0.0
7494,0.0
7497,0.0
7501,0.0
7505,0.0
7509,0.0
7510,0.0
7511,0.0
7515,0.0
7534,0.0
7543,0.0
7548,0.0
7550,0.0
7559,0.0
7565,0.0
7566,0.0
7568,0.0
7578,0.0
7591,0.0
7593,0.0
7595,0.0
7598,0.0
7603,0.0
7612,0.0
7618,0.0
7620,0.0
7626,0.0
7628,0.0
7633,0.0
7653,0.0
7668,0.0
7672,0.0
7677,0.0
7680,0.0
7689,0.0
7691,0.0
7694,0.0
7700,0.0
7709,0.0
7715,0.0
7717,0.0
7719,0.0
7721,0.0
7724,0.0
7728,0.0
7733,0.0
7736,0.0
7757,0.0
7758,0.0
7777,0.0
7778,0.0
7782,0.0
7784,0.0
7787,0.0
7796,0.0
7802,0.0
7807,0.0
7817,0.0
7818,0.0
7825,0.0
7826,0.0
7833,0.0
7839,0.0
7844,0.0
7846,0.0
7865,0.0
7870,0.0
7872,0.0
7873,0.0
7883,0.0
7885,0.0
7892,0.0
7895,0.0
7899,0.0
7903,0.0
7905,0.0
7910,0.0
7924,0.0
7926,0.0
7927,0.0
7930,0.0
7942,0.0
7948,0.0
7950,0.0
7954,0.0
7957,0.0
7960,0.0
7969,0.0
7970,0.0
7973,0.0
7976,0.0
7989,0.0
7998,0.0
8003,0.0
8010,0.0
8019,0.0
8021,0.0
8022,0.0
8026,0.0
8029,0.0
8037,0.0
8039,0.0
8040,0.0
8048,0.0
8052,0.0
8054,0.0
8062,0.0
8064,0.0
8074,0.0
8086,0.0
8089,0.0
8090,0.0
8093,0.0
8095,0.0
8100,0.0
8101,0.0
8104,0.0
8112,0.0
8127,0.0
8128,0.0
8132,0.0
8137,0.0
8144,0.0
8147,0.0
8151,0.0
8153,0.0
8160,0.0
8170,0.0
8171,0.0
8183,0.0
8187,0.0
8190,0.0
8202,0.0
8220,0.0
8223,0.0
8248,0.0
8250,0.0
8251,0.0
8255,0.0
8257,0.0
8264,0.0
8281,0.0
8282,0.0
8285,0.0
8290,0.0
8295,0.0
8299,0.0
8316,0.0
8318,0.0
8325,0.0
8327,0.0
8328,0.0
8332,0.0
8336,0.0
8340,0.0
8344,0.0
8346,0.0
8350,0.0
8352,0.0
8360,0.0
8383,0.0
8386,0.0
8392,0.0
8398,0.0
8399,0.0
8401,0.0
8411,0.0
8427,0.0
8433,0.0
8434,0.0
8447,0.0
8454,0.0
8458,0.0
8460,0.0
8461,0.0
8463,0.0
8464,0.0
8474,0.0
8479,0.0
8482,0.0
8483,0.0
8490,0.0
8493,0.0
8495,0.0
8496,0.0
8503,0.0
8508,0.0
8516,0.0
8517,0.0
8519,0.0
8530,0.0
8537,0.0
8539,0.0
8542,0.0
8546,0.0
8550,0.0
8559,0.0
8561,0.0
8563,0.0
8566,0.0
8567,0.0
8574,0.0
8582,0.0
8586,0.0
8590,0.0
8593,0.0
8602,0.0
8609,0.0
8611,0.0
8612,0.0
8615,0.0
8616,0.0
8620,0.0
8623,0.0
8627,0.0
8635,0.0
8636,0.0
8640,0.0
8659,0.0
8669,0.0
8670,0.0
8681,0.0
8696,0.0
8700,0.0
8701,0.0
8710,0.0
8714,0.0
8715,0.0
8718,0.0
8724,0.0
8735,0.0
8754,0.0
8755,0.0
8763,0.0
8765,0.0
8774,0.0
8776,0.0
8781,0.0
8790,0.0
8803,0.0
8805,0.0
8812,0.0
8821,0.0
8824,0.0
8834,0.0
8838,0.0
8841,0.0
8843,0.0
8846,0.0
8850,0.0
8861,0.0
8862,0.0
8870,0.0
8874,0.0
8884,0.0
8891,0.0
8892,0.0
8899,0.0
8901,0.0
8909,0.0
8912,0.0
8917,0.0
8923,0.0
8929,0.0
8937,0.0
8942,0.0
8943,0.0
8945,0.0
8947,0.0
8951,0.0
8957,0.0
8959,0.0
8987,0.0
8988,0.0
8997,0.0
8999,0.0
9000,0.0
9017,0.0
9021,0.0
9028,0.0
9033,0.0
9037,0.0
9042,0.0
9048,0.0
9050,0.0
9055,0.0
9056,0.0
9060,0.0
9061,0.0
9070,0.0
9087,0.0
9095,0.0
9098,0.0
9107,0.0
9110,0.0
9117,0.0
9118,0.0
9119,0.0
9120,0.0
9123,0.0
9125,0.0
9129,0.0
9142,0.0
9156,0.0
9160,0.0
9164,0.0
9165,0.0
9166,0.0
9171,0.0
9188,0.0
9189,0.0
9190,0.0
9192,0.0
9193,0.0
9194,0.0
9197,0.0
9200,0.0
9204,0.0
9210,0.0
9211,0.0
9217,0.0
9218,0.0
9224,0.0
9225,0.0
9227,0.0
9232,0.0
9245,0.0
9264,0.0
9281,0.0
9284,0.0
9287,0.0
9294,0.0
9295,0.0
9296,0.0
9297,0.0
9298,0.0
9302,0.0
9316,0.0
9321,0.0
9325,0.0
9329,0.0
9337,0.0
9342,0.0
9345,0.0
9347,0.0
9349,0.0
9352,0.0
9356,0.0
9358,0.0
9361,0.0
9367,0.0
9373,0.0
9378,0.0
9385,0.0
9386,0.0
9390,0.0
9391,0.0
9420,0.0
9424,0.0
9427,0.0
9429,0.0
9430,0.0
9446,0.0
9454,0.0
9457,0.0
9464,0.0
9465,0.0
9466,0.0
9467,0.0
9472,0.0
9474,0.0
9475,0.0
9476,0.0
9477,0.0
9483,0.0
9484,0.0
9498,0.0
9503,0.0
9522,0.0
9526,0.0
9528,0.0
9529,0.0
9531,0.0
9533,0.0
9549,0.0
9551,0.0
9555,0.0
9560,0.0
9567,0.0
9569,0.0
9584,0.0
9585,0.0
9606,0.0
9612,0.0
9614,0.0
9615,0.0
9617,0.0
9627,0.0
9636,0.0
9656,0.0
9659,0.0
9676,0.0
9683,0.0
9689,0.0
9690,0.0
9693,0.0
9699,0.0
9703,0.0
9711,0.0
9725,0.0
9726,0.0
9742,0.0
9749,0.0
9757,0.0
9760,0.0
9762,0.0
9763,0.0
9764,0.0
9768,0.0
9777,0.0
9783,0.0
9796,0.0
9799,0.0
9808,0.0
9811,0.0
9814,0.0
9831,0.0
9833,0.0
9836,0.0
9839,0.0
9840,0.0
9841,0.0
9846,0.0
9851,0.0
9854,0.0
9860,0.0
9862,0.0
9863,0.0
9868,0.0
9883,0.0
9886,0.0
9887,0.0
9892,0.0
9898,0.0
9904,0.0
9906,0.0
9911,0.0
9915,0.0
9921,0.0
9927,0.0
9928,0.0
9929,0.0
9930,0.0
9938,0.0
9940,0.0
9971,0.0
9972,0.0
9977,0.0
9978,0.0
9983,0.0
9984,0.0
9989,0.0
9993,0.0
9995,0.0
9996,0.0
9997,0.0
10005,0.0
10010,0.0
10012,0.0
10022,0.0
10026,0.0
10027,0.0
10031,0.0
10032,0.0
10033,0.0
10036,0.0
10040,0.0
10049,0.0
10050,0.0
10052,0.0
10069,0.0
10070,0.0
10071,0.0
10074,0.0
10079,0.0
10093,0.0
10094,0.0
10100,0.0
10102,0.0
10122,0.0
10125,0.0
10127,0.0
10130,0.0
10142,0.0
10148,0.0
10150,0.0
10158,0.0
10159,0.0
10164,0.0
10186,0.0
10187,0.0
10193,0.0
10195,0.0
10210,0.0
10214,0.0
10222,0.0
10232,0.0
10238,0.0
10245,0.0
10248,0.0
10254,0.0
10258,0.0
10263,0.0
10264,0.0
10272,0.0
10274,0.0
10277,0.0
10282,0.0
10283,0.0
10295,0.0
10296,0.0
10299,0.0
10300,0.0
10301,0.0
10303,0.0
10306,0.0
10308,0.0
10310,0.0
10312,0.0
10322,0.0
10329,0.0
10339,0.0
10344,0.0
10347,0.0
10353,0.0
10360,0.0
10361,0.0
10362,0.0
10363,0.0
10366,0.0
10371,0.0
10374,0.0
10378,0.0
10383,0.0
10384,0.0
10387,0.0
10388,0.0
10389,0.0
10390,0.0
10404,0.0
10414,0.0
10415,0.0
10425,0.0
10427,0.0
10429,0.0
10434,0.0
10442,0.0
10443,0.0
10449,0.0
10451,0.0
10452,0.0
10453,0.0
10454,0.0
10462,0.0
10463,0.0
10471,0.0
10472,0.0
10485,0.0
10487,0.0
10522,0.0
10528,0.0
10532,0.0
10544,0.0
10546,0.0
10547,0.0
10557,0.0
10559,0.0
10561,0.0
10566,0.0
10568,0.0
10571,0.0
10574,0.0
10575,0.0
10576,0.0
10577,0.0
10579,0.0
10581,0.0
10587,0.0
10588,0.0
10594,0.0
10603,0.0
10607,0.0
10609,0.0
10616,0.0
10617,0.0
10623,0.0
10624,0.0
10626,0.0
10635,0.0
10641,0.0
10643,0.0
10646,0.0
10647,0.0
10648,0.0
10650,0.0
10651,0.0
10652,0.0
10655,0.0
10662,0.0
10670,0.0
10676,0.0
10681,0.0
10692,0.0
10694,0.0
10695,0.0
10696,0.0
10703,0.0
10712,0.0
10714,0.0
10723,0.0
10731,0.0
10746,0.0
10747,0.0
10780,0.0
10782,0.0
10792,0.0
10801,0.0
10803,0.0
10804,0.0
10813,0.0
10816,0.0
10822,0.0
10827,0.0
10828,0.0
10835,0.0
10837,0.0
10840,0.0
10842,0.0
10845,0.0
10847,0.0
10848,0.0
10858,0.0
10860,0.0
10865,0.0
10874,0.0
10879,0.0
10888,0.0
10890,0.0
10892,0.0
10908,0.0
10913,0.0
10914,0.0
10926,0.0
10929,0.0
10930,0.0
10936,0.0
10947,0.0
10949,0.0
10954,0.0
10955,0.0
10959,0.0
10964,0.0
10971,0.0
10976,0.0
10982,0.0
10988,0.0
10992,0.0
10994,0.0
10996,0.0
11005,0.0
11007,0.0
11012,0.0
11014,0.0
11015,0.0
11017,0.0
11019,0.0
11022,0.0
11028,0.0
11035,0.0
11038,0.0
11042,0.0
11053,0.0
11054,0.0
11057,0.0
11062,0.0
11063,0.0
11071,0.0
11079,0.0
11080,0.0
11086,0.0
11090,0.0
11097,0.0
11099,0.0
11101,0.0
11115,0.0
11116,0.0
11126,0.0
11129,0.0
11137,0.0
11139,0.0
11141,0.0
11148,0.0
11149,0.0
11154,0.0
11156,0.0
11162,0.0
11170,0.0
11172,0.0
11174,0.0
11177,0.0
11181,0.0
11185,0.0
11196,0.0
11199,0.0
11204,0.0
11205,0.0
11214,0.0
11223,0.0
11227,0.0
11237,0.0
11241,0.0
11249,0.0
11252,0.0
11253,0.0
11255,0.0
11258,0.0
11265,0.0
11268,0.0
11278,0.0
11282,0.0
11284,0.0
11286,0.0
11306,0.0
11313,0.0
11314,0.0
11319,0.0
11324,0.0
11328,0.0
11330,0.0
11332,0.0
11338,0.0
11343,0.0
11345,0.0
11346,0.0
11349,0.0
11357,0.0
11367,0.0
11369,0.0
11370,0.0
11374,0.0
11387,0.0
11388,0.0
11402,0.0
11404,0.0
11416,0.0
11422,0.0
11424,0.0
11432,0.0
11434,0.0
11437,0.0
11438,0.0
11445,0.0
11446,0.0
11449,0.0
11454,0.0
11458,0.0
11459,0.0
11469,0.0
11472,0.0
11479,0.0
11490,0.0
11499,0.0
11501,0.0
11505,0.0
11506,0.0
11512,0.0
11519,0.0
11527,0.0
11530,0.0
11532,0.0
11535,0.0
11536,0.0
11540,0.0
11542,0.0
11547,0.0
11549,0.0
11552,0.0
11556,0.0
11557,0.0
11559,0.0
11562,0.0
11564,0.0
11577,0.0
11579,0.0
11582,0.0
11591,0.0
11594,0.0
11601,0.0
11602,0.0
11603,0.0
11610,0.0
11613,0.0
11618,0.0
11630,0.0
11631,0.0
11633,0.0
11640,0.0
11641,0.0
11649,0.0
11654,0.0
11656,0.0
11657,0.0
11660,0.0
11661,0.0
11667,0.0
11673,0.0
11684,0.0
11693,0.0
11697,0.0
11698,0.0
11706,0.0
11707,0.0
11710,0.0
11721,0.0
11743,0.0
11744,0.0
11751,0.0
11756,0.0
11757,0.0
11758,0.0
11774,0.0
11778,0.0
11785,0.0
11786,0.0
11790,0.0
11792,0.0
11795,0.0
11803,0.0
11804,0.0
11810,0.0
11811,0.0
11820,0.0
11824,0.0
11827,0.0
11831,0.0
11833,0.0
11842,0.0
11844,0.0
11846,0.0
11847,0.0
11849,0.0
11851,0.0
11852,0.0
11860,0.0
11862,0.0
11863,0.0
11870,0.0
11874,0.0
11875,0.0
11876,0.0
11879,0.0
11897,0.0
11901,0.0
11910,0.0
11913,0.0
11914,0.0
11915,0.0
11916,0.0
11917,0.0
11919,0.0
11920,0.0
11923,0.0
11925,0.0
11943,0.0
11944,0.0
11945,0.0
11950,0.0
11954,0.0
11955,0.0
11957,0.0
11959,0.0
11960,0.0
11961,0.0
11966,0.0
11975,0.0
11977,0.0
11989,0.0
11992,0.0
11994,0.0
11996,0.0
11998,0.0
12005,0.0
12007,0.0
12009,0.0
12010,0.0
12012,0.0
12013,0.0
12017,0.0
12022,0.0
12023,0.0
12034,0.0
12037,0.0
12042,0.0
12047,0.0
12048,0.0
12056,0.0
12060,0.0
12064,0.0
12067,0.0
12068,0.0
12073,0.0
12075,0.0
12093,0.0
12097,0.0
12102,0.0
12105,0.0
12113,0.0
12114,0.0
12117,0.0
12123,0.0
12125,0.0
12127,0.0
12139,0.0
12141,0.0
12166,0.0
12171,0.0
12173,0.0
12181,0.0
12192,0.0
12196,0.0
12206,0.0
12212,0.0
12213,0.0
12231,0.0
12235,0.0
12237,0.0
12239,0.0
12242,0.0
12243,0.0
12249,0.0
12259,0.0
12260,0.0
12270,0.0
12272,0.0
12281,0.0
12292,0.0
12295,0.0
12300,0.0
12304,0.0
12307,0.0
12319,0.0
12321,0.0
12328,0.0
12331,0.0
12332,0.0
12333,0.0
12345,0.0
12351,0.0
12356,0.0
12366,0.0
12369,0.0
12374,0.0
12379,0.0
12388,0.0
12391,0.0
12393,0.0
12394,0.0
12404,0.0
12408,0.0
12409,0.0
12411,0.0
12413,0.0
12420,0.0
12425,0.0
12430,0.0
12432,0.0
12435,0.0
12440,0.0
12442,0.0
12447,0.0
12450,0.0
12453,0.0
12462,0.0
12480,0.0
12481,0.0
12490,0.0
12495,0.0
12499,0.0
12500,0.0
12505,0.0
12507,0.0
12509,0.0
12511,0.0
12517,0.0
12521,0.0
12542,0.0
12549,0.0
12558,0.0
12563,0.0
12570,0.0
12571,0.0
12580,0.0
12581,0.0
12583,0.0
12588,0.0
12590,0.0
12604,0.0
12607,0.0
12608,0.0
12609,0.0
12614,0.0
12621,0.0
12622,0.0
12627,0.0
12637,0.0
12643,0.0
12649,0.0
12666,0.0
12685,0.0
12693,0.0
12697,0.0
12698,0.0
12705,0.0
12722,0.0
12723,0.0
12725,0.0
12726,0.0
12727,0.0
12738,0.0
12744,0.0
12755,0.0
12757,0.0
12767,0.0
12777,0.0
12781,0.0
12787,0.0
12793,0.0
12795,0.0
12796,0.0
12804,0.0
12805,0.0
12817,0.0
12824,0.0
12836,0.0
12840,0.0
12846,0.0
12847,0.0
12852,0.0
12856,0.0
12861,0.0
12871,0.0
12874,0.0
12881,0.0
12888,0.0
12893,0.0
12897,0.0
12898,0.0
12900,0.0
12903,0.0
12904,0.0
12907,0.0
12909,0.0
12911,0.0
12912,0.0
12914,0.0
12920,0.0
12923,0.0
12929,0.0
12931,0.0
12948,0.0
12951,0.0
12956,0.0
12957,0.0
12959,0.0
12962,0.0
12971,0.0
12972,0.0
12974,0.0
12983,0.0
12985,0.0
12986,0.0
12990,0.0
12995,0.0
12997,0.0
13000,0.0
13002,0.0
13006,0.0
13007,0.0
13014,0.0
13016,0.0
13019,0.0
13021,0.0
13022,0.0
13039,0.0
13042,0.0
13043,0.0
13048,0.0
13050,0.0
13052,0.0
13058,0.0
13063,0.0
13068,0.0
13071,0.0
13074,0.0
13076,0.0
13078,0.0
13079,0.0
13087,0.0
13094,0.0
13095,0.0
13107,0.0
13108,0.0
13118,0.0
13135,0.0
13136,0.0
13138,0.0
13140,0.0
13146,0.0
13158,0.0
13173,0.0
13185,0.0
13187,0.0
13188,0.0
13189,0.0
13190,0.0
13195,0.0
13196,0.0
13203,0.0
13205,0.0
13207,0.0
13209,0.0
13213,0.0
13218,0.0
13221,0.0
13223,0.0
13232,0.0
13235,0.0
13238,0.0
13239,0.0
13265,0.0
13268,0.0
13269,0.0
13279,0.0
13285,0.0
13286,0.0
13296,0.0
13303,0.0
13307,0.0
13308,0.0
13318,0.0
13329,0.0
13333,0.0
13336,0.0
13340,0.0
13350,0.0
13352,0.0
13357,0.0
13358,0.0
13367,0.0
13368,0.0
13370,0.0
13376,0.0
13377,0.0
13393,0.0
13400,0.0
13407,0.0
13409,0.0
13414,0.0
13417,0.0
13418,0.0
13420,0.0
13422,0.0
13424,0.0
13431,0.0
13435,0.0
13438,0.0
13442,0.0
13445,0.0
13448,0.0
13452,0.0
13455,0.0
13458,0.0
13460,0.0
13467,0.0
13479,0.0
13485,0.0
13490,0.0
13496,0.0
13505,0.0
13511,0.0
13517,0.0
13523,0.0
13525,0.0
13526,0.0
13530,0.0
13538,0.0
13541,0.0
13543,0.0
13548,0.0
13552,0.0
13554,0.0
13568,0.0
13569,0.0
13572,0.0
13578,0.0
13586,0.0
13592,0.0
13593,0.0
13599,0.0
13611,0.0
13622,0.0
13628,0.0
13629,0.0
13635,0.0
13655,0.0
13665,0.0
13668,0.0
13669,0.0
13674,0.0
13677,0.0
13680,0.0
13681,0.0
13682,0.0
13687,0.0
13696,0.0
13700,0.0
13708,0.0
13724,0.0
13725,0.0
13726,0.0
13727,0.0
13732,0.0
13736,0.0
13737,0.0
13739,0.0
13746,0.0
13757,0.0
13763,0.0
13771,0.0
13773,0.0
13774,0.0
13775,0.0
13780,0.0
13794,0.0
13795,0.0
13796,0.0
13798,0.0
13799,0.0
13800,0.0
13802,0.0
13810,0.0
13822,0.0
13833,0.0
13836,0.0
13837,0.0
13852,0.0
13855,0.0
13857,0.0
13863,0.0
13873,0.0
13879,0.0
13885,0.0
13891,0.0
13893,0.0
13898,0.0
13901,0.0
13903,0.0
13906,0.0
13908,0.0
13910,0.0
13913,0.0
13916,0.0
13918,0.0
13928,0.0
13931,0.0
13933,0.0
13939,0.0
13945,0.0
13949,0.0
13950,0.0
13952,0.0
13954,0.0
13962,0.0
13966,0.0
13967,0.0
13973,0.0
13981,0.0
13984,0.0
13994,0.0
13996,0.0
14005,0.0
14009,0.0
14010,0.0
14011,0.0
14016,0.0
14018,0.0
14020,0.0
14031,0.0
14032,0.0
14048,0.0
14055,0.0
14057,0.0
14059,0.0
14061,0.0
14065,0.0
14066,0.0
14073,0.0
14081,0.0
14082,0.0
14090,0.0
14093,0.0
14097,0.0
14099,0.0
14108,0.0
14110,0.0
14118,0.0
14151,0.0
14155,0.0
14156,0.0
14158,0.0
14167,0.0
14173,0.0
14174,0.0
14175,0.0
14182,0.0
14187,0.0
14193,0.0
14201,0.0
14203,0.0
14204,0.0
14207,0.0
14208,0.0
14211,0.0
14213,0.0
14221,0.0
14233,0.0
14234,0.0
14235,0.0
14236,0.0
14240,0.0
14241,0.0
14242,0.0
14249,0.0
14251,0.0
14253,0.0
14254,0.0
14255,0.0
14257,0.0
14261,0.0
14263,0.0
14266,0.0
14268,0.0
14280,0.0
14287,0.0
14296,0.0
14318,0.0
14324,0.0
14325,0.0
14335,0.0
14337,0.0
14343,0.0
14344,0.0
14356,0.0
14358,0.0
14359,0.0
14360,0.0
14363,0.0
14366,0.0
14368,0.0
14370,0.0
14374,0.0
14375,0.0
14376,0.0
14380,0.0
14384,0.0
14385,0.0
14386,0.0
14391,0.0
14396,0.0
14408,0.0
14418,0.0
14420,0.0
14430,0.0
14431,0.0
14433,0.0
14434,0.0
14443,0.0
14446,0.0
14449,0.0
14450,0.0
14453,0.0
14460,0.0
14464,0.0
14467,0.0
14470,0.0
14471,0.0
14473,0.0
14476,0.0
14477,0.0
14487,0.0
14490,0.0
14501,0.0
14506,0.0
14508,0.0
14510,0.0
14518,0.0
14521,0.0
14522,0.0
14528,0.0
14531,0.0
14538,0.0
14553,0.0
14563,0.0
14566,0.0
14567,0.0
14571,0.0
14573,0.0
14576,0.0
14586,0.0
14591,0.0
14592,0.0
14595,0.0
14596,0.0
14597,0.0
14599,0.0
14605,0.0
14611,0.0
14615,0.0
14620,0.0
14623,0.0
14630,0.0
14646,0.0
14648,0.0
14655,0.0
14659,0.0
14660,0.0
14671,0.0
14679,0.0
14688,0.0
14690,0.0
14692,0.0
14700,0.0
14704,0.0
14716,0.0
14717,0.0
14724,0.0
14725,0.0
14728,0.0
14729,0.0
14730,0.0
14737,0.0
14738,0.0
14740,0.0
14742,0.0
14749,0.0
14761,0.0
14764,0.0
14767,0.0
14770,0.0
14771,0.0
14774,0.0
14779,0.0
14780,0.0
14781,0.0
14782,0.0
14789,0.0
14795,0.0
14800,0.0
14801,0.0
14802,0.0
14807,0.0
14809,0.0
14829,0.0
14832,0.0
14847,0.0
14850,0.0
14855,0.0
14859,0.0
14877,0.0
14880,0.0
14885,0.0
14888,0.0
14889,0.0
14905,0.0
14921,0.0
14922,0.0
14926,0.0
14935,0.0
14937,0.0
14945,0.0
14956,0.0
14957,0.0
14962,0.0
14970,0.0
14982,0.0
14989,0.0
14990,0.0
15012,0.0
15014,0.0
15015,0.0
15021,0.0
15025,0.0
15031,0.0
15033,0.0
15035,0.0
15038,0.0
15050,0.0
15053,0.0
15069,0.0
15070,0.0
15074,0.0
15086,0.0
15104,0.0
15105,0.0
15112,0.0
15115,0.0
15117,0.0
15128,0.0
15131,0.0
15132,0.0
15139,0.0
15141,0.0
15145,0.0
15148,0.0
15151,0.0
15152,0.0
15174,0.0
15190,0.0
15196,0.0
15197,0.0
15210,0.0
15212,0.0
15216,0.0
15220,0.0
15221,0.0
15222,0.0
15223,0.0
15228,0.0
15229,0.0
15232,0.0
15240,0.0
15243,0.0
15246,0.0
15255,0.0
15258,0.0
15261,0.0
15279,0.0
15280,0.0
15281,0.0
15282,0.0
15287,0.0
15289,0.0
15291,0.0
15296,0.0
15300,0.0
15307,0.0
15308,0.0
15310,0.0
15315,0.0
15323,0.0
15328,0.0
15331,0.0
15335,0.0
15345,0.0
15353,0.0
15357,0.0
15360,0.0
15364,0.0
15366,0.0
15376,0.0
15378,0.0
15380,0.0
15383,0.0
15384,0.0
15389,0.0
15391,0.0
15393,0.0
15394,0.0
15397,0.0
15402,0.0
15404,0.0
15412,0.0
15424,0.0
15428,0.0
15431,0.0
15440,0.0
15452,0.0
15456,0.0
15461,0.0
15464,0.0
15466,0.0
15469,0.0
15478,0.0
15485,0.0
15486,0.0
15495,0.0
15499,0.0
15500,0.0
15503,0.0
15505,0.0
15512,0.0
15521,0.0
15523,0.0
15532,0.0
15535,0.0
15549,0.0
15555,0.0
15556,0.0
15557,0.0
15558,0.0
15559,0.0
15570,0.0
15572,0.0
15580,0.0
15597,0.0
15601,0.0
15603,0.0
15614,0.0
15618,0.0
15621,0.0
15622,0.0
15627,0.0
15628,0.0
15632,0.0
15638,0.0
15642,0.0
15645,0.0
15646,0.0
15647,0.0
15657,0.0
15665,0.0
15673,0.0
15674,0.0
15675,0.0
15678,0.0
15680,0.0
15686,0.0
15689,0.0
15696,0.0
15711,0.0
15713,0.0
15715,0.0
15724,0.0
15732,0.0
15742,0.0
15751,0.0
15754,0.0
15755,0.0
15773,0.0
15774,0.0
15776,0.0
15779,0.0
15789,0.0
15793,0.0
15797,0.0
15807,0.0
15808,0.0
15817,0.0
15821,0.0
15834,0.0
15836,0.0
15838,0.0
15839,0.0
15841,0.0
15853,0.0
15856,0.0
15861,0.0
15867,0.0
15868,0.0
15875,0.0
15889,0.0
15892,0.0
15897,0.0
15906,0.0
15910,0.0
15914,0.0
15918,0.0
15920,0.0
15921,0.0
15925,0.0
15927,0.0
15932,0.0
15939,0.0
15950,0.0
15955,0.0
15970,0.0
15972,0.0
15975,0.0
15977,0.0
15981,0.0
15982,0.0
15986,0.0
15992,0.0
15994,0.0
15999,0.0
16004,0.0
16013,0.0
16016,0.0
16018,0.0
16019,0.0
16024,0.0
16029,0.0
16032,0.0
16037,0.0
16041,0.0
16043,0.0
16046,0.0
16054,0.0
16057,0.0
16072,0.0
16073,0.0
16074,0.0
16083,0.0
16085,0.0
16087,0.0
16089,0.0
16094,0.0
16095,0.0
16099,0.0
16113,0.0
16114,0.0
16115,0.0
16116,0.0
16120,0.0
16126,0.0
16128,0.0
16131,0.0
16132,0.0
16138,0.0
16142,0.0
16143,0.0
16149,0.0
16150,0.0
16165,0.0
16167,0.0
16172,0.0
16173,0.0
16174,0.0
16180,0.0
16181,0.0
16187,0.0
16192,0.0
16194,0.0
16203,0.0
16204,0.0
16206,0.0
16210,0.0
16218,0.0
16219,0.0
16220,0.0
16225,0.0
16227,0.0
16229,0.0
16237,0.0
16255,0.0
16262,0.0
16266,0.0
16272,0.0
16282,0.0
16286,0.0
16292,0.0
16293,0.0
16297,0.0
16311,0.0
16320,0.0
16321,0.0
16322,0.0
16324,0.0
16329,0.0
16333,0.0
16335,0.0
16353,0.0
16355,0.0
16359,0.0
16362,0.0
16379,0.0
16384,0.0
16397,0.0
16399,0.0
16404,0.0
16405,0.0
16409,0.0
16416,0.0
16432,0.0
16445,0.0
16446,0.0
16447,0.0
16448,0.0
16450,0.0
16455,0.0
16461,0.0
16474,0.0
16486,0.0
16488,0.0
16499,0.0
16510,0.0
16514,0.0
16517,0.0
16522,0.0
16529,0.0
16539,0.0
16546,0.0
16553,0.0
16554,0.0
16558,0.0
16564,0.0
16565,0.0
16568,0.0
16572,0.0
16575,0.0
16577,0.0
16583,0.0
16585,0.0
16591,0.0
16603,0.0
16607,0.0
16619,0.0
16621,0.0
16623,0.0
16636,0.0
16639,0.0
16642,0.0
16645,0.0
16646,0.0
16653,0.0
16654,0.0
16662,0.0
16667,0.0
16672,0.0
16680,0.0
16683,0.0
16700,0.0
16706,0.0
16707,0.0
16713,0.0
16714,0.0
16715,0.0
16725,0.0
16734,0.0
16735,0.0
16738,0.0
16741,0.0
16743,0.0
16746,0.0
16750,0.0
16757,0.0
16761,0.0
16764,0.0
16770,0.0
16771,0.0
16777,0.0
16788,0.0
16789,0.0
16792,0.0
16799,0.0
16802,0.0
16804,0.0
16805,0.0
16807,0.0
16812,0.0
16819,0.0
16833,0.0
16839,0.0
16840,0.0
16841,0.0
16842,0.0
16846,0.0
16850,0.0
16853,0.0
16855,0.0
16858,0.0
16866,0.0
16871,0.0
16873,0.0
16881,0.0
16886,0.0
16893,0.0
16898,0.0
16899,0.0
16905,0.0
16908,0.0
16910,0.0
16912,0.0
16918,0.0
16919,0.0
16925,0.0
16938,0.0
16946,0.0
16947,0.0
16950,0.0
16953,0.0
16954,0.0
16958,0.0
16959,0.0
16964,0.0
16971,0.0
16973,0.0
16977,0.0
16982,0.0
16983,0.0
16988,0.0
16989,0.0
17000,0.0
17002,0.0
17004,0.0
17005,0.0
17008,0.0
17010,0.0
17015,0.0
17026,0.0
17027,0.0
17033,0.0
17035,0.0
17038,0.0
17047,0.0
17057,0.0
17062,0.0
17064,0.0
17067,0.0
17069,0.0
17079,0.0
17083,0.0
17089,0.0
17092,0.0
17094,0.0
17095,0.0
17100,0.0
17101,0.0
17107,0.0
17109,0.0
17113,0.0
17123,0.0
17129,0.0
17134,0.0
17135,0.0
17138,0.0
17141,0.0
17144,0.0
17152,0.0
17156,0.0
17163,0.0
17164,0.0
17165,0.0
17167,0.0
17168,0.0
17179,0.0
17180,0.0
17187,0.0
17209,0.0
17217,0.0
17222,0.0
17224,0.0
17239,0.0
17248,0.0
17249,0.0
17257,0.0
17258,0.0
17264,0.0
17271,0.0
17291,0.0
17293,0.0
17296,0.0
17297,0.0
17304,0.0
17318,0.0
17325,0.0
17333,0.0
17335,0.0
17358,0.0
17362,0.0
17365,0.0
17367,0.0
17375,0.0
17378,0.0
17391,0.0
17392,0.0
17395,0.0
17399,0.0
17415,0.0
17420,0.0
17423,0.0
17428,0.0
17430,0.0
17431,0.0
17439,0.0
17442,0.0
17450,0.0
17456,0.0
17468,0.0
17477,0.0
17481,0.0
17484,0.0
17488,0.0
17489,0.0
17490,0.0
17492,0.0
17499,0.0
17502,0.0
17509,0.0
17515,0.0
17518,0.0
17523,0.0
17527,0.0
17528,0.0
17533,0.0
17534,0.0
17535,0.0
17537,0.0
17538,0.0
17543,0.0
17548,0.0
17554,0.0
17559,0.0
17567,0.0
17570,0.0
17571,0.0
17598,0.0
17618,0.0
17622,0.0
17623,0.0
17629,0.0
17639,0.0
17644,0.0
17645,0.0
17649,0.0
17653,0.0
17657,0.0
17659,0.0
17662,0.0
17663,0.0
17685,0.0
17687,0.0
17692,0.0
17699,0.0
17705,0.0
17708,0.0
17712,0.0
17720,0.0
17723,0.0
17725,0.0
17743,0.0
17746,0.0
17761,0.0
17769,0.0
17771,0.0
17774,0.0
17776,0.0
17790,0.0
17794,0.0
17800,0.0
17801,0.0
17804,0.0
17810,0.0
17818,0.0
17820,0.0
17840,0.0
17842,0.0
17844,0.0
17849,0.0
17851,0.0
17855,0.0
17860,0.0
17871,0.0
17872,0.0
17881,0.0
17892,0.0
17897,0.0
17902,0.0
17905,0.0
17913,0.0
17917,0.0
17919,0.0
17921,0.0
17929,0.0
17934,0.0
17938,0.0
17939,0.0
17954,0.0
17957,0.0
17959,0.0
17966,0.0
17987,0.0
17991,0.0
17999,0.0
18004,0.0
18007,0.0
18011,0.0
18012,0.0
18015,0.0
18017,0.0
18023,0.0
18025,0.0
18028,0.0
18034,0.0
18035,0.0
18041,0.0
18044,0.0
18046,0.0
18049,0.0
18051,0.0
18052,0.0
18056,0.0
18061,0.0
18062,0.0
18063,0.0
18069,0.0
18070,0.0
18071,0.0
18072,0.0
18073,0.0
18075,0.0
18083,0.0
18084,0.0
18090,0.0
18097,0.0
18117,0.0
18119,0.0
18120,0.0
18121,0.0
18127,0.0
18136,0.0
18137,0.0
18139,0.0
18151,0.0
18162,0.0
18166,0.0
18171,0.0
18174,0.0
18175,0.0
18180,0.0
18189,0.0
18200,0.0
18202,0.0
18203,0.0
18222,0.0
18223,0.0
18254,0.0
18263,0.0
18280,0.0
18284,0.0
18287,0.0
18288,0.0
18290,0.0
18294,0.0
18297,0.0
18303,0.0
18311,0.0
18314,0.0
18317,0.0
18335,0.0
18342,0.0
18345,0.0
18348,0.0
18351,0.0
18353,0.0
18366,0.0
18369,0.0
18373,0.0
18375,0.0
18376,0.0
18382,0.0
18391,0.0
18398,0.0
18402,0.0
18406,0.0
18407,0.0
18411,0.0
18412,0.0
18413,0.0
18414,0.0
18415,0.0
18417,0.0
18419,0.0
18430,0.0
18442,0.0
18454,0.0
18461,0.0
18465,0.0
18471,0.0
18474,0.0
18481,0.0
18482,0.0
18490,0.0
18495,0.0
18496,0.0
18512,0.0
18513,0.0
18514,0.0
18523,0.0
18525,0.0
18537,0.0
18541,0.0
18548,0.0
18550,0.0
18551,0.0
18555,0.0
18559,0.0
18565,0.0
18583,0.0
18595,0.0
18606,0.0
18608,0.0
18610,0.0
18617,0.0
18624,0.0
18628,0.0
18630,0.0
18638,0.0
18639,0.0
18640,0.0
18641,0.0
18644,0.0
18652,0.0
18656,0.0
18659,0.0
18661,0.0
18667,0.0
18668,0.0
18669,0.0
18671,0.0
18673,0.0
18676,0.0
18677,0.0
18696,0.0
18701,0.0
18707,0.0
18708,0.0
18710,0.0
18712,0.0
18713,0.0
18719,0.0
18720,0.0
18722,0.0
18723,0.0
18730,0.0
18731,0.0
18733,0.0
18735,0.0
18738,0.0
18743,0.0
18745,0.0
18764,0.0
18769,0.0
18778,0.0
18779,0.0
18784,0.0
18787,0.0
18788,0.0
18793,0.0
18797,0.0
18798,0.0
18799,0.0
18801,0.0
18805,0.0
18806,0.0
18809,0.0
18811,0.0
18820,0.0
18823,0.0
18827,0.0
18828,0.0
18830,0.0
18833,0.0
18835,0.0
18838,0.0
18840,0.0
18841,0.0
18842,0.0
18845,0.0
18848,0.0
18850,0.0
18857,0.0
18874,0.0
18875,0.0
18877,0.0
18884,0.0
18888,0.0
18902,0.0
18906,0.0
18912,0.0
18917,0.0
18919,0.0
18931,0.0
18937,0.0
18943,0.0
18945,0.0
18950,0.0
18952,0.0
18955,0.0
18957,0.0
18959,0.0
18975,0.0
18980,0.0
18981,0.0
18986,0.0
18992,0.0
18994,0.0
18999,0.0
19021,0.0
19023,0.0
19030,0.0
19032,0.0
19038,0.0
19052,0.0
19053,0.0
19055,0.0
19059,0.0
19061,0.0
19062,0.0
19076,0.0
19079,0.0
19083,0.0
19084,0.0
19087,0.0
19100,0.0
19108,0.0
19119,0.0
19123,0.0
19124,0.0
19126,0.0
19128,0.0
19138,0.0
19139,0.0
19140,0.0
19147,0.0
19149,0.0
19154,0.0
19164,0.0
19171,0.0
19180,0.0
19182,0.0
19183,0.0
19184,0.0
19186,0.0
19191,0.0
19195,0.0
19202,0.0
19206,0.0
19207,0.0
19209,0.0
19216,0.0
19221,0.0
19223,0.0
19238,0.0
19239,0.0
19244,0.0
19245,0.0
19246,0.0
19248,0.0
19250,0.0
19256,0.0
19261,0.0
19264,0.0
19265,0.0
19271,0.0
19276,0.0
19281,0.0
19288,0.0
19291,0.0
19292,0.0
19293,0.0
19294,0.0
19299,0.0
19302,0.0
19308,0.0
19310,0.0
19315,0.0
19317,0.0
19318,0.0
19319,0.0
19321,0.0
19325,0.0
19331,0.0
19333,0.0
19335,0.0
19340,0.0
19342,0.0
19349,0.0
19354,0.0
19355,0.0
19357,0.0
19361,0.0
19366,0.0
19382,0.0
19384,0.0
19385,0.0
19390,0.0
19394,0.0
19417,0.0
19420,0.0
19422,0.0
19430,0.0
19439,0.0
19446,0.0
19464,0.0
19466,0.0
19471,0.0
19479,0.0
19483,0.0
19486,0.0
19490,0.0
19491,0.0
19492,0.0
19496,0.0
19497,0.0
19506,0.0
19507,0.0
19508,0.0
19512,0.0
19516,0.0
19520,0.0
19528,0.0
19533,0.0
19540,0.0
19544,0.0
19548,0.0
19552,0.0
19554,0.0
19565,0.0
19571,0.0
19572,0.0
19586,0.0
19587,0.0
19596,0.0
19604,0.0
19606,0.0
19623,0.0
19632,0.0
19641,0.0
19645,0.0
19647,0.0
19657,0.0
19658,0.0
19660,0.0
19669,0.0
19670,0.0
19679,0.0
19680,0.0
19683,0.0
19688,0.0
19704,0.0
19717,0.0
19718,0.0
19744,0.0
19746,0.0
19748,0.0
19750,0.0
19754,0.0
19761,0.0
19762,0.0
19770,0.0
19771,0.0
19773,0.0
19788,0.0
19795,0.0
19798,0.0
19800,0.0
19811,0.0
19812,0.0
19817,0.0
19819,0.0
19822,0.0
19828,0.0
19830,0.0
19833,0.0
19839,0.0
19840,0.0
19843,0.0
19857,0.0
19858,0.0
19861,0.0
19863,0.0
19880,0.0
19886,0.0
19889,0.0
19898,0.0
19908,0.0
19915,0.0
19918,0.0
19919,0.0
19926,0.0
19928,0.0
19929,0.0
19937,0.0
19942,0.0
19943,0.0
19951,0.0
19955,0.0
19957,0.0
19963,0.0
19971,0.0
19973,0.0
19975,0.0
19980,0.0
19982,0.0
19985,0.0
19989,0.0
19994,0.0
19995,0.0
20006,0.0
20015,0.0
20017,0.0
20035,0.0
20038,0.0
20045,0.0
20049,0.0
20055,0.0
20058,0.0
20064,0.0
20098,0.0
20100,0.0
20106,0.0
20107,0.0
20110,0.0
20111,0.0
20121,0.0
20122,0.0
20132,0.0
20140,0.0
20146,0.0
20149,0.0
20161,0.0
20167,0.0
20169,0.0
20170,0.0
20176,0.0
20180,0.0
20182,0.0
20183,0.0
20195,0.0
20199,0.0
20204,0.0
20214,0.0
20219,0.0
20221,0.0
20223,0.0
20229,0.0
20232,0.0
20237,0.0
20238,0.0
20242,0.0
20248,0.0
20250,0.0
20252,0.0
20257,0.0
20260,0.0
20261,0.0
20263,0.0
20271,0.0
20273,0.0
20278,0.0
20281,0.0
20285,0.0
20286,0.0
20289,0.0
20291,0.0
20293,0.0
20298,0.0
20300,0.0
20309,0.0
20313,0.0
20319,0.0
20323,0.0
20334,0.0
20339,0.0
20340,0.0
20344,0.0
20348,0.0
20354,0.0
20355,0.0
20357,0.0
20360,0.0
20363,0.0
20366,0.0
20377,0.0
20379,0.0
20386,0.0
20388,0.0
20393,0.0
20398,0.0
20402,0.0
20406,0.0
20417,0.0
20418,0.0
20421,0.0
20424,0.0
20430,0.0
20433,0.0
20437,0.0
20449,0.0
20450,0.0
20451,0.0
20464,0.0
20467,0.0
20475,0.0
20480,0.0
20482,0.0
20484,0.0
20490,0.0
20495,0.0
20512,0.0
20517,0.0
20518,0.0
20524,0.0
20526,0.0
20527,0.0
20528,0.0
20542,0.0
20548,0.0
20549,0.0
20574,0.0
20580,0.0
20585,0.0
20588,0.0
20591,0.0
20598,0.0
20599,0.0
20600,0.0
20602,0.0
20608,0.0
20612,0.0
20617,0.0
20621,0.0
20626,0.0
20627,0.0
20628,0.0
20629,0.0
20630,0.0
20632,0.0
20636,0.0
20638,0.0
20645,0.0
20655,0.0
20664,0.0
20665,0.0
20666,0.0
20674,0.0
20688,0.0
20691,0.0
20692,0.0
20693,0.0
20698,0.0
20700,0.0
20703,0.0
20705,0.0
20709,0.0
20718,0.0
20720,0.0
20722,0.0
20725,0.0
20728,0.0
20730,0.0
20740,0.0
20743,0.0
20745,0.0
20750,0.0
20757,0.0
20758,0.0
20766,0.0
20767,0.0
20774,0.0
20775,0.0
20779,0.0
20780,0.0
20789,0.0
20796,0.0
20801,0.0
20806,0.0
20809,0.0
20820,0.0
20822,0.0
20826,0.0
20829,0.0
20830,0.0
20832,0.0
20841,0.0
20843,0.0
20844,0.0
20845,0.0
20846,0.0
20853,0.0
20854,0.0
20858,0.0
20863,0.0
20866,0.0
20867,0.0
20868,0.0
20876,0.0
20878,0.0
20884,0.0
20886,0.0
20888,0.0
20890,0.0
20893,0.0
20896,0.0
20900,0.0
20904,0.0
20905,0.0
20911,0.0
20920,0.0
20924,0.0
20925,0.0
20940,0.0
20942,0.0
20946,0.0
20950,0.0
20951,0.0
20955,0.0
20957,0.0
20960,0.0
20962,0.0
20964,0.0
20970,0.0
20973,0.0
20977,0.0
20980,0.0
20981,0.0
20984,0.0
20986,0.0
20996,0.0
21006,0.0
21012,0.0
21019,0.0
21024,0.0
21025,0.0
21031,0.0
21042,0.0
21043,0.0
21044,0.0
21048,0.0
21056,0.0
21058,0.0
21080,0.0
21083,0.0
21086,0.0
21087,0.0
21094,0.0
21110,0.0
21117,0.0
21124,0.0
21125,0.0
21130,0.0
21136,0.0
21148,0.0
21151,0.0
21158,0.0
21168,0.0
21170,0.0
21174,0.0
21181,0.0
21189,0.0
21194,0.0
21196,0.0
21202,0.0
21213,0.0
21217,0.0
21218,0.0
21219,0.0
21222,0.0
21225,0.0
21240,0.0
21245,0.0
21246,0.0
21259,0.0
21262,0.0
21263,0.0
21268,0.0
21283,0.0
21285,0.0
21290,0.0
21294,0.0
21301,0.0
21302,0.0
21308,0.0
21309,0.0
21311,0.0
21312,0.0
21323,0.0
21326,0.0
21327,0.0
21329,0.0
21346,0.0
21347,0.0
21348,0.0
21352,0.0
21359,0.0
21371,0.0
21379,0.0
21386,0.0
21392,0.0
21393,0.0
21394,0.0
21398,0.0
21405,0.0
21406,0.0
21408,0.0
21410,0.0
21417,0.0
21430,0.0
21431,0.0
21437,0.0
21446,0.0
21448,0.0
21450,0.0
21453,0.0
21465,0.0
21473,0.0
21484,0.0
21485,0.0
21493,0.0
21497,0.0
21499,0.0
21502,0.0
21504,0.0
21506,0.0
21511,0.0
21519,0.0
21521,0.0
21527,0.0
21533,0.0
21535,0.0
21539,0.0
21542,0.0
21544,0.0
21545,0.0
21547,0.0
21558,0.0
21569,0.0
21574,0.0
21580,0.0
21595,0.0
21596,0.0
21597,0.0
21598,0.0
21600,0.0
21601,0.0
21605,0.0
21607,0.0
21611,0.0
21613,0.0
21622,0.0
21626,0.0
21627,0.0
21629,0.0
21630,0.0
21638,0.0
21640,0.0
21645,0.0
21646,0.0
21648,0.0
21658,0.0
21665,0.0
21666,0.0
21675,0.0
21681,0.0
21687,0.0
21690,0.0
21695,0.0
21697,0.0
21699,0.0
21701,0.0
21702,0.0
21706,0.0
21709,0.0
21712,0.0
21727,0.0
21730,0.0
21731,0.0
21733,0.0
21745,0.0
21756,0.0
21760,0.0
21765,0.0
21766,0.0
21771,0.0
21776,0.0
21781,0.0
21782,0.0
21783,0.0
21793,0.0
21794,0.0
21797,0.0
21803,0.0
21818,0.0
21819,0.0
21833,0.0
21835,0.0
21841,0.0
21845,0.0
21855,0.0
21863,0.0
21865,0.0
21878,0.0
21882,0.0
21888,0.0
21890,0.0
21892,0.0
21893,0.0
21902,0.0
21912,0.0
21917,0.0
21921,0.0
21927,0.0
21931,0.0
21939,0.0
21941,0.0
21946,0.0
21951,0.0
21953,0.0
21956,0.0
21959,0.0
21964,0.0
21965,0.0
21968,0.0
21972,0.0
21973,0.0
21975,0.0
21978,0.0
21985,0.0
21986,0.0
22007,0.0
22010,0.0
22018,0.0
22023,0.0
22029,0.0
22033,0.0
22034,0.0
22048,0.0
22050,0.0
22053,0.0
22057,0.0
22067,0.0
22068,0.0
22071,0.0
22074,0.0
22078,0.0
22080,0.0
22087,0.0
22094,0.0
22101,0.0
22111,0.0
22113,0.0
22114,0.0
22115,0.0
22116,0.0
22118,0.0
22119,0.0
22120,0.0
22122,0.0
22127,0.0
22130,0.0
22139,0.0
22143,0.0
22144,0.0
22152,0.0
22154,0.0
22165,0.0
22178,0.0
22180,0.0
22184,0.0
22188,0.0
22203,0.0
22214,0.0
22215,0.0
22219,0.0
22226,0.0
22233,0.0
22236,0.0
22237,0.0
22240,0.0
22242,0.0
22247,0.0
22248,0.0
22250,0.0
22260,0.0
22267,0.0
22270,0.0
22273,0.0
22274,0.0
22277,0.0
22282,0.0
22284,0.0
22285,0.0
22286,0.0
22288,0.0
22291,0.0
22299,0.0
22306,0.0
22308,0.0
22314,0.0
22321,0.0
22329,0.0
22330,0.0
22334,0.0
22335,0.0
22336,0.0
22338,0.0
22339,0.0
22351,0.0
22352,0.0
22353,0.0
22358,0.0
22362,0.0
22368,0.0
22371,0.0
22373,0.0
22374,0.0
22375,0.0
22378,0.0
22379,0.0
22383,0.0
22388,0.0
22396,0.0
22398,0.0
22412,0.0
22414,0.0
22416,0.0
22421,0.0
22435,0.0
22437,0.0
22439,0.0
22444,0.0
22448,0.0
22453,0.0
22457,0.0
22459,0.0
22461,0.0
22462,0.0
22464,0.0
22467,0.0
22472,0.0
22474,0.0
22486,0.0
22489,0.0
22492,0.0
22496,0.0
22497,0.0
22498,0.0
22503,0.0
22512,0.0
22513,0.0
22515,0.0
22532,0.0
22538,0.0
22540,0.0
22543,0.0
22544,0.0
22545,0.0
22546,0.0
22554,0.0
22560,0.0
22562,0.0
22571,0.0
22589,0.0
22591,0.0
22596,0.0
22597,0.0
22601,0.0
22605,0.0
22606,0.0
22607,0.0
22616,0.0
22621,0.0
22630,0.0
22631,0.0
22632,0.0
22633,0.0
22646,0.0
22653,0.0
22660,0.0
22664,0.0
22667,0.0
22670,0.0
22680,0.0
22682,0.0
22685,0.0
22691,0.0
22693,0.0
22695,0.0
22697,0.0
22699,0.0
22703,0.0
22712,0.0
22713,0.0
22725,0.0
22739,0.0
22746,0.0
22751,0.0
22752,0.0
22754,0.0
22757,0.0
22761,0.0
22762,0.0
22763,0.0
22764,0.0
22772,0.0
22774,0.0
22775,0.0
22787,0.0
22789,0.0
22794,0.0
22795,0.0
22801,0.0
22804,0.0
22819,0.0
22825,0.0
22827,0.0
22840,0.0
22841,0.0
22843,0.0
22844,0.0
22846,0.0
22868,0.0
22879,0.0
22883,0.0
22884,0.0
22902,0.0
22903,0.0
22905,0.0
22907,0.0
22916,0.0
22917,0.0
22920,0.0
22921,0.0
22932,0.0
22933,0.0
22935,0.0
22945,0.0
22949,0.0
22961,0.0
22966,0.0
22971,0.0
22975,0.0
22976,0.0
22981,0.0
22982,0.0
22989,0.0
22996,0.0
22997,0.0
23007,0.0
23009,0.0
23010,0.0
23039,0.0
23040,0.0
23043,0.0
23049,0.0
23056,0.0
23068,0.0
23082,0.0
23088,0.0
23093,0.0
23106,0.0
23112,0.0
23113,0.0
23114,0.0
23129,0.0
23130,0.0
23134,0.0
23137,0.0
23139,0.0
23143,0.0
23144,0.0
23148,0.0
23155,0.0
23160,0.0
23162,0.0
23165,0.0
23167,0.0
23174,0.0
23186,0.0
23202,0.0
23207,0.0
23225,0.0
23234,0.0
23243,0.0
23245,0.0
23248,0.0
23250,0.0
23252,0.0
23255,0.0
23260,0.0
23269,0.0
23282,0.0
23284,0.0
23288,0.0
23290,0.0
23293,0.0
23294,0.0
23303,0.0
23306,0.0
23315,0.0
23326,0.0
23334,0.0
23335,0.0
23337,0.0
23342,0.0
23355,0.0
23358,0.0
23359,0.0
23363,0.0
23364,0.0
23371,0.0
23380,0.0
23382,0.0
23383,0.0
23384,0.0
23387,0.0
23393,0.0
23403,0.0
23412,0.0
23413,0.0
23416,0.0
23417,0.0
23424,0.0
23425,0.0
23430,0.0
23440,0.0
23441,0.0
23442,0.0
23443,0.0
23444,0.0
23448,0.0
23451,0.0
23453,0.0
23457,0.0
23460,0.0
23468,0.0
23472,0.0
23475,0.0
23483,0.0
23491,0.0
23492,0.0
23494,0.0
23498,0.0
23501,0.0
23506,0.0
23519,0.0
23521,0.0
23522,0.0
23531,0.0
23533,0.0
23537,0.0
23540,0.0
23543,0.0
23544,0.0
23547,0.0
23548,0.0
23550,0.0
23560,0.0
23561,0.0
23563,0.0
23566,0.0
23572,0.0
23574,0.0
23575,0.0
23581,0.0
23587,0.0
23588,0.0
23603,0.0
23606,0.0
23615,0.0
23619,0.0
23620,0.0
23627,0.0
23634,0.0
23636,0.0
23644,0.0
23650,0.0
23655,0.0
23663,0.0
23665,0.0
23673,0.0
23678,0.0
23680,0.0
23681,0.0
23693,0.0
23698,0.0
23700,0.0
23702,0.0
23704,0.0
23705,0.0
23707,0.0
23711,0.0
23715,0.0
23723,0.0
23730,0.0
23736,0.0
23739,0.0
23747,0.0
23748,0.0
23750,0.0
23752,0.0
23762,0.0
23766,0.0
23768,0.0
23782,0.0
23785,0.0
23795,0.0
23815,0.0
23819,0.0
23822,0.0
23825,0.0
23829,0.0
23838,0.0
23840,0.0
23842,0.0
23843,0.0
23847,0.0
23848,0.0
23853,0.0
23855,0.0
23856,0.0
23857,0.0
23871,0.0
23883,0.0
23885,0.0
23890,0.0
23899,0.0
23901,0.0
23910,0.0
23911,0.0
23923,0.0
23929,0.0
23941,0.0
23949,0.0
23950,0.0
23964,0.0
23970,0.0
23975,0.0
23977,0.0
23979,0.0
23993,0.0
23995,0.0
24003,0.0
24004,0.0
24011,0.0
24014,0.0
24022,0.0
24026,0.0
24029,0.0
24030,0.0
24039,0.0
24042,0.0
24055,0.0
24068,0.0
24070,0.0
24080,0.0
24084,0.0
24097,0.0
24106,0.0
24113,0.0
24118,0.0
24129,0.0
24131,0.0
24141,0.0
24158,0.0
24160,0.0
24161,0.0
24166,0.0
24168,0.0
24175,0.0
24177,0.0
24178,0.0
24185,0.0
24188,0.0
24194,0.0
24199,0.0
24202,0.0
24211,0.0
24214,0.0
24218,0.0
24219,0.0
24221,0.0
24223,0.0
24235,0.0
24238,0.0
24251,0.0
24253,0.0
24254,0.0
24258,0.0
24264,0.0
24266,0.0
24299,0.0
24300,0.0
24302,0.0
24325,0.0
24346,0.0
24355,0.0
24360,0.0
24362,0.0
24370,0.0
24374,0.0
24381,0.0
24387,0.0
24388,0.0
24389,0.0
24390,0.0
24399,0.0
24400,0.0
24403,0.0
24404,0.0
24405,0.0
24406,0.0
24407,0.0
24412,0.0
24418,0.0
24420,0.0
24421,0.0
24427,0.0
24445,0.0
24471,0.0
24472,0.0
24474,0.0
24477,0.0
24480,0.0
24484,0.0
24485,0.0
24487,0.0
24489,0.0
24497,0.0
24501,0.0
24503,0.0
24504,0.0
24507,0.0
24508,0.0
24517,0.0
24518,0.0
24519,0.0
24520,0.0
24522,0.0
24523,0.0
24524,0.0
24529,0.0
24531,0.0
24541,0.0
24548,0.0
24558,0.0
24561,0.0
24564,0.0
24567,0.0
24568,0.0
24575,0.0
24577,0.0
24583,0.0
24589,0.0
24592,0.0
24603,0.0
24604,0.0
24609,0.0
24621,0.0
24623,0.0
24628,0.0
24631,0.0
24638,0.0
24639,0.0
24645,0.0
24656,0.0
24661,0.0
24663,0.0
24669,0.0
24681,0.0
24682,0.0
24687,0.0
24689,0.0
24698,0.0
24701,0.0
24702,0.0
24717,0.0
24724,0.0
24727,0.0
24728,0.0
24734,0.0
24738,0.0
24749,0.0
24759,0.0
24765,0.0
24769,0.0
24796,0.0
24797,0.0
24799,0.0
24801,0.0
24802,0.0
24803,0.0
24809,0.0
24814,0.0
24815,0.0
24828,0.0
24832,0.0
24839,0.0
24842,0.0
24846,0.0
24850,0.0
24851,0.0
24856,0.0
24867,0.0
24869,0.0
24871,0.0
24876,0.0
24888,0.0
24904,0.0
24906,0.0
24917,0.0
24920,0.0
24923,0.0
24935,0.0
24937,0.0
24943,0.0
24945,0.0
24947,0.0
24949,0.0
24951,0.0
24957,0.0
24963,0.0
24972,0.0
24974,0.0
24985,0.0
24988,0.0
24989,0.0
24992,0.0
24997,0.0
24999,0.0
25003,0.0
25010,0.0
25016,0.0
25018,0.0
25019,0.0
25027,0.0
25033,0.0
25039,0.0
25040,0.0
25054,0.0
25056,0.0
25067,0.0
25068,0.0
25072,0.0
25074,0.0
25076,0.0
25080,0.0
25081,0.0
25086,0.0
25091,0.0
25097,0.0
25099,0.0
25101,0.0
25105,0.0
25108,0.0
25121,0.0
25122,0.0
25123,0.0
25125,0.0
25126,0.0
25131,0.0
25137,0.0
25139,0.0
25143,0.0
25147,0.0
25152,0.0
25153,0.0
25155,0.0
25158,0.0
25165,0.0
25168,0.0
25175,0.0
25176,0.0
25177,0.0
25180,0.0
25190,0.0
25191,0.0
25198,0.0
25220,0.0
25221,0.0
25223,0.0
25225,0.0
25234,0.0
25241,0.0
25251,0.0
25255,0.0
25257,0.0
25275,0.0
25296,0.0
25302,0.0
25307,0.0
25310,0.0
25313,0.0
25333,0.0
25339,0.0
25341,0.0
25343,0.0
25351,0.0
25353,0.0
25363,0.0
25366,0.0
25369,0.0
25375,0.0
25376,0.0
25377,0.0
25381,0.0
25389,0.0
25393,0.0
25398,0.0
25399,0.0
25407,0.0
25412,0.0
25417,0.0
25419,0.0
25420,0.0
25421,0.0
25422,0.0
25424,0.0
25444,0.0
25446,0.0
25449,0.0
25456,0.0
25457,0.0
25465,0.0
25472,0.0
25475,0.0
25477,0.0
25485,0.0
25492,0.0
25498,0.0
25502,0.0
25509,0.0
25516,0.0
25519,0.0
25524,0.0
25527,0.0
25547,0.0
25552,0.0
25553,0.0
25579,0.0
25581,0.0
25585,0.0
25590,0.0
25594,0.0
25597,0.0
25606,0.0
25620,0.0
25635,0.0
25636,0.0
25637,0.0
25645,0.0
25646,0.0
25648,0.0
25653,0.0
25655,0.0
25656,0.0
25662,0.0
25664,0.0
25675,0.0
25679,0.0
25690,0.0
25692,0.0
25702,0.0
25715,0.0
25723,0.0
25739,0.0
25741,0.0
25748,0.0
25750,0.0
25752,0.0
25756,0.0
25760,0.0
25764,0.0
25767,0.0
25771,0.0
25774,0.0
25776,0.0
25783,0.0
25785,0.0
25788,0.0
25790,0.0
25799,0.0
25800,0.0
25806,0.0
25809,0.0
25811,0.0
25814,0.0
25832,0.0
25840,0.0
25842,0.0
25848,0.0
25858,0.0
25859,0.0
25862,0.0
25867,0.0
25869,0.0
25872,0.0
25873,0.0
25890,0.0
25895,0.0
25897,0.0
25902,0.0
25906,0.0
25914,0.0
25915,0.0
25918,0.0
25921,0.0
25929,0.0
25942,0.0
25943,0.0
25945,0.0
25947,0.0
25958,0.0
25960,0.0
25961,0.0
25965,0.0
25969,0.0
25971,0.0
25975,0.0
25977,0.0
25983,0.0
25984,0.0
25988,0.0
25990,0.0
25993,0.0
25996,0.0
26011,0.0
26017,0.0
26029,0.0
26031,0.0
26035,0.0
26058,0.0
26063,0.0
26064,0.0
26066,0.0
26069,0.0
26071,0.0
26074,0.0
26079,0.0
26083,0.0
26087,0.0
26088,0.0
26093,0.0
26097,0.0
26101,0.0
26110,0.0
26111,0.0
26132,0.0
26143,0.0
26150,0.0
26158,0.0
26166,0.0
26188,0.0
26192,0.0
26195,0.0
26198,0.0
26207,0.0
26226,0.0
26230,0.0
26232,0.0
26233,0.0
26234,0.0
26235,0.0
26237,0.0
26239,0.0
26246,0.0
26252,0.0
26256,0.0
26261,0.0
26269,0.0
26277,0.0
26280,0.0
26285,0.0
26301,0.0
26307,0.0
26312,0.0
26314,0.0
26315,0.0
26319,0.0
26324,0.0
26335,0.0
26336,0.0
26339,0.0
26341,0.0
26342,0.0
26347,0.0
26348,0.0
26354,0.0
26365,0.0
26366,0.0
26369,0.0
26377,0.0
26378,0.0
26388,0.0
26390,0.0
26391,0.0
26405,0.0
26412,0.0
26419,0.0
26424,0.0
26427,0.0
26434,0.0
26436,0.0
26440,0.0
26444,0.0
26445,0.0
26449,0.0
26452,0.0
26462,0.0
26467,0.0
26470,0.0
26473,0.0
26477,0.0
26480,0.0
26486,0.0
26494,0.0
26498,0.0
26499,0.0
26504,0.0
26517,0.0
26518,0.0
26526,0.0
26527,0.0
26537,0.0
26542,0.0
26546,0.0
26548,0.0
26556,0.0
26563,0.0
26565,0.0
26571,0.0
26574,0.0
26576,0.0
26584,0.0
26587,0.0
26588,0.0
26590,0.0
26598,0.0
26600,0.0
26602,0.0
26604,0.0
26620,0.0
26622,0.0
26626,0.0
26634,0.0
26635,0.0
26642,0.0
26643,0.0
26646,0.0
26647,0.0
26653,0.0
26658,0.0
26660,0.0
26666,0.0
26672,0.0
26674,0.0
26686,0.0
26689,0.0
26692,0.0
26711,0.0
26720,0.0
26721,0.0
26724,0.0
26729,0.0
26733,0.0
26736,0.0
26747,0.0
26762,0.0
26763,0.0
26772,0.0
26777,0.0
26798,0.0
26801,0.0
26802,0.0
26804,0.0
26805,0.0
26814,0.0
26822,0.0
26824,0.0
26828,0.0
26830,0.0
26831,0.0
26842,0.0
26846,0.0
26847,0.0
26864,0.0
26865,0.0
26869,0.0
26873,0.0
26891,0.0
26908,0.0
26909,0.0
26910,0.0
26911,0.0
26918,0.0
26920,0.0
26930,0.0
26937,0.0
26939,0.0
26955,0.0
26960,0.0
26966,0.0
26967,0.0
26977,0.0
26979,0.0
26985,0.0
26989,0.0
26992,0.0
26997,0.0
27000,0.0
27002,0.0
27006,0.0
27008,0.0
27014,0.0
27017,0.0
27019,0.0
27025,0.0
27026,0.0
27028,0.0
27030,0.0
27039,0.0
27049,0.0
27070,0.0
27080,0.0
27081,0.0
27089,0.0
27090,0.0
27092,0.0
27098,0.0
27103,0.0
27110,0.0
27111,0.0
27112,0.0
27114,0.0
27116,0.0
27117,0.0
27118,0.0
27119,0.0
27128,0.0
27132,0.0
27135,0.0
27146,0.0
27148,0.0
27157,0.0
27158,0.0
27164,0.0
27165,0.0
27173,0.0
27176,0.0
27179,0.0
27180,0.0
27187,0.0
27189,0.0
27192,0.0
27206,0.0
27215,0.0
27219,0.0
27228,0.0
27229,0.0
27236,0.0
27241,0.0
27243,0.0
27246,0.0
27255,0.0
27272,0.0
27278,0.0
27282,0.0
27285,0.0
27288,0.0
27291,0.0
27292,0.0
27298,0.0
27302,0.0
27304,0.0
27305,0.0
27306,0.0
27307,0.0
27308,0.0
27309,0.0
27316,0.0
27322,0.0
27327,0.0
27329,0.0
27332,0.0
27333,0.0
27343,0.0
27364,0.0
27367,0.0
27378,0.0
27380,0.0
27384,0.0
27391,0.0
27392,0.0
27393,0.0
27397,0.0
27400,0.0
27405,0.0
27419,0.0
27436,0.0
27439,0.0
27442,0.0
27446,0.0
27452,0.0
27459,0.0
27470,0.0
27471,0.0
27479,0.0
27491,0.0
27495,0.0
27498,0.0
27499,0.0
27500,0.0
27502,0.0
27509,0.0
27513,0.0
27517,0.0
27521,0.0
27525,0.0
27532,0.0
27534,0.0
27536,0.0
27563,0.0
27569,0.0
27576,0.0
27580,0.0
27583,0.0
27586,0.0
27588,0.0
27589,0.0
27590,0.0
27597,0.0
27598,0.0
27604,0.0
27611,0.0
27632,0.0
27638,0.0
27639,0.0
27658,0.0
27671,0.0
27674,0.0
27683,0.0
27691,0.0
27696,0.0
27701,0.0
27702,0.0
27716,0.0
27724,0.0
27732,0.0
27740,0.0
27742,0.0
27743,0.0
27747,0.0
27748,0.0
27752,0.0
27753,0.0
27758,0.0
27773,0.0
27777,0.0
27782,0.0
27783,0.0
27791,0.0
27795,0.0
27796,0.0
27798,0.0
27812,0.0
27813,0.0
27820,0.0
27823,0.0
27825,0.0
27833,0.0
27834,0.0
27840,0.0
27841,0.0
27854,0.0
27855,0.0
27861,0.0
27862,0.0
27869,0.0
27873,0.0
27874,0.0
27876,0.0
27882,0.0
27899,0.0
27903,0.0
27909,0.0
27914,0.0
27922,0.0
27924,0.0
27928,0.0
27933,0.0
27935,0.0
27936,0.0
27945,0.0
27969,0.0
27973,0.0
27975,0.0
27976,0.0
27979,0.0
27987,0.0
27989,0.0
27994,0.0
27996,0.0
28007,0.0
28013,0.0
28014,0.0
28018,0.0
28021,0.0
28024,0.0
28025,0.0
28029,0.0
28030,0.0
28039,0.0
28057,0.0
28064,0.0
28071,0.0
28072,0.0
28079,0.0
28087,0.0
28088,0.0
28092,0.0
28110,0.0
28113,0.0
28117,0.0
28121,0.0
28127,0.0
28133,0.0
28146,0.0
28149,0.0
28161,0.0
28164,0.0
28167,0.0
28168,0.0
28172,0.0
28173,0.0
28176,0.0
28181,0.0
28182,0.0
28192,0.0
28199,0.0
28205,0.0
28209,0.0
28236,0.0
28240,0.0
28244,0.0
28245,0.0
28251,0.0
28262,0.0
28269,0.0
28285,0.0
28288,0.0
28301,0.0
28304,0.0
28305,0.0
28321,0.0
28324,0.0
28326,0.0
28330,0.0
28331,0.0
28343,0.0
28347,0.0
28350,0.0
28354,0.0
28359,0.0
28362,0.0
28376,0.0
28377,0.0
28379,0.0
28380,0.0
28383,0.0
28392,0.0
28397,0.0
28406,0.0
28409,0.0
28410,0.0
28412,0.0
28420,0.0
28433,0.0
28435,0.0
28440,0.0
28441,0.0
28444,0.0
28446,0.0
28447,0.0
28455,0.0
28464,0.0
28467,0.0
28468,0.0
28481,0.0
28490,0.0
28503,0.0
28512,0.0
28532,0.0
28542,0.0
28546,0.0
28549,0.0
28550,0.0
28565,0.0
28566,0.0
28575,0.0
28577,0.0
28582,0.0
28583,0.0
28590,0.0
28593,0.0
28598,0.0
28599,0.0
28604,0.0
28605,0.0
28611,0.0
28613,0.0
28617,0.0
28622,0.0
28624,0.0
28628,0.0
28635,0.0
28638,0.0
28641,0.0
28642,0.0
28646,0.0
28654,0.0
28657,0.0
28660,0.0
28662,0.0
28667,0.0
28674,0.0
28678,0.0
28697,0.0
28698,0.0
28699,0.0
28702,0.0
28707,0.0
28710,0.0
28717,0.0
28723,0.0
28737,0.0
28743,0.0
28752,0.0
28762,0.0
28770,0.0
28775,0.0
28778,0.0
28779,0.0
28781,0.0
28787,0.0
28789,0.0
28797,0.0
28804,0.0
28807,0.0
28808,0.0
28809,0.0
28813,0.0
28814,0.0
28821,0.0
28827,0.0
28837,0.0
28843,0.0
28846,0.0
28867,0.0
28868,0.0
28869,0.0
28870,0.0
28882,0.0
28883,0.0
28886,0.0
28888,0.0
28906,0.0
28907,0.0
28913,0.0
28928,0.0
28949,0.0
28956,0.0
28963,0.0
28967,0.0
28969,0.0
28973,0.0
28979,0.0
28985,0.0
28986,0.0
28991,0.0
28997,0.0
28999,0.0
29010,0.0
29011,0.0
29026,0.0
29043,0.0
29053,0.0
29059,0.0
29067,0.0
29069,0.0
29079,0.0
29082,0.0
29086,0.0
29090,0.0
29091,0.0
29093,0.0
29096,0.0
29101,0.0
29102,0.0
29104,0.0
29120,0.0
29123,0.0
29125,0.0
29130,0.0
29131,0.0
29132,0.0
29133,0.0
29134,0.0
29136,0.0
29140,0.0
29142,0.0
29145,0.0
29147,0.0
29150,0.0
29157,0.0
29160,0.0
29161,0.0
29173,0.0
29181,0.0
29193,0.0
29196,0.0
29201,0.0
29211,0.0
29212,0.0
29213,0.0
29233,0.0
29245,0.0
29251,0.0
29254,0.0
29255,0.0
29260,0.0
29266,0.0
29282,0.0
29286,0.0
29292,0.0
29293,0.0
29308,0.0
29323,0.0
29328,0.0
29338,0.0
29341,0.0
29355,0.0
29363,0.0
29370,0.0
29379,0.0
29382,0.0
29383,0.0
29389,0.0
29393,0.0
29402,0.0
29403,0.0
29407,0.0
29417,0.0
29421,0.0
29425,0.0
29431,0.0
29433,0.0
29435,0.0
29446,0.0
29447,0.0
29457,0.0
29475,0.0
29476,0.0
29487,0.0
29490,0.0
29500,0.0
29507,0.0
29508,0.0
29512,0.0
29513,0.0
29518,0.0
29522,0.0
29526,0.0
29528,0.0
29529,0.0
29542,0.0
29549,0.0
29553,0.0
29555,0.0
29558,0.0
29563,0.0
29564,0.0
29571,0.0
29576,0.0
29580,0.0
29585,0.0
29589,0.0
29591,0.0
29593,0.0
29594,0.0
29604,0.0
29605,0.0
29621,0.0
29627,0.0
29629,0.0
29630,0.0
29635,0.0
29641,0.0
29643,0.0
29649,0.0
29656,0.0
29662,0.0
29663,0.0
29667,0.0
29668,0.0
29671,0.0
29673,0.0
29678,0.0
29687,0.0
29690,0.0
29696,0.0
29698,0.0
29703,0.0
29705,0.0
29708,0.0
29712,0.0
29714,0.0
29715,0.0
29724,0.0
29725,0.0
29730,0.0
29741,0.0
29744,0.0
29745,0.0
29748,0.0
29750,0.0
29752,0.0
29756,0.0
29760,0.0
29764,0.0
29775,0.0
29781,0.0
29787,0.0
29790,0.0
29794,0.0
29796,0.0
29805,0.0
29806,0.0
29808,0.0
29812,0.0
29820,0.0
29831,0.0
29838,0.0
29864,0.0
29865,0.0
29875,0.0
29881,0.0
29883,0.0
29890,0.0
29899,0.0
29904,0.0
29923,0.0
29927,0.0
29929,0.0
29931,0.0
29932,0.0
29936,0.0
29937,0.0
29940,0.0
29942,0.0
29943,0.0
29944,0.0
29948,0.0
29953,0.0
29957,0.0
29967,0.0
29971,0.0
29973,0.0
29982,0.0
29995,0.0
30002,0.0
30006,0.0
30011,0.0
30012,0.0
30015,0.0
30020,0.0
30032,0.0
30034,0.0
30036,0.0
30049,0.0
30051,0.0
30053,0.0
30056,0.0
30059,0.0
30064,0.0
30069,0.0
30073,0.0
30080,0.0
30081,0.0
30088,0.0
30094,0.0
30095,0.0
30098,0.0
30124,0.0
30125,0.0
30128,0.0
30132,0.0
30134,0.0
30136,0.0
30137,0.0
30138,0.0
30140,0.0
30141,0.0
30152,0.0
30154,0.0
30162,0.0
30165,0.0
30166,0.0
30167,0.0
30168,0.0
30170,0.0
30171,0.0
30193,0.0
30195,0.0
30198,0.0
30200,0.0
30202,0.0
30204,0.0
30207,0.0
30210,0.0
30226,0.0
30228,0.0
30232,0.0
30240,0.0
30242,0.0
30243,0.0
30244,0.0
30245,0.0
30246,0.0
30254,0.0
30259,0.0
30268,0.0
30273,0.0
30275,0.0
30277,0.0
30284,0.0
30287,0.0
30289,0.0
30293,0.0
30294,0.0
30295,0.0
30297,0.0
30300,0.0
30307,0.0
30311,0.0
30319,0.0
30321,0.0
30325,0.0
30327,0.0
30341,0.0
30343,0.0
30355,0.0
30358,0.0
30369,0.0
30370,0.0
30372,0.0
30382,0.0
30383,0.0
30387,0.0
30389,0.0
30391,0.0
30395,0.0
30396,0.0
30399,0.0
30400,0.0
30404,0.0
30413,0.0
30417,0.0
30420,0.0
30424,0.0
30426,0.0
30434,0.0
30435,0.0
30445,0.0
30451,0.0
30453,0.0
30458,0.0
30469,0.0
30476,0.0
30482,0.0
30483,0.0
30500,0.0
30503,0.0
30517,0.0
30534,0.0
30540,0.0
30542,0.0
30544,0.0
30547,0.0
30549,0.0
30551,0.0
30563,0.0
30566,0.0
30578,0.0
30581,0.0
30583,0.0
30584,0.0
30588,0.0
30593,0.0
30594,0.0
30597,0.0
30601,0.0
30606,0.0
30610,0.0
30613,0.0
30614,0.0
30622,0.0
30628,0.0
30635,0.0
30636,0.0
30640,0.0
30660,0.0
30662,0.0
30663,0.0
30665,0.0
30676,0.0
30682,0.0
30685,0.0
30686,0.0
30696,0.0
30700,0.0
30701,0.0
30704,0.0
30705,0.0
30710,0.0
30718,0.0
30724,0.0
30741,0.0
30745,0.0
30748,0.0
30755,0.0
30757,0.0
30760,0.0
30765,0.0
30778,0.0
30787,0.0
30789,0.0
30791,0.0
30795,0.0
30804,0.0
30811,0.0
30814,0.0
30827,0.0
30830,0.0
30832,0.0
30834,0.0
30836,0.0
30837,0.0
30844,0.0
30852,0.0
30878,0.0
30881,0.0
30886,0.0
30887,0.0
30895,0.0
30899,0.0
30900,0.0
30903,0.0
30904,0.0
30909,0.0
30919,0.0
30926,0.0
30932,0.0
30937,0.0
30940,0.0
30943,0.0
30959,0.0
30960,0.0
30965,0.0
30981,0.0
30989,0.0
30991,0.0
30992,0.0
30993,0.0
30994,0.0
30999,0.0
31004,0.0
31008,0.0
31010,0.0
31019,0.0
31023,0.0
31024,0.0
31025,0.0
31027,0.0
31029,0.0
31031,0.0
31042,0.0
31052,0.0
31055,0.0
31061,0.0
31064,0.0
31065,0.0
31067,0.0
31077,0.0
31080,0.0
31086,0.0
31094,0.0
31096,0.0
31101,0.0
31103,0.0
31105,0.0
31106,0.0
31109,0.0
31111,0.0
31117,0.0
31120,0.0
31122,0.0
31129,0.0
31131,0.0
31133,0.0
31137,0.0
31142,0.0
31146,0.0
31147,0.0
31162,0.0
31164,0.0
31171,0.0
31186,0.0
31187,0.0
31193,0.0
31197,0.0
31199,0.0
31202,0.0
31203,0.0
31205,0.0
31222,0.0
31228,0.0
31233,0.0
31243,0.0
31256,0.0
31265,0.0
31274,0.0
31275,0.0
31277,0.0
31278,0.0
31279,0.0
31287,0.0
31291,0.0
31292,0.0
31301,0.0
31310,0.0
31311,0.0
31314,0.0
31324,0.0
31331,0.0
31338,0.0
31340,0.0
31351,0.0
31355,0.0
31360,0.0
31365,0.0
31366,0.0
31371,0.0
31376,0.0
31380,0.0
31381,0.0
31385,0.0
31386,0.0
31389,0.0
31393,0.0
31395,0.0
31399,0.0
31402,0.0
31404,0.0
31408,0.0
31410,0.0
31414,0.0
31417,0.0
31423,0.0
31426,0.0
31428,0.0
31447,0.0
31451,0.0
31455,0.0
31462,0.0
31464,0.0
31466,0.0
31467,0.0
31473,0.0
31479,0.0
31481,0.0
31488,0.0
31495,0.0
31501,0.0
31504,0.0
31508,0.0
31516,0.0
31525,0.0
31526,0.0
31533,0.0
31534,0.0
31543,0.0
31547,0.0
31548,0.0
31550,0.0
31563,0.0
31564,0.0
31568,0.0
31570,0.0
31572,0.0
31574,0.0
31576,0.0
31579,0.0
31584,0.0
31587,0.0
31589,0.0
31590,0.0
31593,0.0
31594,0.0
31595,0.0
31604,0.0
31605,0.0
31621,0.0
31624,0.0
31631,0.0
31633,0.0
31634,0.0
31635,0.0
31636,0.0
31640,0.0
31643,0.0
31650,0.0
31664,0.0
31667,0.0
31669,0.0
31671,0.0
31674,0.0
31675,0.0
31677,0.0
31689,0.0
31697,0.0
31699,0.0
31705,0.0
31711,0.0
31721,0.0
31725,0.0
31728,0.0
31733,0.0
31734,0.0
31735,0.0
31736,0.0
31743,0.0
31745,0.0
31748,0.0
31749,0.0
31753,0.0
31759,0.0
31760,0.0
31761,0.0
31763,0.0
31774,0.0
31785,0.0
31788,0.0
31795,0.0
31796,0.0
31799,0.0
31807,0.0
31814,0.0
31817,0.0
31821,0.0
31837,0.0
31842,0.0
31850,0.0
31851,0.0
31854,0.0
31857,0.0
31859,0.0
31869,0.0
31871,0.0
31872,0.0
31875,0.0
31883,0.0
31884,0.0
31893,0.0
31894,0.0
31899,0.0
31903,0.0
31906,0.0
31910,0.0
31911,0.0
31919,0.0
31927,0.0
31934,0.0
31935,0.0
31936,0.0
31937,0.0
31941,0.0
31953,0.0
31957,0.0
31960,0.0
31961,0.0
31967,0.0
31968,0.0
31970,0.0
31979,0.0
31982,0.0
31984,0.0
31986,0.0
31987,0.0
31996,0.0
32004,0.0
32008,0.0
32009,0.0
32016,0.0
32018,0.0
32028,0.0
32029,0.0
32031,0.0
32034,0.0
32044,0.0
32047,0.0
32048,0.0
32058,0.0
32066,0.0
32073,0.0
32077,0.0
32080,0.0
32081,0.0
32088,0.0
32091,0.0
32092,0.0
32107,0.0
32114,0.0
32115,0.0
32120,0.0
32125,0.0
32138,0.0
32141,0.0
32144,0.0
32146,0.0
32152,0.0
32153,0.0
32155,0.0
32164,0.0
32169,0.0
32176,0.0
32187,0.0
32196,0.0
32199,0.0
32200,0.0
32202,0.0
32205,0.0
32206,0.0
32215,0.0
32218,0.0
32220,0.0
32243,0.0
32246,0.0
32255,0.0
32266,0.0
32272,0.0
32282,0.0
32289,0.0
32292,0.0
32302,0.0
32307,0.0
32311,0.0
32312,0.0
32313,0.0
32322,0.0
32328,0.0
32330,0.0
32331,0.0
32333,0.0
32334,0.0
32335,0.0
32336,0.0
32337,0.0
32340,0.0
32359,0.0
32360,0.0
32369,0.0
32372,0.0
32374,0.0
32386,0.0
32388,0.0
32392,0.0
32394,0.0
32396,0.0
32405,0.0
32410,0.0
32413,0.0
32414,0.0
32423,0.0
32425,0.0
32426,0.0
32428,0.0
32437,0.0
32438,0.0
32443,0.0
32444,0.0
32449,0.0
32457,0.0
32465,0.0
32474,0.0
32481,0.0
32483,0.0
32491,0.0
32504,0.0
32525,0.0
32533,0.0
32538,0.0
32539,0.0
32551,0.0
32555,0.0
32561,0.0
32562,0.0
32564,0.0
32569,0.0
32571,0.0
32583,0.0
32587,0.0
32588,0.0
32592,0.0
32595,0.0
32596,0.0
32600,0.0
32604,0.0
32609,0.0
32615,0.0
32619,0.0
32621,0.0
32623,0.0
32624,0.0
32639,0.0
32655,0.0
32667,0.0
32675,0.0
32678,0.0
32681,0.0
32689,0.0
32691,0.0
32692,0.0
32706,0.0
32707,0.0
32710,0.0
32735,0.0
32738,0.0
32742,0.0
32747,0.0
32751,0.0
32752,0.0
32754,0.0
32756,0.0
32758,0.0
32766,0.0
32767,0.0
32768,0.0
32773,0.0
32774,0.0
32776,0.0
32779,0.0
32789,0.0
32793,0.0
32795,0.0
32813,0.0
32814,0.0
32818,0.0
32824,0.0
32833,0.0
32844,0.0
32853,0.0
32854,0.0
32855,0.0
32856,0.0
32860,0.0
32867,0.0
32869,0.0
32871,0.0
32876,0.0
32885,0.0
32892,0.0
32897,0.0
32898,0.0
32920,0.0
32926,0.0
32929,0.0
32933,0.0
32935,0.0
32937,0.0
32938,0.0
32943,0.0
32951,0.0
32952,0.0
32955,0.0
32964,0.0
32967,0.0
32968,0.0
32969,0.0
32977,0.0
32982,0.0
33002,0.0
33005,0.0
33011,0.0
33020,0.0
33029,0.0
33034,0.0
33040,0.0
33044,0.0
33050,0.0
33064,0.0
33081,0.0
33090,0.0
33095,0.0
33103,0.0
33107,0.0
33109,0.0
33113,0.0
33120,0.0
33121,0.0
33126,0.0
33128,0.0
33129,0.0
33135,0.0
33147,0.0
33154,0.0
33159,0.0
33167,0.0
33168,0.0
33170,0.0
33185,0.0
33195,0.0
33199,0.0
33203,0.0
33206,0.0
33207,0.0
33209,0.0
33215,0.0
33221,0.0
33233,0.0
33246,0.0
33255,0.0
33256,0.0
33261,0.0
33267,0.0
33274,0.0
33276,0.0
33278,0.0
33281,0.0
33283,0.0
33285,0.0
33290,0.0
33292,0.0
33294,0.0
33298,0.0
33303,0.0
33306,0.0
33308,0.0
33310,0.0
33319,0.0
33325,0.0
33326,0.0
33334,0.0
33337,0.0
33345,0.0
33354,0.0
33355,0.0
33361,0.0
33363,0.0
33371,0.0
33375,0.0
33376,0.0
33378,0.0
33383,0.0
33386,0.0
33387,0.0
33395,0.0
33396,0.0
33399,0.0
33407,0.0
33408,0.0
33409,0.0
33410,0.0
33417,0.0
33422,0.0
33425,0.0
33431,0.0
33432,0.0
33435,0.0
33437,0.0
33449,0.0
33450,0.0
33451,0.0
33453,0.0
33457,0.0
33462,0.0
33471,0.0
33472,0.0
33479,0.0
33486,0.0
33491,0.0
33496,0.0
33504,0.0
33516,0.0
33519,0.0
33530,0.0
33535,0.0
33558,0.0
33561,0.0
33566,0.0
33568,0.0
33570,0.0
33572,0.0
33587,0.0
33599,0.0
33600,0.0
33601,0.0
33602,0.0
33607,0.0
33614,0.0
33625,0.0
33628,0.0
33632,0.0
33633,0.0
33637,0.0
33639,0.0
33659,0.0
33663,0.0
33669,0.0
33672,0.0
33675,0.0
33676,0.0
33685,0.0
33688,0.0
33690,0.0
33691,0.0
33692,0.0
33703,0.0
33707,0.0
33708,0.0
33709,0.0
33710,0.0
33725,0.0
33733,0.0
33739,0.0
33741,0.0
33744,0.0
33750,0.0
33753,0.0
33756,0.0
33759,0.0
33780,0.0
33786,0.0
33788,0.0
33810,0.0
33813,0.0
33814,0.0
33839,0.0
33843,0.0
33849,0.0
33851,0.0
33853,0.0
33876,0.0
33889,0.0
33893,0.0
33896,0.0
33902,0.0
33904,0.0
33910,0.0
33913,0.0
33916,0.0
33918,0.0
33926,0.0
33928,0.0
33932,0.0
33937,0.0
33939,0.0
33941,0.0
33953,0.0
33962,0.0
33964,0.0
33965,0.0
33974,0.0
33975,0.0
33979,0.0
33980,0.0
33987,0.0
33993,0.0
34003,0.0
34005,0.0
34006,0.0
34012,0.0
34014,0.0
34016,0.0
34017,0.0
34018,0.0
34020,0.0
34027,0.0
34029,0.0
34042,0.0
34044,0.0
34045,0.0
34051,0.0
34053,0.0
34054,0.0
34055,0.0
34065,0.0
34070,0.0
34074,0.0
34080,0.0
34083,0.0
34092,0.0
34094,0.0
34096,0.0
34098,0.0
34103,0.0
34105,0.0
34106,0.0
34109,0.0
34111,0.0
34112,0.0
34116,0.0
34119,0.0
34126,0.0
34133,0.0
34146,0.0
34147,0.0
34148,0.0
34152,0.0
34160,0.0
34161,0.0
34185,0.0
34187,0.0
34191,0.0
34195,0.0
34197,0.0
34202,0.0
34204,0.0
34212,0.0
34213,0.0
34218,0.0
34226,0.0
34244,0.0
34248,0.0
34249,0.0
34251,0.0
34268,0.0
34272,0.0
34284,0.0
34290,0.0
34295,0.0
34300,0.0
34303,0.0
34304,0.0
34326,0.0
34328,0.0
34330,0.0
34337,0.0
34339,0.0
34357,0.0
34363,0.0
34364,0.0
34368,0.0
34369,0.0
34382,0.0
34389,0.0
34391,0.0
34396,0.0
34397,0.0
34413,0.0
34421,0.0
34431,0.0
34432,0.0
34435,0.0
34443,0.0
34445,0.0
34446,0.0
34450,0.0
34458,0.0
34461,0.0
34465,0.0
34470,0.0
34482,0.0
34494,0.0
34495,0.0
34504,0.0
34506,0.0
34507,0.0
34508,0.0
34514,0.0
34515,0.0
34518,0.0
34521,0.0
34524,0.0
34530,0.0
34535,0.0
34539,0.0
34542,0.0
34545,0.0
34551,0.0
34552,0.0
34559,0.0
34568,0.0
34570,0.0
34573,0.0
34575,0.0
34580,0.0
34595,0.0
34596,0.0
34597,0.0
34599,0.0
34608,0.0
34614,0.0
34618,0.0
34619,0.0
34623,0.0
34632,0.0
34633,0.0
34635,0.0
34640,0.0
34641,0.0
34644,0.0
34648,0.0
34655,0.0
34657,0.0
34658,0.0
34669,0.0
34693,0.0
34694,0.0
34698,0.0
34699,0.0
34703,0.0
34712,0.0
34724,0.0
34733,0.0
34741,0.0
34748,0.0
34757,0.0
34759,0.0
34775,0.0
34779,0.0
34781,0.0
34798,0.0
34804,0.0
34805,0.0
34808,0.0
34813,0.0
34816,0.0
34818,0.0
34825,0.0
34826,0.0
34828,0.0
34829,0.0
34832,0.0
34837,0.0
34839,0.0
34845,0.0
34847,0.0
34860,0.0
34861,0.0
34872,0.0
34873,0.0
34874,0.0
34880,0.0
34881,0.0
34882,0.0
34886,0.0
34892,0.0
34900,0.0
34903,0.0
34904,0.0
34906,0.0
34916,0.0
34919,0.0
34925,0.0
34931,0.0
34936,0.0
34937,0.0
34942,0.0
34963,0.0
34964,0.0
34965,0.0
34969,0.0
34970,0.0
34976,0.0
34979,0.0
34998,0.0
34999,0.0
35006,0.0
35007,0.0
35012,0.0
35025,0.0
35028,0.0
35029,0.0
35030,0.0
35034,0.0
35040,0.0
35043,0.0
35050,0.0
35051,0.0
35065,0.0
35086,0.0
35088,0.0
35095,0.0
35100,0.0
35104,0.0
35106,0.0
35108,0.0
35125,0.0
35130,0.0
35133,0.0
35136,0.0
35141,0.0
35146,0.0
35151,0.0
35155,0.0
35160,0.0
35162,0.0
35165,0.0
35169,0.0
35176,0.0
35179,0.0
35187,0.0
35200,0.0
35201,0.0
35211,0.0
35215,0.0
35220,0.0
35222,0.0
35226,0.0
35239,0.0
35242,0.0
35247,0.0
35250,0.0
35260,0.0
35266,0.0
35277,0.0
35278,0.0
35282,0.0
35283,0.0
35284,0.0
35294,0.0
35296,0.0
35297,0.0
35303,0.0
35306,0.0
35323,0.0
35327,0.0
35333,0.0
35341,0.0
35345,0.0
35354,0.0
35357,0.0
35361,0.0
35363,0.0
35369,0.0
35375,0.0
35378,0.0
35380,0.0
35381,0.0
35384,0.0
35390,0.0
35391,0.0
35392,0.0
35397,0.0
35399,0.0
35401,0.0
35407,0.0
35420,0.0
35424,0.0
35430,0.0
35432,0.0
35435,0.0
35438,0.0
35439,0.0
35440,0.0
35441,0.0
35445,0.0
35462,0.0
35464,0.0
35474,0.0
35477,0.0
35485,0.0
35488,0.0
35490,0.0
35495,0.0
35502,0.0
35506,0.0
35515,0.0
35517,0.0
35522,0.0
35530,0.0
35546,0.0
35548,0.0
35562,0.0
35563,0.0
35565,0.0
35567,0.0
35569,0.0
35576,0.0
35583,0.0
35584,0.0
35599,0.0
35603,0.0
35609,0.0
35614,0.0
35615,0.0
35618,0.0
35621,0.0
35625,0.0
35629,0.0
35635,0.0
35655,0.0
35660,0.0
35680,0.0
35697,0.0
35699,0.0
35708,0.0
35712,0.0
35718,0.0
35721,0.0
35729,0.0
35734,0.0
35736,0.0
35739,0.0
35742,0.0
35745,0.0
35753,0.0
35765,0.0
35771,0.0
35774,0.0
35782,0.0
35786,0.0
35796,0.0
35797,0.0
35804,0.0
35813,0.0
35815,0.0
35817,0.0
35819,0.0
35825,0.0
35832,0.0
35834,0.0
35836,0.0
35847,0.0
35852,0.0
35853,0.0
35854,0.0
35855,0.0
35856,0.0
35858,0.0
35868,0.0
35870,0.0
35872,0.0
35877,0.0
35879,0.0
35884,0.0
35892,0.0
35904,0.0
35908,0.0
35909,0.0
35913,0.0
35925,0.0
35928,0.0
35935,0.0
35952,0.0
35954,0.0
35958,0.0
35966,0.0
35967,0.0
35968,0.0
35969,0.0
35971,0.0
35973,0.0
35978,0.0
35979,0.0
35987,0.0
35990,0.0
35991,0.0
35992,0.0
36000,0.0
36001,0.0
36004,0.0
36006,0.0
36007,0.0
36014,0.0
36016,0.0
36018,0.0
36024,0.0
36026,0.0
36030,0.0
36033,0.0
36039,0.0
36040,0.0
36050,0.0
36059,0.0
36065,0.0
36089,0.0
36091,0.0
36095,0.0
36102,0.0
36106,0.0
36111,0.0
36119,0.0
36122,0.0
36125,0.0
36130,0.0
36131,0.0
36133,0.0
36136,0.0
36137,0.0
36145,0.0
36148,0.0
36160,0.0
36161,0.0
36162,0.0
36166,0.0
36172,0.0
36178,0.0
36184,0.0
36186,0.0
36187,0.0
36189,0.0
36194,0.0
36197,0.0
36203,0.0
36205,0.0
36213,0.0
36215,0.0
36216,0.0
36220,0.0
36221,0.0
36225,0.0
36227,0.0
36230,0.0
36231,0.0
36242,0.0
36250,0.0
36251,0.0
36253,0.0
36254,0.0
36255,0.0
36263,0.0
36271,0.0
36274,0.0
36275,0.0
36279,0.0
36289,0.0
36291,0.0
36295,0.0
36301,0.0
36304,0.0
36313,0.0
36320,0.0
36321,0.0
36323,0.0
36324,0.0
36327,0.0
36329,0.0
36333,0.0
36365,0.0
36372,0.0
36373,0.0
36375,0.0
36382,0.0
36392,0.0
36405,0.0
36409,0.0
36417,0.0
36420,0.0
36424,0.0
36427,0.0
36430,0.0
36433,0.0
36444,0.0
36469,0.0
36472,0.0
36478,0.0
36480,0.0
36492,0.0
36499,0.0
36500,0.0
36509,0.0
36514,0.0
36516,0.0
36520,0.0
36522,0.0
36528,0.0
36546,0.0
36555,0.0
36556,0.0
36567,0.0
36568,0.0
36573,0.0
36579,0.0
36582,0.0
36584,0.0
36586,0.0
36588,0.0
36594,0.0
36598,0.0
36600,0.0
36609,0.0
36616,0.0
36617,0.0
36621,0.0
36632,0.0
36636,0.0
36638,0.0
36640,0.0
36641,0.0
36651,0.0
36653,0.0
36667,0.0
36668,0.0
36673,0.0
36697,0.0
36716,0.0
36717,0.0
36729,0.0
36730,0.0
36734,0.0
36738,0.0
36739,0.0
36741,0.0
36747,0.0
36749,0.0
36753,0.0
36764,0.0
36768,0.0
36770,0.0
36771,0.0
36777,0.0
36787,0.0
36795,0.0
36813,0.0
36826,0.0
36834,0.0
36836,0.0
36838,0.0
36840,0.0
36842,0.0
36848,0.0
36850,0.0
36851,0.0
36862,0.0
36870,0.0
36871,0.0
36879,0.0
36884,0.0
36885,0.0
36890,0.0
36900,0.0
36901,0.0
36903,0.0
36904,0.0
36911,0.0
36919,0.0
36926,0.0
36931,0.0
36934,0.0
36941,0.0
36951,0.0
36965,0.0
36971,0.0
36974,0.0
36975,0.0
36979,0.0
36981,0.0
36986,0.0
36992,0.0
36998,0.0
37017,0.0
37028,0.0
37032,0.0
37037,0.0
37039,0.0
37040,0.0
37041,0.0
37043,0.0
37052,0.0
37054,0.0
37056,0.0
37058,0.0
37060,0.0
37064,0.0
37065,0.0
37082,0.0
37098,0.0
37099,0.0
37102,0.0
37103,0.0
37106,0.0
37108,0.0
37110,0.0
37113,0.0
37116,0.0
37122,0.0
37126,0.0
37128,0.0
37129,0.0
37135,0.0
37143,0.0
37145,0.0
37147,0.0
37148,0.0
37162,0.0
37166,0.0
37168,0.0
37174,0.0
37178,0.0
37182,0.0
37202,0.0
37205,0.0
37210,0.0
37211,0.0
37213,0.0
37223,0.0
37225,0.0
37227,0.0
37229,0.0
37233,0.0
37234,0.0
37238,0.0
37240,0.0
37242,0.0
37248,0.0
37251,0.0
37253,0.0
37254,0.0
37255,0.0
37261,0.0
37272,0.0
37273,0.0
37276,0.0
37281,0.0
37285,0.0
37286,0.0
37288,0.0
37294,0.0
37310,0.0
37323,0.0
37325,0.0
37341,0.0
37344,0.0
37347,0.0
37348,0.0
37352,0.0
37353,0.0
37354,0.0
37362,0.0
37364,0.0
37366,0.0
37370,0.0
37373,0.0
37375,0.0
37387,0.0
37394,0.0
37397,0.0
37406,0.0
37412,0.0
37413,0.0
37416,0.0
37421,0.0
37423,0.0
37425,0.0
37452,0.0
37453,0.0
37455,0.0
37458,0.0
37459,0.0
37462,0.0
37468,0.0
37470,0.0
37471,0.0
37472,0.0
37473,0.0
37476,0.0
37489,0.0
37490,0.0
37492,0.0
37511,0.0
37512,0.0
37533,0.0
37545,0.0
37548,0.0
37564,0.0
37566,0.0
37569,0.0
37570,0.0
37574,0.0
37576,0.0
37580,0.0
37581,0.0
37588,0.0
37593,0.0
37594,0.0
37601,0.0
37603,0.0
37605,0.0
37609,0.0
37612,0.0
37623,0.0
37625,0.0
37632,0.0
37635,0.0
37647,0.0
37655,0.0
37660,0.0
37661,0.0
37664,0.0
37672,0.0
37676,0.0
37679,0.0
37680,0.0
37682,0.0
37690,0.0
37691,0.0
37693,0.0
37694,0.0
37697,0.0
37699,0.0
37710,0.0
37723,0.0
37725,0.0
37729,0.0
37734,0.0
37735,0.0
37739,0.0
37741,0.0
37745,0.0
37747,0.0
37762,0.0
37766,0.0
37768,0.0
37775,0.0
37793,0.0
37794,0.0
37795,0.0
37802,0.0
37809,0.0
37812,0.0
37834,0.0
37837,0.0
37841,0.0
37842,0.0
37850,0.0
37855,0.0
37858,0.0
37866,0.0
37867,0.0
37870,0.0
37879,0.0
37892,0.0
37900,0.0
37906,0.0
37908,0.0
37924,0.0
37925,0.0
37929,0.0
37931,0.0
37932,0.0
37942,0.0
37947,0.0
37962,0.0
37963,0.0
37967,0.0
37969,0.0
37975,0.0
37985,0.0
37993,0.0
38008,0.0
38009,0.0
38029,0.0
38035,0.0
38036,0.0
38037,0.0
38039,0.0
38040,0.0
38046,0.0
38047,0.0
38048,0.0
38058,0.0
38061,0.0
38067,0.0
38082,0.0
38084,0.0
38086,0.0
38089,0.0
38091,0.0
38097,0.0
38106,0.0
38114,0.0
38119,0.0
38129,0.0
38132,0.0
38137,0.0
38145,0.0
38146,0.0
38147,0.0
38155,0.0
38159,0.0
38160,0.0
38176,0.0
38178,0.0
38188,0.0
38190,0.0
38193,0.0
38200,0.0
38204,0.0
38206,0.0
38210,0.0
38216,0.0
38218,0.0
38224,0.0
38226,0.0
38228,0.0
38233,0.0
38247,0.0
38248,0.0
38251,0.0
38255,0.0
38256,0.0
38258,0.0
38259,0.0
38261,0.0
38262,0.0
38267,0.0
38270,0.0
38271,0.0
38273,0.0
38281,0.0
38284,0.0
38288,0.0
38289,0.0
38293,0.0
38298,0.0
38300,0.0
38306,0.0
38308,0.0
38312,0.0
38322,0.0
38326,0.0
38329,0.0
38330,0.0
38331,0.0
38332,0.0
38333,0.0
38336,0.0
38337,0.0
38341,0.0
38345,0.0
38356,0.0
38366,0.0
38373,0.0
38381,0.0
38387,0.0
38397,0.0
38399,0.0
38403,0.0
38404,0.0
38406,0.0
38419,0.0
38420,0.0
38426,0.0
38427,0.0
38428,0.0
38445,0.0
38447,0.0
38454,0.0
38463,0.0
38468,0.0
38470,0.0
38474,0.0
38475,0.0
38484,0.0
38485,0.0
38487,0.0
38489,0.0
38493,0.0
38494,0.0
38498,0.0
38504,0.0
38507,0.0
38513,0.0
38520,0.0
38527,0.0
38530,0.0
38534,0.0
38535,0.0
38542,0.0
38545,0.0
38548,0.0
38562,0.0
38574,0.0
38585,0.0
38598,0.0
38602,0.0
38603,0.0
38614,0.0
38618,0.0
38628,0.0
38631,0.0
38633,0.0
38634,0.0
38647,0.0
38651,0.0
38653,0.0
38660,0.0
38662,0.0
38667,0.0
38680,0.0
38681,0.0
38688,0.0
38692,0.0
38695,0.0
38701,0.0
38707,0.0
38708,0.0
38712,0.0
38715,0.0
38725,0.0
38732,0.0
38735,0.0
38740,0.0
38743,0.0
38747,0.0
38751,0.0
38752,0.0
38754,0.0
38755,0.0
38764,0.0
38767,0.0
38769,0.0
38781,0.0
38786,0.0
38787,0.0
38798,0.0
38800,0.0
38803,0.0
38807,0.0
38815,0.0
38817,0.0
38822,0.0
38835,0.0
38853,0.0
38864,0.0
38865,0.0
38866,0.0
38868,0.0
38869,0.0
38870,0.0
38876,0.0
38879,0.0
38881,0.0
38886,0.0
38887,0.0
38903,0.0
38930,0.0
38931,0.0
38934,0.0
38943,0.0
38944,0.0
38951,0.0
38952,0.0
38954,0.0
38957,0.0
38959,0.0
38965,0.0
38969,0.0
38972,0.0
38973,0.0
38978,0.0
38979,0.0
38981,0.0
38985,0.0
38988,0.0
38994,0.0
38996,0.0
38999,0.0
39002,0.0
39007,0.0
39008,0.0
39017,0.0
39021,0.0
39022,0.0
39023,0.0
39028,0.0
39033,0.0
39041,0.0
39044,0.0
39049,0.0
39055,0.0
39056,0.0
39065,0.0
39067,0.0
39079,0.0
39084,0.0
39089,0.0
39090,0.0
39092,0.0
39096,0.0
39101,0.0
39109,0.0
39131,0.0
39145,0.0
39149,0.0
39158,0.0
39162,0.0
39168,0.0
39172,0.0
39173,0.0
39179,0.0
39182,0.0
39187,0.0
39188,0.0
39190,0.0
39199,0.0
39200,0.0
39201,0.0
39209,0.0
39260,0.0
39261,0.0
39262,0.0
39264,0.0
39273,0.0
39278,0.0
39279,0.0
39282,0.0
39283,0.0
39288,0.0
39298,0.0
39305,0.0
39313,0.0
39324,0.0
39325,0.0
39328,0.0
39329,0.0
39334,0.0
39345,0.0
39349,0.0
39350,0.0
39353,0.0
39361,0.0
39366,0.0
39368,0.0
39369,0.0
39370,0.0
39381,0.0
39383,0.0
39384,0.0
39393,0.0
39403,0.0
39411,0.0
39422,0.0
39436,0.0
39445,0.0
39446,0.0
39451,0.0
39459,0.0
39465,0.0
39467,0.0
39479,0.0
39485,0.0
39487,0.0
39490,0.0
39493,0.0
39499,0.0
39505,0.0
39517,0.0
39518,0.0
39519,0.0
39520,0.0
39522,0.0
39524,0.0
39526,0.0
39530,0.0
39532,0.0
39542,0.0
39546,0.0
39550,0.0
39554,0.0
39558,0.0
39565,0.0
39568,0.0
39572,0.0
39573,0.0
39577,0.0
39584,0.0
39585,0.0
39589,0.0
39590,0.0
39594,0.0
39596,0.0
39597,0.0
39599,0.0
39607,0.0
39608,0.0
39617,0.0
39623,0.0
39624,0.0
39626,0.0
39632,0.0
39650,0.0
39651,0.0
39660,0.0
39663,0.0
39665,0.0
39667,0.0
39668,0.0
39670,0.0
39679,0.0
39683,0.0
39702,0.0
39704,0.0
39710,0.0
39713,0.0
39716,0.0
39725,0.0
39726,0.0
39731,0.0
39732,0.0
39739,0.0
39743,0.0
39746,0.0
39756,0.0
39764,0.0
39766,0.0
39779,0.0
39798,0.0
39802,0.0
39810,0.0
39811,0.0
39814,0.0
39815,0.0
39816,0.0
39820,0.0
39825,0.0
39828,0.0
39830,0.0
39836,0.0
39839,0.0
39845,0.0
39852,0.0
39855,0.0
39864,0.0
39866,0.0
39873,0.0
39875,0.0
39878,0.0
39879,0.0
39890,0.0
39899,0.0
39900,0.0
39916,0.0
39931,0.0
39932,0.0
39934,0.0
39939,0.0
39940,0.0
39942,0.0
39948,0.0
39956,0.0
39966,0.0
39970,0.0
39977,0.0
39978,0.0
39988,0.0
39989,0.0
39994,0.0
40010,0.0
40013,0.0
40019,0.0
40021,0.0
40028,0.0
40031,0.0
40036,0.0
40037,0.0
40045,0.0
40048,0.0
40052,0.0
40064,0.0
40065,0.0
40069,0.0
40070,0.0
40072,0.0
40073,0.0
40074,0.0
40076,0.0
40077,0.0
40079,0.0
40084,0.0
40098,0.0
40108,0.0
40109,0.0
40116,0.0
40117,0.0
40119,0.0
40124,0.0
40128,0.0
40129,0.0
40132,0.0
40134,0.0
40135,0.0
40139,0.0
40141,0.0
40142,0.0
40146,0.0
40147,0.0
40148,0.0
40154,0.0
40156,0.0
40161,0.0
40164,0.0
40165,0.0
40171,0.0
40175,0.0
40185,0.0
40187,0.0
40189,0.0
40194,0.0
40202,0.0
40207,0.0
40208,0.0
40210,0.0
40212,0.0
40223,0.0
40233,0.0
40234,0.0
40237,0.0
40238,0.0
40239,0.0
40243,0.0
40244,0.0
40248,0.0
40254,0.0
40262,0.0
40266,0.0
40267,0.0
40276,0.0
40278,0.0
40286,0.0
40289,0.0
40305,0.0
40308,0.0
40309,0.0
40311,0.0
40318,0.0
40322,0.0
40323,0.0
40325,0.0
40326,0.0
40327,0.0
40331,0.0
40332,0.0
40340,0.0
40342,0.0
40346,0.0
40356,0.0
40358,0.0
40363,0.0
40364,0.0
40380,0.0
40383,0.0
40385,0.0
40394,0.0
40395,0.0
40400,0.0
40402,0.0
40403,0.0
40407,0.0
40412,0.0
40413,0.0
40416,0.0
40438,0.0
40442,0.0
40443,0.0
40448,0.0
40451,0.0
40463,0.0
40464,0.0
40469,0.0
40470,0.0
40471,0.0
40472,0.0
40475,0.0
40476,0.0
40477,0.0
40483,0.0
40484,0.0
40491,0.0
40495,0.0
40496,0.0
40497,0.0
40500,0.0
40504,0.0
40505,0.0
40508,0.0
40516,0.0
40518,0.0
40525,0.0
40543,0.0
40547,0.0
40548,0.0
40558,0.0
40563,0.0
40577,0.0
40588,0.0
40594,0.0
40625,0.0
40627,0.0
40628,0.0
40629,0.0
40630,0.0
40636,0.0
40643,0.0
40647,0.0
40650,0.0
40655,0.0
40657,0.0
40665,0.0
40672,0.0
40673,0.0
40675,0.0
40677,0.0
40680,0.0
40687,0.0
40693,0.0
40697,0.0
40700,0.0
40702,0.0
40703,0.0
40707,0.0
40724,0.0
40726,0.0
40745,0.0
40746,0.0
40754,0.0
40755,0.0
40756,0.0
40758,0.0
40761,0.0
40762,0.0
40767,0.0
40772,0.0
40775,0.0
40777,0.0
40778,0.0
40794,0.0
40805,0.0
40808,0.0
40821,0.0
40832,0.0
40835,0.0
40842,0.0
40855,0.0
40865,0.0
40867,0.0
40870,0.0
40872,0.0
40874,0.0
40880,0.0
40891,0.0
40896,0.0
40897,0.0
40898,0.0
40909,0.0
40911,0.0
40916,0.0
40918,0.0
40928,0.0
40932,0.0
40935,0.0
40946,0.0
40951,0.0
40954,0.0
40962,0.0
40968,0.0
40973,0.0
40974,0.0
40976,0.0
40979,0.0
40985,0.0
40991,0.0
40992,0.0
40994,0.0
41000,0.0
41004,0.0
41005,0.0
41013,0.0
41021,0.0
41024,0.0
41028,0.0
41033,0.0
41038,0.0
41041,0.0
41042,0.0
41048,0.0
41049,0.0
41050,0.0
41052,0.0
41056,0.0
41058,0.0
41059,0.0
41061,0.0
41062,0.0
41069,0.0
41070,0.0
41079,0.0
41095,0.0
41096,0.0
41100,0.0
41101,0.0
41106,0.0
41109,0.0
41119,0.0
41129,0.0
41130,0.0
41134,0.0
41141,0.0
41147,0.0
41153,0.0
41163,0.0
41175,0.0
41177,0.0
41183,0.0
41193,0.0
41204,0.0
41210,0.0
41212,0.0
41219,0.0
41225,0.0
41240,0.0
41242,0.0
41243,0.0
41248,0.0
41251,0.0
41255,0.0
41256,0.0
41257,0.0
41261,0.0
41274,0.0
41275,0.0
41276,0.0
41278,0.0
41280,0.0
41284,0.0
41288,0.0
41289,0.0
41294,0.0
41302,0.0
41306,0.0
41316,0.0
41317,0.0
41322,0.0
41324,0.0
41325,0.0
41333,0.0
41334,0.0
41336,0.0
41338,0.0
41340,0.0
41346,0.0
41348,0.0
41350,0.0
41355,0.0
41361,0.0
41378,0.0
41385,0.0
41393,0.0
41400,0.0
41405,0.0
41407,0.0
41409,0.0
41412,0.0
41413,0.0
41423,0.0
41426,0.0
41433,0.0
41440,0.0
41447,0.0
41453,0.0
41454,0.0
41455,0.0
41458,0.0
41462,0.0
41465,0.0
41474,0.0
41476,0.0
41483,0.0
41485,0.0
41494,0.0
41498,0.0
41520,0.0
41524,0.0
41525,0.0
41536,0.0
41539,0.0
41545,0.0
41548,0.0
41557,0.0
41561,0.0
41564,0.0
41565,0.0
41568,0.0
41569,0.0
41582,0.0
41594,0.0
41597,0.0
41600,0.0
41603,0.0
41606,0.0
41617,0.0
41620,0.0
41633,0.0
41643,0.0
41656,0.0
41659,0.0
41667,0.0
41676,0.0
41677,0.0
41681,0.0
41686,0.0
41692,0.0
41693,0.0
41694,0.0
41701,0.0
41705,0.0
41706,0.0
41711,0.0
41717,0.0
41721,0.0
41730,0.0
41739,0.0
41740,0.0
41742,0.0
41746,0.0
41762,0.0
41765,0.0
41768,0.0
41776,0.0
41778,0.0
41781,0.0
41788,0.0
41793,0.0
41794,0.0
41797,0.0
41801,0.0
41806,0.0
41815,0.0
41816,0.0
41823,0.0
41825,0.0
41830,0.0
41831,0.0
41832,0.0
41836,0.0
41840,0.0
41844,0.0
41848,0.0
41849,0.0
41850,0.0
41853,0.0
41854,0.0
41862,0.0
41870,0.0
41873,0.0
41875,0.0
41883,0.0
41884,0.0
41889,0.0
41894,0.0
41900,0.0
41905,0.0
41910,0.0
41916,0.0
41922,0.0
41925,0.0
41936,0.0
41943,0.0
41954,0.0
41955,0.0
41961,0.0
41964,0.0
41965,0.0
41973,0.0
41977,0.0
41981,0.0
41983,0.0
41989,0.0
41995,0.0
42000,0.0
42001,0.0
42004,0.0
42006,0.0
42011,0.0
42014,0.0
42030,0.0
42035,0.0
42041,0.0
42045,0.0
42047,0.0
42049,0.0
42050,0.0
42060,0.0
42066,0.0
42078,0.0
42082,0.0
42084,0.0
42086,0.0
42087,0.0
42089,0.0
42090,0.0
42091,0.0
42092,0.0
42094,0.0
42101,0.0
42118,0.0
42125,0.0
42131,0.0
42138,0.0
42140,0.0
42143,0.0
42147,0.0
42153,0.0
42162,0.0
42165,0.0
42177,0.0
42181,0.0
42185,0.0
42190,0.0
42191,0.0
42193,0.0
42198,0.0
42199,0.0
42200,0.0
42213,0.0
42219,0.0
42228,0.0
42236,0.0
42238,0.0
42239,0.0
42242,0.0
42250,0.0
42257,0.0
42261,0.0
42263,0.0
42266,0.0
42270,0.0
42273,0.0
42278,0.0
42287,0.0
42309,0.0
42329,0.0
42336,0.0
42340,0.0
42341,0.0
42342,0.0
42347,0.0
42357,0.0
42362,0.0
42363,0.0
42368,0.0
42374,0.0
42376,0.0
42391,0.0
42392,0.0
42394,0.0
42395,0.0
42407,0.0
42411,0.0
42414,0.0
42420,0.0
42429,0.0
42430,0.0
42443,0.0
42445,0.0
42449,0.0
42451,0.0
42456,0.0
42466,0.0
42467,0.0
42468,0.0
42472,0.0
42480,0.0
42484,0.0
42485,0.0
42486,0.0
42488,0.0
42502,0.0
42503,0.0
42513,0.0
42514,0.0
42515,0.0
42516,0.0
42520,0.0
42521,0.0
42526,0.0
42527,0.0
42531,0.0
42532,0.0
42537,0.0
42544,0.0
42551,0.0
42552,0.0
42554,0.0
42556,0.0
42567,0.0
42569,0.0
42577,0.0
42578,0.0
42581,0.0
42582,0.0
42583,0.0
42586,0.0
42592,0.0
42596,0.0
42600,0.0
42602,0.0
42611,0.0
42612,0.0
42614,0.0
42620,0.0
42621,0.0
42625,0.0
42628,0.0
42629,0.0
42633,0.0
42635,0.0
42642,0.0
42647,0.0
42653,0.0
42661,0.0
42662,0.0
42665,0.0
42667,0.0
42683,0.0
42701,0.0
42706,0.0
42707,0.0
42711,0.0
42712,0.0
42720,0.0
42721,0.0
42728,0.0
42750,0.0
42752,0.0
42755,0.0
42756,0.0
42760,0.0
42769,0.0
42774,0.0
42780,0.0
42785,0.0
42789,0.0
42792,0.0
42795,0.0
42796,0.0
42808,0.0
42816,0.0
42822,0.0
42841,0.0
42845,0.0
42866,0.0
42868,0.0
42873,0.0
42880,0.0
42885,0.0
42894,0.0
42909,0.0
42910,0.0
42912,0.0
42926,0.0
42942,0.0
42943,0.0
42945,0.0
42952,0.0
42959,0.0
42960,0.0
42962,0.0
42986,0.0
42990,0.0
43003,0.0
43005,0.0
43015,0.0
43016,0.0
43028,0.0
43031,0.0
43033,0.0
43038,0.0
43044,0.0
43047,0.0
43057,0.0
43076,0.0
43084,0.0
43086,0.0
43087,0.0
43094,0.0
43098,0.0
43099,0.0
43103,0.0
43109,0.0
43110,0.0
43111,0.0
43114,0.0
43116,0.0
43118,0.0
43128,0.0
43130,0.0
43132,0.0
43136,0.0
43139,0.0
43150,0.0
43152,0.0
43153,0.0
43155,0.0
43157,0.0
43170,0.0
43171,0.0
43173,0.0
43174,0.0
43181,0.0
43187,0.0
43188,0.0
43192,0.0
43198,0.0
43199,0.0
43200,0.0
43203,0.0
43209,0.0
43210,0.0
43215,0.0
43225,0.0
43230,0.0
43233,0.0
43236,0.0
43237,0.0
43242,0.0
43245,0.0
43250,0.0
43251,0.0
43253,0.0
43255,0.0
43257,0.0
43260,0.0
43262,0.0
43265,0.0
43274,0.0
43281,0.0
43282,0.0
43287,0.0
43296,0.0
43302,0.0
43304,0.0
43315,0.0
43316,0.0
43318,0.0
43328,0.0
43330,0.0
43353,0.0
43354,0.0
43360,0.0
43366,0.0
43368,0.0
43390,0.0
43392,0.0
43402,0.0
43403,0.0
43411,0.0
43412,0.0
43417,0.0
43418,0.0
43426,0.0
43427,0.0
43431,0.0
43434,0.0
43435,0.0
43436,0.0
43437,0.0
43439,0.0
43445,0.0
43447,0.0
43453,0.0
43458,0.0
43462,0.0
43466,0.0
43476,0.0
43482,0.0
43484,0.0
43489,0.0
43492,0.0
43505,0.0
43508,0.0
43512,0.0
43513,0.0
43516,0.0
43528,0.0
43535,0.0
43539,0.0
43542,0.0
43555,0.0
43558,0.0
43563,0.0
43565,0.0
43568,0.0
43569,0.0
43570,0.0
43580,0.0
43591,0.0
43594,0.0
43597,0.0
43599,0.0
43600,0.0
43605,0.0
43626,0.0
43629,0.0
43631,0.0
43636,0.0
43651,0.0
43653,0.0
43663,0.0
43673,0.0
43675,0.0
43676,0.0
43677,0.0
43681,0.0
43684,0.0
43685,0.0
43690,0.0
43691,0.0
43698,0.0
43699,0.0
43708,0.0
43709,0.0
43725,0.0
43726,0.0
43731,0.0
43734,0.0
43744,0.0
43745,0.0
43748,0.0
43749,0.0
43750,0.0
43756,0.0
43758,0.0
43764,0.0
43765,0.0
43770,0.0
43781,0.0
43785,0.0
43789,0.0
43791,0.0
43813,0.0
43815,0.0
43818,0.0
43825,0.0
43827,0.0
43836,0.0
43840,0.0
43848,0.0
43855,0.0
43863,0.0
43872,0.0
43879,0.0
43885,0.0
43887,0.0
43893,0.0
43894,0.0
43898,0.0
43916,0.0
43919,0.0
43923,0.0
43943,0.0
43945,0.0
43948,0.0
43950,0.0
43955,0.0
43958,0.0
43959,0.0
43964,0.0
43965,0.0
43994,0.0
44001,0.0
44003,0.0
44021,0.0
44023,0.0
44025,0.0
44029,0.0
44030,0.0
44038,0.0
44045,0.0
44064,0.0
44068,0.0
44070,0.0
44074,0.0
44075,0.0
44080,0.0
44086,0.0
44087,0.0
44092,0.0
44095,0.0
44099,0.0
44101,0.0
44102,0.0
44106,0.0
44108,0.0
44110,0.0
44121,0.0
44124,0.0
44125,0.0
44126,0.0
44127,0.0
44138,0.0
44140,0.0
44146,0.0
44148,0.0
44155,0.0
44157,0.0
44168,0.0
44176,0.0
44182,0.0
44189,0.0
44193,0.0
44201,0.0
44209,0.0
44210,0.0
44222,0.0
44225,0.0
44227,0.0
44229,0.0
44232,0.0
44233,0.0
44236,0.0
44242,0.0
44244,0.0
44254,0.0
44256,0.0
44257,0.0
44262,0.0
44271,0.0
44272,0.0
44288,0.0
44292,0.0
44309,0.0
44319,0.0
44320,0.0
44325,0.0
44339,0.0
44342,0.0
44346,0.0
44352,0.0
44356,0.0
44359,0.0
44360,0.0
44364,0.0
44365,0.0
44396,0.0
44399,0.0
44409,0.0
44412,0.0
44413,0.0
44416,0.0
44419,0.0
44433,0.0
44439,0.0
44448,0.0
44454,0.0
44455,0.0
44465,0.0
44466,0.0
44475,0.0
44481,0.0
44483,0.0
44486,0.0
44487,0.0
44488,0.0
44495,0.0
44500,0.0
44502,0.0
44503,0.0
44504,0.0
44510,0.0
44523,0.0
44526,0.0
44545,0.0
44551,0.0
44553,0.0
44556,0.0
44560,0.0
44568,0.0
44570,0.0
44573,0.0
44578,0.0
44580,0.0
44581,0.0
44586,0.0
44594,0.0
44600,0.0
44608,0.0
44616,0.0
44624,0.0
44630,0.0
44632,0.0
44636,0.0
44638,0.0
44639,0.0
44643,0.0
44650,0.0
44652,0.0
44655,0.0
44664,0.0
44668,0.0
44669,0.0
44673,0.0
44675,0.0
44679,0.0
44682,0.0
44692,0.0
44694,0.0
44695,0.0
44696,0.0
44697,0.0
44701,0.0
44705,0.0
44715,0.0
44718,0.0
44724,0.0
44739,0.0
44743,0.0
44757,0.0
44762,0.0
44767,0.0
44772,0.0
44780,0.0
44783,0.0
44785,0.0
44792,0.0
44800,0.0
44801,0.0
44802,0.0
44805,0.0
44808,0.0
44809,0.0
44825,0.0
44828,0.0
44845,0.0
44847,0.0
44848,0.0
44850,0.0
44852,0.0
44855,0.0
44857,0.0
44861,0.0
44865,0.0
44870,0.0
44876,0.0
44882,0.0
44887,0.0
44893,0.0
44897,0.0
44898,0.0
44899,0.0
44914,0.0
44918,0.0
44921,0.0
44924,0.0
44925,0.0
44927,0.0
44933,0.0
44940,0.0
44941,0.0
44950,0.0
44958,0.0
44959,0.0
44970,0.0
44971,0.0
44986,0.0
44987,0.0
44991,0.0
44992,0.0
44994,0.0
44999,0.0
45001,0.0
45002,0.0
45003,0.0
45012,0.0
45019,0.0
45020,0.0
45029,0.0
45030,0.0
45031,0.0
45040,0.0
45044,0.0
45047,0.0
45049,0.0
45059,0.0
45064,0.0
45065,0.0
45066,0.0
45071,0.0
45072,0.0
45079,0.0
45087,0.0
45089,0.0
45093,0.0
45098,0.0
45099,0.0
45101,0.0
45103,0.0
45113,0.0
45114,0.0
45115,0.0
45118,0.0
45123,0.0
45133,0.0
45134,0.0
45143,0.0
45149,0.0
45152,0.0
45161,0.0
45168,0.0
45171,0.0
45173,0.0
45175,0.0
45177,0.0
45181,0.0
45189,0.0
45194,0.0
45202,0.0
45205,0.0
45206,0.0
45209,0.0
45215,0.0
45221,0.0
45230,0.0
45235,0.0
45239,0.0
45243,0.0
45251,0.0
45264,0.0
45265,0.0
45266,0.0
45267,0.0
45268,0.0
45270,0.0
45272,0.0
45275,0.0
45283,0.0
45286,0.0
45289,0.0
45290,0.0
45294,0.0
45295,0.0
45299,0.0
45307,0.0
45314,0.0
45315,0.0
45318,0.0
45324,0.0
45329,0.0
45333,0.0
45335,0.0
45346,0.0
45353,0.0
45354,0.0
45360,0.0
45364,0.0
45372,0.0
45386,0.0
45396,0.0
45399,0.0
45405,0.0
45410,0.0
45412,0.0
45413,0.0
45414,0.0
45421,0.0
45437,0.0
45440,0.0
45443,0.0
45445,0.0
45453,0.0
45455,0.0
45468,0.0
45470,0.0
45471,0.0
45473,0.0
45475,0.0
45479,0.0
45490,0.0
45492,0.0
45493,0.0
45494,0.0
45495,0.0
45500,0.0
45512,0.0
45516,0.0
45520,0.0
45531,0.0
45534,0.0
45540,0.0
45543,0.0
45547,0.0
45555,0.0
45556,0.0
45557,0.0
45568,0.0
45570,0.0
45571,0.0
45573,0.0
45576,0.0
45581,0.0
45584,0.0
45586,0.0
45587,0.0
45588,0.0
45612,0.0
45623,0.0
45636,0.0
45643,0.0
45651,0.0
45654,0.0
45661,0.0
45666,0.0
45667,0.0
45674,0.0
45677,0.0
45685,0.0
45693,0.0
45696,0.0
45699,0.0
45708,0.0
45711,0.0
45715,0.0
45717,0.0
45721,0.0
45734,0.0
45740,0.0
45743,0.0
45760,0.0
45761,0.0
45766,0.0
45775,0.0
45791,0.0
45797,0.0
45798,0.0
45804,0.0
45813,0.0
45814,0.0
45815,0.0
45817,0.0
45818,0.0
45819,0.0
45820,0.0
45821,0.0
45833,0.0
45838,0.0
45841,0.0
45842,0.0
45847,0.0
45848,0.0
45854,0.0
45855,0.0
45865,0.0
45898,0.0
45905,0.0
45909,0.0
45912,0.0
45922,0.0
45936,0.0
45941,0.0
45942,0.0
45944,0.0
45950,0.0
45956,0.0
45962,0.0
45963,0.0
45970,0.0
45975,0.0
45984,0.0
45987,0.0
45988,0.0
45991,0.0
45998,0.0
46007,0.0
46010,0.0
46018,0.0
46031,0.0
46032,0.0
46033,0.0
46034,0.0
46044,0.0
46046,0.0
46051,0.0
46056,0.0
46080,0.0
46081,0.0
46087,0.0
46093,0.0
46097,0.0
46102,0.0
46113,0.0
46117,0.0
46122,0.0
46123,0.0
46127,0.0
46132,0.0
46137,0.0
46143,0.0
46151,0.0
46152,0.0
46154,0.0
46159,0.0
46167,0.0
46169,0.0
46175,0.0
46179,0.0
46180,0.0
46185,0.0
46186,0.0
46196,0.0
46199,0.0
46202,0.0
46203,0.0
46206,0.0
46210,0.0
46218,0.0
46227,0.0
46230,0.0
46231,0.0
46232,0.0
46234,0.0
46235,0.0
46251,0.0
46253,0.0
46259,0.0
46270,0.0
46271,0.0
46278,0.0
46283,0.0
46286,0.0
46297,0.0
46298,0.0
46303,0.0
46310,0.0
46316,0.0
46323,0.0
46334,0.0
46336,0.0
46337,0.0
46348,0.0
46353,0.0
46354,0.0
46358,0.0
46359,0.0
46363,0.0
46367,0.0
46375,0.0
46376,0.0
46378,0.0
46383,0.0
46384,0.0
46388,0.0
46392,0.0
46394,0.0
46414,0.0
46419,0.0
46423,0.0
46434,0.0
46437,0.0
46438,0.0
46441,0.0
46449,0.0
46453,0.0
46458,0.0
46463,0.0
46470,0.0
46473,0.0
46477,0.0
46478,0.0
46485,0.0
46495,0.0
46508,0.0
46516,0.0
46517,0.0
46523,0.0
46527,0.0
46535,0.0
46536,0.0
46543,0.0
46544,0.0
46545,0.0
46547,0.0
46551,0.0
46558,0.0
46559,0.0
46560,0.0
46564,0.0
46576,0.0
46582,0.0
46583,0.0
46586,0.0
46589,0.0
46600,0.0
46605,0.0
46621,0.0
46622,0.0
46623,0.0
46624,0.0
46627,0.0
46634,0.0
46638,0.0
46644,0.0
46654,0.0
46659,0.0
46668,0.0
46669,0.0
46686,0.0
46689,0.0
46691,0.0
46696,0.0
46697,0.0
46706,0.0
46710,0.0
46712,0.0
46713,0.0
46714,0.0
46717,0.0
46722,0.0
46728,0.0
46729,0.0
46744,0.0
46746,0.0
46750,0.0
46753,0.0
46756,0.0
46760,0.0
46766,0.0
46767,0.0
46778,0.0
46781,0.0
46786,0.0
46794,0.0
46796,0.0
46802,0.0
46820,0.0
46827,0.0
46832,0.0
46843,0.0
46847,0.0
46859,0.0
46862,0.0
46864,0.0
46866,0.0
46867,0.0
46872,0.0
46875,0.0
46880,0.0
46886,0.0
46889,0.0
46896,0.0
46898,0.0
46901,0.0
46902,0.0
46907,0.0
46914,0.0
46915,0.0
46921,0.0
46927,0.0
46959,0.0
46961,0.0
46964,0.0
46980,0.0
46983,0.0
46984,0.0
46992,0.0
46994,0.0
46995,0.0
47002,0.0
47005,0.0
47015,0.0
47019,0.0
47029,0.0
47044,0.0
47048,0.0
47053,0.0
47075,0.0
47077,0.0
47078,0.0
47080,0.0
47083,0.0
47090,0.0
47100,0.0
47103,0.0
47113,0.0
47114,0.0
47121,0.0
47127,0.0
47129,0.0
47132,0.0
47135,0.0
47150,0.0
47156,0.0
47160,0.0
47163,0.0
47167,0.0
47180,0.0
47187,0.0
47188,0.0
47195,0.0
47203,0.0
47209,0.0
47217,0.0
47228,0.0
47236,0.0
47239,0.0
47245,0.0
47246,0.0
47247,0.0
47249,0.0
47257,0.0
47260,0.0
47262,0.0
47273,0.0
47275,0.0
47279,0.0
47286,0.0
47289,0.0
47291,0.0
47295,0.0
47296,0.0
47297,0.0
47299,0.0
47300,0.0
47303,0.0
47306,0.0
47308,0.0
47317,0.0
47324,0.0
47326,0.0
47327,0.0
47330,0.0
47331,0.0
47336,0.0
47337,0.0
47340,0.0
47348,0.0
47349,0.0
47356,0.0
47357,0.0
47358,0.0
47367,0.0
47379,0.0
47384,0.0
47386,0.0
47393,0.0
47399,0.0
47401,0.0
47402,0.0
47405,0.0
47408,0.0
47412,0.0
47416,0.0
47422,0.0
47424,0.0
47431,0.0
47433,0.0
47434,0.0
47436,0.0
47439,0.0
47447,0.0
47448,0.0
47452,0.0
47455,0.0
47459,0.0
47462,0.0
47463,0.0
47474,0.0
47494,0.0
47496,0.0
47497,0.0
47506,0.0
47508,0.0
47511,0.0
47515,0.0
47516,0.0
47520,0.0
47522,0.0
47524,0.0
47530,0.0
47531,0.0
47545,0.0
47547,0.0
47551,0.0
47552,0.0
47556,0.0
47558,0.0
47564,0.0
47565,0.0
47570,0.0
47583,0.0
47590,0.0
47594,0.0
47596,0.0
47598,0.0
47601,0.0
47604,0.0
47611,0.0
47612,0.0
47616,0.0
47617,0.0
47619,0.0
47630,0.0
47631,0.0
47643,0.0
47651,0.0
47662,0.0
47672,0.0
47679,0.0
47681,0.0
47686,0.0
47690,0.0
47693,0.0
47698,0.0
47700,0.0
47701,0.0
47704,0.0
47706,0.0
47708,0.0
47709,0.0
47710,0.0
47716,0.0
47719,0.0
47721,0.0
47722,0.0
47725,0.0
47728,0.0
47734,0.0
47736,0.0
47739,0.0
47748,0.0
47750,0.0
47752,0.0
47757,0.0
47760,0.0
47766,0.0
47769,0.0
47770,0.0
47774,0.0
47777,0.0
47779,0.0
47780,0.0
47781,0.0
47782,0.0
47786,0.0
47787,0.0
47797,0.0
47802,0.0
47813,0.0
47814,0.0
47819,0.0
47821,0.0
47822,0.0
47825,0.0
47830,0.0
47834,0.0
47835,0.0
47840,0.0
47841,0.0
47842,0.0
47844,0.0
47847,0.0
47863,0.0
47865,0.0
47868,0.0
47883,0.0
47885,0.0
47887,0.0
47889,0.0
47897,0.0
47900,0.0
47917,0.0
47925,0.0
47926,0.0
47929,0.0
47937,0.0
47946,0.0
47949,0.0
47951,0.0
47952,0.0
47963,0.0
47964,0.0
47974,0.0
47977,0.0
47978,0.0
48008,0.0
48011,0.0
48021,0.0
48028,0.0
48033,0.0
48034,0.0
48035,0.0
48039,0.0
48042,0.0
48044,0.0
48046,0.0
48060,0.0
48066,0.0
48072,0.0
48076,0.0
48080,0.0
48088,0.0
48091,0.0
48095,0.0
48096,0.0
48099,0.0
48104,0.0
48105,0.0
48106,0.0
48107,0.0
48110,0.0
48113,0.0
48120,0.0
48128,0.0
48132,0.0
48147,0.0
48160,0.0
48163,0.0
48165,0.0
48175,0.0
48181,0.0
48182,0.0
48188,0.0
48190,0.0
48202,0.0
48204,0.0
48206,0.0
48217,0.0
48218,0.0
48220,0.0
48233,0.0
48235,0.0
48240,0.0
48245,0.0
48248,0.0
48255,0.0
48264,0.0
48267,0.0
48269,0.0
48278,0.0
48283,0.0
48287,0.0
48310,0.0
48316,0.0
48319,0.0
48331,0.0
48334,0.0
48340,0.0
48354,0.0
48364,0.0
48378,0.0
48381,0.0
48384,0.0
48389,0.0
48395,0.0
48396,0.0
48406,0.0
48408,0.0
48410,0.0
48427,0.0
48428,0.0
48432,0.0
48435,0.0
48436,0.0
48437,0.0
48439,0.0
48440,0.0
48442,0.0
48448,0.0
48450,0.0
48453,0.0
48455,0.0
48457,0.0
48460,0.0
48462,0.0
48463,0.0
48470,0.0
48477,0.0
48481,0.0
48482,0.0
48495,0.0
48498,0.0
48504,0.0
48509,0.0
48519,0.0
48520,0.0
48525,0.0
48534,0.0
48542,0.0
48543,0.0
48544,0.0
48546,0.0
48551,0.0
48558,0.0
48577,0.0
48585,0.0
48586,0.0
48588,0.0
48598,0.0
48602,0.0
48607,0.0
48609,0.0
48612,0.0
48616,0.0
48618,0.0
48619,0.0
48622,0.0
48632,0.0
48634,0.0
48636,0.0
48638,0.0
48641,0.0
48653,0.0
48654,0.0
48659,0.0
48668,0.0
48670,0.0
48671,0.0
48683,0.0
48685,0.0
48692,0.0
48694,0.0
48698,0.0
48707,0.0
48708,0.0
48715,0.0
48716,0.0
48721,0.0
48725,0.0
48726,0.0
48728,0.0
48729,0.0
48735,0.0
48736,0.0
48749,0.0
48758,0.0
48764,0.0
48769,0.0
48773,0.0
48775,0.0
48776,0.0
48781,0.0
48791,0.0
48792,0.0
48803,0.0
48806,0.0
48808,0.0
48809,0.0
48812,0.0
48815,0.0
48818,0.0
48829,0.0
48833,0.0
48871,0.0
48876,0.0
48882,0.0
48890,0.0
48907,0.0
48915,0.0
48920,0.0
48938,0.0
48944,0.0
48945,0.0
48951,0.0
48966,0.0
48972,0.0
48980,0.0
48985,0.0
48986,0.0
48988,0.0
48993,0.0
48996,0.0
49000,0.0
49001,0.0
49003,0.0
49004,0.0
49009,0.0
49012,0.0
49017,0.0
49019,0.0
49023,0.0
49027,0.0
49028,0.0
49030,0.0
49033,0.0
49044,0.0
49047,0.0
49062,0.0
49066,0.0
49085,0.0
49086,0.0
49091,0.0
49100,0.0
49102,0.0
49108,0.0
49109,0.0
49112,0.0
49114,0.0
49116,0.0
49135,0.0
49137,0.0
49144,0.0
49145,0.0
49149,0.0
49155,0.0
49157,0.0
49158,0.0
49162,0.0
49172,0.0
49175,0.0
49178,0.0
49194,0.0
49217,0.0
49220,0.0
49224,0.0
49230,0.0
49232,0.0
49237,0.0
49244,0.0
49246,0.0
49249,0.0
49256,0.0
49260,0.0
49274,0.0
49286,0.0
49303,0.0
49314,0.0
49319,0.0
49323,0.0
49326,0.0
49327,0.0
49331,0.0
49339,0.0
49347,0.0
49349,0.0
49373,0.0
49375,0.0
49376,0.0
49377,0.0
49385,0.0
49388,0.0
49390,0.0
49391,0.0
49402,0.0
49415,0.0
49418,0.0
49437,0.0
49438,0.0
49445,0.0
49455,0.0
49460,0.0
49462,0.0
49468,0.0
49480,0.0
49486,0.0
49492,0.0
49499,0.0
49505,0.0
49513,0.0
49516,0.0
49522,0.0
49526,0.0
49531,0.0
49537,0.0
49561,0.0
49562,0.0
49568,0.0
49572,0.0
49575,0.0
49585,0.0
49592,0.0
49593,0.0
49595,0.0
49605,0.0
49611,0.0
49612,0.0
49614,0.0
49615,0.0
49621,0.0
49633,0.0
49647,0.0
49653,0.0
49654,0.0
49656,0.0
49660,0.0
49662,0.0
49667,0.0
49670,0.0
49671,0.0
49686,0.0
49690,0.0
49695,0.0
49719,0.0
49722,0.0
49729,0.0
49732,0.0
49734,0.0
49752,0.0
49753,0.0
49757,0.0
49758,0.0
49760,0.0
49761,0.0
49769,0.0
49770,0.0
49778,0.0
49782,0.0
49785,0.0
49787,0.0
49789,0.0
49791,0.0
49805,0.0
49807,0.0
49809,0.0
49810,0.0
49829,0.0
49833,0.0
49834,0.0
49844,0.0
49848,0.0
49855,0.0
49863,0.0
49878,0.0
49880,0.0
49893,0.0
49899,0.0
49900,0.0
49914,0.0
49917,0.0
49933,0.0
49935,0.0
49940,0.0
49943,0.0
49949,0.0
49963,0.0
49966,0.0
49971,0.0
49977,0.0
49983,0.0
49999,0.0
50000,0.0
50010,0.0
50032,0.0
50034,0.0
50053,0.0
50064,0.0
50066,0.0
50067,0.0
50069,0.0
50070,0.0
50072,0.0
50078,0.0
50079,0.0
50082,0.0
50084,0.0
50086,0.0
50088,0.0
50089,0.0
50090,0.0
50092,0.0
50097,0.0
50099,0.0
50102,0.0
50109,0.0
50117,0.0
50127,0.0
50128,0.0
50139,0.0
50157,0.0
50164,0.0
50165,0.0
50169,0.0
50178,0.0
50182,0.0
50191,0.0
50210,0.0
50213,0.0
50214,0.0
50217,0.0
50219,0.0
50220,0.0
50222,0.0
50229,0.0
50233,0.0
50235,0.0
50238,0.0
50241,0.0
50244,0.0
50246,0.0
50250,0.0
50256,0.0
50258,0.0
50264,0.0
50269,0.0
50271,0.0
50274,0.0
50283,0.0
50285,0.0
50290,0.0
50291,0.0
50292,0.0
50294,0.0
50297,0.0
50301,0.0
50312,0.0
50315,0.0
50321,0.0
50324,0.0
50331,0.0
50339,0.0
50340,0.0
50350,0.0
50353,0.0
50367,0.0
50371,0.0
50372,0.0
50377,0.0
50381,0.0
50387,0.0
50390,0.0
50394,0.0
50423,0.0
50429,0.0
50432,0.0
50438,0.0
50439,0.0
50454,0.0
50460,0.0
50463,0.0
50465,0.0
50468,0.0
50482,0.0
50484,0.0
50489,0.0
50499,0.0
50500,0.0
50501,0.0
50502,0.0
50503,0.0
50504,0.0
50505,0.0
50506,0.0
50516,0.0
50519,0.0
50523,0.0
50526,0.0
50527,0.0
50529,0.0
50535,0.0
50541,0.0
50542,0.0
50543,0.0
50545,0.0
50549,0.0
50559,0.0
50560,0.0
50565,0.0
50566,0.0
50567,0.0
50572,0.0
50578,0.0
50587,0.0
50599,0.0
50600,0.0
50601,0.0
50602,0.0
50608,0.0
50613,0.0
50615,0.0
50617,0.0
50620,0.0
50628,0.0
50629,0.0
50631,0.0
50638,0.0
50644,0.0
50645,0.0
50646,0.0
50654,0.0
50656,0.0
50665,0.0
50669,0.0
50679,0.0
50684,0.0
50685,0.0
50686,0.0
50689,0.0
50693,0.0
50704,0.0
50708,0.0
50715,0.0
50721,0.0
50722,0.0
50723,0.0
50731,0.0
50733,0.0
50734,0.0
50735,0.0
50736,0.0
50740,0.0
50741,0.0
50742,0.0
50745,0.0
50746,0.0
50749,0.0
50751,0.0
50758,0.0
50763,0.0
50767,0.0
50770,0.0
50778,0.0
50785,0.0
50799,0.0
50802,0.0
50807,0.0
50811,0.0
50813,0.0
50824,0.0
50825,0.0
50828,0.0
50835,0.0
50848,0.0
50857,0.0
50858,0.0
50866,0.0
50880,0.0
50882,0.0
50883,0.0
50894,0.0
50896,0.0
50899,0.0
50900,0.0
50905,0.0
50915,0.0
50916,0.0
50920,0.0
50922,0.0
50924,0.0
50928,0.0
50931,0.0
50937,0.0
50950,0.0
50959,0.0
50960,0.0
50972,0.0
50979,0.0
50980,0.0
50987,0.0
50988,0.0
50994,0.0
50996,0.0
51005,0.0
51010,0.0
51013,0.0
51014,0.0
51017,0.0
51022,0.0
51026,0.0
51032,0.0
51034,0.0
51038,0.0
51052,0.0
51055,0.0
51056,0.0
51058,0.0
51060,0.0
51063,0.0
51076,0.0
51080,0.0
51083,0.0
51085,0.0
51093,0.0
51094,0.0
51105,0.0
51116,0.0
51124,0.0
51130,0.0
51136,0.0
51137,0.0
51141,0.0
51142,0.0
51154,0.0
51158,0.0
51161,0.0
51162,0.0
51165,0.0
51166,0.0
51173,0.0
51175,0.0
51176,0.0
51177,0.0
51181,0.0
51186,0.0
51190,0.0
51192,0.0
51211,0.0
51212,0.0
51222,0.0
51232,0.0
51249,0.0
51250,0.0
51251,0.0
51269,0.0
51271,0.0
51272,0.0
51275,0.0
51277,0.0
51280,0.0
51284,0.0
51292,0.0
51295,0.0
51298,0.0
51301,0.0
51303,0.0
51322,0.0
51328,0.0
51335,0.0
51337,0.0
51340,0.0
51348,0.0
51352,0.0
51355,0.0
51361,0.0
51367,0.0
51368,0.0
51372,0.0
51376,0.0
51386,0.0
51387,0.0
51399,0.0
51403,0.0
51405,0.0
51406,0.0
51408,0.0
51410,0.0
51415,0.0
51416,0.0
51417,0.0
51429,0.0
51434,0.0
51436,0.0
51439,0.0
51442,0.0
51445,0.0
51448,0.0
51451,0.0
51452,0.0
51454,0.0
51457,0.0
51463,0.0
51464,0.0
51468,0.0
51471,0.0
51472,0.0
51482,0.0
51484,0.0
51485,0.0
51487,0.0
51489,0.0
51495,0.0
51498,0.0
51503,0.0
51507,0.0
51510,0.0
51511,0.0
51519,0.0
51528,0.0
51531,0.0
51535,0.0
51542,0.0
51549,0.0
51551,0.0
51554,0.0
51555,0.0
51556,0.0
51559,0.0
51562,0.0
51566,0.0
51569,0.0
51571,0.0
51578,0.0
51581,0.0
51583,0.0
51584,0.0
51588,0.0
51591,0.0
51594,0.0
51595,0.0
51601,0.0
51602,0.0
51610,0.0
51621,0.0
51622,0.0
51626,0.0
51641,0.0
51643,0.0
51644,0.0
51646,0.0
51649,0.0
51657,0.0
51665,0.0
51669,0.0
51673,0.0
51675,0.0
51677,0.0
51683,0.0
51684,0.0
51687,0.0
51689,0.0
51690,0.0
51694,0.0
51695,0.0
51699,0.0
51702,0.0
51703,0.0
51710,0.0
51711,0.0
51712,0.0
51732,0.0
51740,0.0
51741,0.0
51757,0.0
51762,0.0
51777,0.0
51780,0.0
51787,0.0
51799,0.0
51805,0.0
51813,0.0
51814,0.0
51815,0.0
51821,0.0
51829,0.0
51830,0.0
51831,0.0
51834,0.0
51835,0.0
51839,0.0
51842,0.0
51845,0.0
51865,0.0
51876,0.0
51880,0.0
51885,0.0
51898,0.0
51900,0.0
51907,0.0
51912,0.0
51915,0.0
51918,0.0
51919,0.0
51920,0.0
51924,0.0
51927,0.0
51928,0.0
51929,0.0
51932,0.0
51934,0.0
51936,0.0
51938,0.0
51940,0.0
51948,0.0
51952,0.0
51953,0.0
51965,0.0
51985,0.0
51992,0.0
51995,0.0
51997,0.0
51998,0.0
52001,0.0
52014,0.0
52019,0.0
52022,0.0
52025,0.0
52026,0.0
52027,0.0
52029,0.0
52038,0.0
52054,0.0
52055,0.0
52061,0.0
52071,0.0
52073,0.0
52081,0.0
52086,0.0
52094,0.0
52097,0.0
52098,0.0
52120,0.0
52122,0.0
52123,0.0
52124,0.0
52127,0.0
52130,0.0
52134,0.0
52135,0.0
52137,0.0
52147,0.0
52151,0.0
52159,0.0
52165,0.0
52172,0.0
52180,0.0
52187,0.0
52200,0.0
52201,0.0
52203,0.0
52217,0.0
52218,0.0
52241,0.0
52244,0.0
52247,0.0
52268,0.0
52269,0.0
52276,0.0
52277,0.0
52282,0.0
52291,0.0
52298,0.0
52303,0.0
52315,0.0
52316,0.0
52320,0.0
52322,0.0
52324,0.0
52325,0.0
52331,0.0
52332,0.0
52338,0.0
52339,0.0
52340,0.0
52345,0.0
52355,0.0
52358,0.0
52360,0.0
52363,0.0
52364,0.0
52365,0.0
52371,0.0
52373,0.0
52374,0.0
52385,0.0
52386,0.0
52387,0.0
52396,0.0
52399,0.0
52400,0.0
52401,0.0
52406,0.0
52411,0.0
52420,0.0
52421,0.0
52428,0.0
52437,0.0
52438,0.0
52439,0.0
52443,0.0
52446,0.0
52448,0.0
52449,0.0
52450,0.0
52460,0.0
52461,0.0
52468,0.0
52471,0.0
52472,0.0
52477,0.0
52485,0.0
52489,0.0
52490,0.0
52491,0.0
52505,0.0
52518,0.0
52527,0.0
52533,0.0
52538,0.0
52542,0.0
52547,0.0
52555,0.0
52562,0.0
52577,0.0
52584,0.0
52587,0.0
52588,0.0
52590,0.0
52593,0.0
52598,0.0
52599,0.0
52613,0.0
52616,0.0
52631,0.0
52632,0.0
52633,0.0
52636,0.0
52638,0.0
52647,0.0
52655,0.0
52663,0.0
52664,0.0
52667,0.0
52672,0.0
52677,0.0
52679,0.0
52680,0.0
52684,0.0
52696,0.0
52700,0.0
52710,0.0
52711,0.0
52722,0.0
52728,0.0
52750,0.0
52759,0.0
52763,0.0
52772,0.0
52794,0.0
52801,0.0
52814,0.0
52815,0.0
52822,0.0
52823,0.0
52826,0.0
52827,0.0
52836,0.0
52847,0.0
52850,0.0
52860,0.0
52893,0.0
52894,0.0
52896,0.0
52900,0.0
52914,0.0
52915,0.0
52922,0.0
52928,0.0
52939,0.0
52946,0.0
52947,0.0
52956,0.0
52977,0.0
52995,0.0
53000,0.0
53004,0.0
53010,0.0
53020,0.0
53023,0.0
53032,0.0
53036,0.0
53039,0.0
53041,0.0
53043,0.0
53058,0.0
53060,0.0
53061,0.0
53073,0.0
53076,0.0
53079,0.0
53083,0.0
53086,0.0
53088,0.0
53097,0.0
53104,0.0
53106,0.0
53117,0.0
53121,0.0
53122,0.0
53123,0.0
53126,0.0
53130,0.0
53132,0.0
53140,0.0
53144,0.0
53151,0.0
53156,0.0
53162,0.0
53167,0.0
53170,0.0
53174,0.0
53178,0.0
53184,0.0
53185,0.0
53189,0.0
53191,0.0
53198,0.0
53201,0.0
53205,0.0
53211,0.0
53216,0.0
53225,0.0
53227,0.0
53233,0.0
53242,0.0
53250,0.0
53253,0.0
53254,0.0
53260,0.0
53266,0.0
53268,0.0
53271,0.0
53278,0.0
53293,0.0
53294,0.0
53302,0.0
53313,0.0
53314,0.0
53318,0.0
53319,0.0
53329,0.0
53333,0.0
53337,0.0
53347,0.0
53350,0.0
53364,0.0
53370,0.0
53386,0.0
53389,0.0
53392,0.0
53396,0.0
53399,0.0
53400,0.0
53409,0.0
53415,0.0
53422,0.0
53424,0.0
53432,0.0
53439,0.0
53440,0.0
53442,0.0
53446,0.0
53450,0.0
53453,0.0
53460,0.0
53465,0.0
53475,0.0
53476,0.0
53481,0.0
53487,0.0
53489,0.0
53490,0.0
53494,0.0
53504,0.0
53507,0.0
53508,0.0
53512,0.0
53515,0.0
53518,0.0
53521,0.0
53534,0.0
53543,0.0
53544,0.0
53553,0.0
53554,0.0
53563,0.0
53568,0.0
53572,0.0
53575,0.0
53576,0.0
53580,0.0
53598,0.0
53615,0.0
53623,0.0
53626,0.0
53629,0.0
53631,0.0
53633,0.0
53635,0.0
53638,0.0
53644,0.0
53658,0.0
53680,0.0
53684,0.0
53688,0.0
53691,0.0
53696,0.0
53703,0.0
53706,0.0
53713,0.0
53714,0.0
53715,0.0
53721,0.0
53731,0.0
53732,0.0
53737,0.0
53738,0.0
53740,0.0
53754,0.0
53760,0.0
53762,0.0
53763,0.0
53768,0.0
53781,0.0
53782,0.0
53784,0.0
53786,0.0
53790,0.0
53798,0.0
53799,0.0
53804,0.0
53809,0.0
53811,0.0
53814,0.0
53820,0.0
53836,0.0
53844,0.0
53855,0.0
53856,0.0
53858,0.0
53862,0.0
53866,0.0
53867,0.0
53872,0.0
53883,0.0
53885,0.0
53890,0.0
53891,0.0
53900,0.0
53902,0.0
53905,0.0
53911,0.0
53913,0.0
53919,0.0
53922,0.0
53931,0.0
53936,0.0
53938,0.0
53944,0.0
53954,0.0
53968,0.0
53971,0.0
53974,0.0
53978,0.0
53980,0.0
53982,0.0
53983,0.0
53985,0.0
53987,0.0
53988,0.0
53997,0.0
54002,0.0
54011,0.0
54015,0.0
54016,0.0
54018,0.0
54019,0.0
54026,0.0
54027,0.0
54042,0.0
54044,0.0
54049,0.0
54052,0.0
54054,0.0
54056,0.0
54066,0.0
54069,0.0
54073,0.0
54078,0.0
54081,0.0
54085,0.0
54089,0.0
54093,0.0
54094,0.0
54096,0.0
54099,0.0
54101,0.0
54107,0.0
54113,0.0
54117,0.0
54123,0.0
54127,0.0
54139,0.0
54141,0.0
54143,0.0
54149,0.0
54152,0.0
54192,0.0
54198,0.0
54199,0.0
54208,0.0
54210,0.0
54221,0.0
54222,0.0
54230,0.0
54232,0.0
54235,0.0
54236,0.0
54238,0.0
54239,0.0
54248,0.0
54250,0.0
54251,0.0
54258,0.0
54266,0.0
54272,0.0
54274,0.0
54278,0.0
54279,0.0
54288,0.0
54292,0.0
54295,0.0
54296,0.0
54308,0.0
54333,0.0
54334,0.0
54337,0.0
54339,0.0
54340,0.0
54341,0.0
54355,0.0
54357,0.0
54358,0.0
54362,0.0
54366,0.0
54367,0.0
54375,0.0
54377,0.0
54381,0.0
54384,0.0
54385,0.0
54386,0.0
54389,0.0
54398,0.0
54401,0.0
54404,0.0
54407,0.0
54410,0.0
54412,0.0
54419,0.0
54420,0.0
54424,0.0
54426,0.0
54427,0.0
54431,0.0
54433,0.0
54434,0.0
54441,0.0
54442,0.0
54451,0.0
54453,0.0
54461,0.0
54468,0.0
54481,0.0
54487,0.0
54491,0.0
54495,0.0
54501,0.0
54505,0.0
54509,0.0
54516,0.0
54518,0.0
54521,0.0
54524,0.0
54525,0.0
54529,0.0
54532,0.0
54540,0.0
54541,0.0
54542,0.0
54544,0.0
54546,0.0
54547,0.0
54548,0.0
54555,0.0
54556,0.0
54563,0.0
54578,0.0
54591,0.0
54593,0.0
54594,0.0
54597,0.0
54603,0.0
54605,0.0
54610,0.0
54613,0.0
54627,0.0
54628,0.0
54638,0.0
54650,0.0
54653,0.0
54657,0.0
54664,0.0
54665,0.0
54666,0.0
54672,0.0
54673,0.0
54679,0.0
54683,0.0
54684,0.0
54693,0.0
54699,0.0
54703,0.0
54708,0.0
54713,0.0
54718,0.0
54726,0.0
54749,0.0
54752,0.0
54754,0.0
54769,0.0
54772,0.0
54776,0.0
54786,0.0
54788,0.0
54791,0.0
54793,0.0
54795,0.0
54798,0.0
54802,0.0
54806,0.0
54808,0.0
54813,0.0
54821,0.0
54828,0.0
54829,0.0
54834,0.0
54836,0.0
54842,0.0
54849,0.0
54855,0.0
54865,0.0
54866,0.0
54871,0.0
54878,0.0
54881,0.0
54882,0.0
54902,0.0
54904,0.0
54912,0.0
54914,0.0
54924,0.0
54925,0.0
54933,0.0
54934,0.0
54937,0.0
54940,0.0
54944,0.0
54950,0.0
54951,0.0
54953,0.0
54954,0.0
54956,0.0
54957,0.0
54964,0.0
54966,0.0
54967,0.0
54976,0.0
54981,0.0
54988,0.0
54991,0.0
54997,0.0
55004,0.0
55012,0.0
55013,0.0
55015,0.0
55016,0.0
55022,0.0
55027,0.0
55032,0.0
55035,0.0
55043,0.0
55045,0.0
55050,0.0
55056,0.0
55061,0.0
55068,0.0
55070,0.0
55074,0.0
55077,0.0
55087,0.0
55089,0.0
55095,0.0
55097,0.0
55099,0.0
55102,0.0
55103,0.0
55132,0.0
55135,0.0
55139,0.0
55140,0.0
55144,0.0
55146,0.0
55147,0.0
55158,0.0
55167,0.0
55170,0.0
55173,0.0
55176,0.0
55179,0.0
55180,0.0
55184,0.0
55189,0.0
55190,0.0
55205,0.0
55213,0.0
55224,0.0
55225,0.0
55232,0.0
55234,0.0
55237,0.0
55242,0.0
55252,0.0
55257,0.0
55258,0.0
55291,0.0
55293,0.0
55295,0.0
55297,0.0
55298,0.0
55299,0.0
55303,0.0
55309,0.0
55310,0.0
55315,0.0
55322,0.0
55326,0.0
55327,0.0
55328,0.0
55330,0.0
55334,0.0
55344,0.0
55348,0.0
55350,0.0
55358,0.0
55361,0.0
55364,0.0
55369,0.0
55375,0.0
55376,0.0
55378,0.0
55380,0.0
55386,0.0
55393,0.0
55397,0.0
55404,0.0
55407,0.0
55419,0.0
55420,0.0
55428,0.0
55441,0.0
55448,0.0
55452,0.0
55457,0.0
55461,0.0
55464,0.0
55470,0.0
55474,0.0
55477,0.0
55478,0.0
55487,0.0
55491,0.0
55494,0.0
55500,0.0
55508,0.0
55509,0.0
55516,0.0
55518,0.0
55521,0.0
55531,0.0
55551,0.0
55557,0.0
55564,0.0
55567,0.0
55568,0.0
55574,0.0
55579,0.0
55583,0.0
55585,0.0
55592,0.0
55595,0.0
55600,0.0
55601,0.0
55602,0.0
55603,0.0
55607,0.0
55618,0.0
55621,0.0
55629,0.0
55631,0.0
55634,0.0
55635,0.0
55645,0.0
55658,0.0
55667,0.0
55670,0.0
55672,0.0
55680,0.0
55683,0.0
55686,0.0
55688,0.0
55691,0.0
55707,0.0
55709,0.0
55718,0.0
55721,0.0
55724,0.0
55727,0.0
55736,0.0
55742,0.0
55769,0.0
55772,0.0
55775,0.0
55790,0.0
55791,0.0
55796,0.0
55806,0.0
55811,0.0
55821,0.0
55826,0.0
55831,0.0
55836,0.0
55844,0.0
55850,0.0
55859,0.0
55865,0.0
55868,0.0
55872,0.0
55884,0.0
55885,0.0
55891,0.0
55895,0.0
55898,0.0
55901,0.0
55903,0.0
55910,0.0
55913,0.0
55919,0.0
55921,0.0
55932,0.0
55942,0.0
55943,0.0
55946,0.0
55951,0.0
55952,0.0
55956,0.0
55961,0.0
55962,0.0
55978,0.0
55986,0.0
55995,0.0
56001,0.0
56003,0.0
56005,0.0
56021,0.0
56025,0.0
56029,0.0
56030,0.0
56033,0.0
56041,0.0
56042,0.0
56051,0.0
56052,0.0
56057,0.0
56059,0.0
56069,0.0
56082,0.0
56090,0.0
56095,0.0
56099,0.0
56108,0.0
56110,0.0
56114,0.0
56115,0.0
56116,0.0
56118,0.0
56123,0.0
56124,0.0
56136,0.0
56138,0.0
56141,0.0
56147,0.0
56156,0.0
56163,0.0
56168,0.0
56170,0.0
56172,0.0
56174,0.0
56180,0.0
56185,0.0
56187,0.0
56190,0.0
56199,0.0
56201,0.0
56204,0.0
56206,0.0
56211,0.0
56220,0.0
56232,0.0
56237,0.0
56240,0.0
56249,0.0
56253,0.0
56255,0.0
56256,0.0
56262,0.0
56266,0.0
56271,0.0
56275,0.0
56279,0.0
56280,0.0
56285,0.0
56286,0.0
56289,0.0
56290,0.0
56295,0.0
56299,0.0
56306,0.0
56312,0.0
56314,0.0
56317,0.0
56318,0.0
56320,0.0
56326,0.0
56329,0.0
56332,0.0
56333,0.0
56336,0.0
56347,0.0
56348,0.0
56356,0.0
56358,0.0
56363,0.0
56367,0.0
56369,0.0
56371,0.0
56375,0.0
56379,0.0
56389,0.0
56390,0.0
56394,0.0
56395,0.0
56404,0.0
56410,0.0
56412,0.0
56415,0.0
56419,0.0
56424,0.0
56426,0.0
56427,0.0
56428,0.0
56431,0.0
56434,0.0
56437,0.0
56445,0.0
56452,0.0
56455,0.0
56457,0.0
56461,0.0
56465,0.0
56468,0.0
56474,0.0
56476,0.0
56477,0.0
56480,0.0
56484,0.0
56487,0.0
56488,0.0
56491,0.0
56492,0.0
56497,0.0
56501,0.0
56511,0.0
56512,0.0
56524,0.0
56535,0.0
56538,0.0
56546,0.0
56550,0.0
56551,0.0
56555,0.0
56566,0.0
56570,0.0
56576,0.0
56578,0.0
56585,0.0
56587,0.0
56601,0.0
56623,0.0
56624,0.0
56626,0.0
56629,0.0
56641,0.0
56653,0.0
56654,0.0
56656,0.0
56663,0.0
56666,0.0
56667,0.0
56668,0.0
56684,0.0
56690,0.0
56700,0.0
56711,0.0
56717,0.0
56721,0.0
56722,0.0
56723,0.0
56734,0.0
56741,0.0
56748,0.0
56756,0.0
56760,0.0
56766,0.0
56769,0.0
56770,0.0
56783,0.0
56788,0.0
56789,0.0
56790,0.0
56799,0.0
56807,0.0
56812,0.0
56813,0.0
56818,0.0
56823,0.0
56824,0.0
56825,0.0
56840,0.0
56842,0.0
56850,0.0
56851,0.0
56854,0.0
56856,0.0
56857,0.0
56861,0.0
56865,0.0
56872,0.0
56875,0.0
56879,0.0
56883,0.0
56884,0.0
56889,0.0
56892,0.0
56893,0.0
56895,0.0
56905,0.0
56906,0.0
56909,0.0
56911,0.0
56917,0.0
56918,0.0
56920,0.0
56921,0.0
56933,0.0
56935,0.0
56936,0.0
56937,0.0
56939,0.0
56947,0.0
56953,0.0
56954,0.0
56956,0.0
56960,0.0
56972,0.0
56981,0.0
56986,0.0
56987,0.0
56990,0.0
57004,0.0
57015,0.0
57017,0.0
57018,0.0
57020,0.0
57023,0.0
57033,0.0
57043,0.0
57046,0.0
57054,0.0
57059,0.0
57060,0.0
57077,0.0
57081,0.0
57084,0.0
57086,0.0
57087,0.0
57104,0.0
57106,0.0
57111,0.0
57118,0.0
57121,0.0
57125,0.0
57130,0.0
57139,0.0
57147,0.0
57148,0.0
57153,0.0
57156,0.0
57157,0.0
57160,0.0
57162,0.0
57167,0.0
57169,0.0
57182,0.0
57184,0.0
57187,0.0
57188,0.0
57198,0.0
57202,0.0
57204,0.0
57212,0.0
57220,0.0
57228,0.0
57229,0.0
57242,0.0
57253,0.0
57254,0.0
57255,0.0
57260,0.0
57265,0.0
57268,0.0
57270,0.0
57281,0.0
57292,0.0
57295,0.0
57297,0.0
57304,0.0
57307,0.0
57311,0.0
57314,0.0
57326,0.0
57331,0.0
57334,0.0
57336,0.0
57344,0.0
57346,0.0
57350,0.0
57355,0.0
57359,0.0
57367,0.0
57374,0.0
57375,0.0
57378,0.0
57388,0.0
57389,0.0
57396,0.0
57397,0.0
57400,0.0
57426,0.0
57429,0.0
57438,0.0
57439,0.0
57440,0.0
57441,0.0
57442,0.0
57454,0.0
57455,0.0
57457,0.0
57458,0.0
57460,0.0
57462,0.0
57464,0.0
57469,0.0
57471,0.0
57473,0.0
57478,0.0
57484,0.0
57492,0.0
57507,0.0
57511,0.0
57514,0.0
57516,0.0
57519,0.0
57522,0.0
57533,0.0
57536,0.0
57543,0.0
57552,0.0
57556,0.0
57557,0.0
57561,0.0
57563,0.0
57564,0.0
57570,0.0
57580,0.0
57603,0.0
57610,0.0
57611,0.0
57613,0.0
57618,0.0
57625,0.0
57626,0.0
57627,0.0
57638,0.0
57641,0.0
57647,0.0
57651,0.0
57654,0.0
57655,0.0
57660,0.0
57664,0.0
57665,0.0
57675,0.0
57678,0.0
57685,0.0
57689,0.0
57713,0.0
57718,0.0
57719,0.0
57721,0.0
57729,0.0
57739,0.0
57750,0.0
57755,0.0
57758,0.0
57761,0.0
57764,0.0
57766,0.0
57768,0.0
57775,0.0
57777,0.0
57778,0.0
57780,0.0
57785,0.0
57797,0.0
57802,0.0
57803,0.0
57810,0.0
57811,0.0
57812,0.0
57817,0.0
57818,0.0
57824,0.0
57826,0.0
57830,0.0
57832,0.0
57834,0.0
57844,0.0
57845,0.0
57846,0.0
57861,0.0
57864,0.0
57874,0.0
57877,0.0
57885,0.0
57888,0.0
57891,0.0
57895,0.0
57908,0.0
57913,0.0
57917,0.0
57923,0.0
57927,0.0
57929,0.0
57942,0.0
57950,0.0
57960,0.0
57962,0.0
57964,0.0
57965,0.0
57971,0.0
57975,0.0
57976,0.0
57982,0.0
57986,0.0
57989,0.0
57998,0.0
57999,0.0
58001,0.0
58002,0.0
58005,0.0
58006,0.0
58008,0.0
58019,0.0
58023,0.0
58026,0.0
58033,0.0
58034,0.0
58035,0.0
58043,0.0
58052,0.0
58054,0.0
58055,0.0
58065,0.0
58069,0.0
58070,0.0
58078,0.0
58079,0.0
58081,0.0
58084,0.0
58086,0.0
58088,0.0
58089,0.0
58092,0.0
58097,0.0
58104,0.0
58128,0.0
58139,0.0
58146,0.0
58154,0.0
58157,0.0
58180,0.0
58185,0.0
58189,0.0
58190,0.0
58191,0.0
58199,0.0
58200,0.0
58207,0.0
58209,0.0
58218,0.0
58219,0.0
58224,0.0
58232,0.0
58233,0.0
58237,0.0
58240,0.0
58249,0.0
58262,0.0
58266,0.0
58276,0.0
58277,0.0
58287,0.0
58288,0.0
58291,0.0
58294,0.0
58299,0.0
58300,0.0
58303,0.0
58313,0.0
58327,0.0
58330,0.0
58336,0.0
58341,0.0
58346,0.0
58349,0.0
58351,0.0
58354,0.0
58355,0.0
58362,0.0
58364,0.0
58369,0.0
58370,0.0
58384,0.0
58387,0.0
58389,0.0
58393,0.0
58400,0.0
58408,0.0
58410,0.0
58414,0.0
58420,0.0
58424,0.0
58432,0.0
58435,0.0
58439,0.0
58444,0.0
58454,0.0
58463,0.0
58479,0.0
58481,0.0
58490,0.0
58493,0.0
58514,0.0
58528,0.0
58529,0.0
58532,0.0
58535,0.0
58543,0.0
58545,0.0
58555,0.0
58560,0.0
58570,0.0
58574,0.0
58575,0.0
58581,0.0
58583,0.0
58585,0.0
58588,0.0
58591,0.0
58598,0.0
58601,0.0
58602,0.0
58611,0.0
58615,0.0
58627,0.0
58638,0.0
58641,0.0
58646,0.0
58647,0.0
58651,0.0
58652,0.0
58659,0.0
58661,0.0
58662,0.0
58666,0.0
58669,0.0
58672,0.0
58674,0.0
58681,0.0
58686,0.0
58692,0.0
58695,0.0
58698,0.0
58699,0.0
58703,0.0
58708,0.0
58716,0.0
58718,0.0
58724,0.0
58729,0.0
58744,0.0
58745,0.0
58747,0.0
58748,0.0
58750,0.0
58753,0.0
58756,0.0
58761,0.0
58762,0.0
58770,0.0
58771,0.0
58775,0.0
58776,0.0
58781,0.0
58789,0.0
58792,0.0
58795,0.0
58796,0.0
58797,0.0
58799,0.0
58800,0.0
58805,0.0
58820,0.0
58828,0.0
58831,0.0
58832,0.0
58836,0.0
58840,0.0
58841,0.0
58844,0.0
58846,0.0
58847,0.0
58848,0.0
58856,0.0
58861,0.0
58862,0.0
58869,0.0
58872,0.0
58874,0.0
58878,0.0
58894,0.0
58896,0.0
58904,0.0
58912,0.0
58929,0.0
58940,0.0
58941,0.0
58944,0.0
58950,0.0
58955,0.0
58960,0.0
58966,0.0
58967,0.0
58969,0.0
58973,0.0
58975,0.0
58976,0.0
58995,0.0
58997,0.0
59007,0.0
59010,0.0
59013,0.0
59016,0.0
59023,0.0
59026,0.0
59039,0.0
59042,0.0
59043,0.0
59046,0.0
59051,0.0
59062,0.0
59065,0.0
59075,0.0
59078,0.0
59082,0.0
59089,0.0
59090,0.0
59092,0.0
59093,0.0
59095,0.0
59096,0.0
59104,0.0
59119,0.0
59120,0.0
59128,0.0
59130,0.0
59134,0.0
59137,0.0
59144,0.0
59145,0.0
59149,0.0
59154,0.0
59158,0.0
59160,0.0
59168,0.0
59169,0.0
59180,0.0
59181,0.0
59188,0.0
59192,0.0
59198,0.0
59201,0.0
59211,0.0
59212,0.0
59213,0.0
59220,0.0
59227,0.0
59228,0.0
59237,0.0
59241,0.0
59245,0.0
59246,0.0
59256,0.0
59259,0.0
59264,0.0
59265,0.0
59271,0.0
59282,0.0
59289,0.0
59293,0.0
59302,0.0
59305,0.0
59311,0.0
59313,0.0
59315,0.0
59326,0.0
59340,0.0
59346,0.0
59349,0.0
59361,0.0
59365,0.0
59382,0.0
59383,0.0
59385,0.0
59388,0.0
59389,0.0
59392,0.0
59395,0.0
59408,0.0
59414,0.0
59417,0.0
59418,0.0
59427,0.0
59434,0.0
59440,0.0
59449,0.0
59455,0.0
59459,0.0
59463,0.0
59471,0.0
59472,0.0
59479,0.0
59481,0.0
59486,0.0
59487,0.0
59496,0.0
59499,0.0
59503,0.0
59508,0.0
59512,0.0
59516,0.0
59525,0.0
59533,0.0
59534,0.0
59536,0.0
59539,0.0
59540,0.0
59541,0.0
59544,0.0
59551,0.0
59560,0.0
59562,0.0
59567,0.0
59570,0.0
59571,0.0
59572,0.0
59582,0.0
59584,0.0
59585,0.0
59589,0.0
59594,0.0
59595,0.0
59599,0.0
59601,0.0
59606,0.0
59608,0.0
59609,0.0
59610,0.0
59614,0.0
59617,0.0
59621,0.0
59623,0.0
59625,0.0
59628,0.0
59638,0.0
59643,0.0
59662,0.0
59663,0.0
59667,0.0
59668,0.0
59675,0.0
59679,0.0
59700,0.0
59703,0.0
59711,0.0
59718,0.0
59719,0.0
59731,0.0
59750,0.0
59754,0.0
59764,0.0
59776,0.0
59777,0.0
59778,0.0
59780,0.0
59782,0.0
59786,0.0
59788,0.0
59794,0.0
59795,0.0
59797,0.0
59813,0.0
59826,0.0
59828,0.0
59832,0.0
59842,0.0
59847,0.0
59851,0.0
59854,0.0
59858,0.0
59860,0.0
59865,0.0
59878,0.0
59879,0.0
59887,0.0
59898,0.0
59899,0.0
59901,0.0
59905,0.0
59906,0.0
59912,0.0
59927,0.0
59928,0.0
59942,0.0
59947,0.0
59952,0.0
59954,0.0
59957,0.0
59967,0.0
59978,0.0
59986,0.0
59987,0.0
59993,0.0
59995,0.0
60001,0.0
60009,0.0
60025,0.0
60036,0.0
60038,0.0
60041,0.0
60046,0.0
60048,0.0
60056,0.0
60057,0.0
60060,0.0
60075,0.0
60079,0.0
60096,0.0
60100,0.0
60101,0.0
60102,0.0
60104,0.0
60108,0.0
60111,0.0
60117,0.0
60118,0.0
60130,0.0
60135,0.0
60138,0.0
60147,0.0
60156,0.0
60157,0.0
60163,0.0
60164,0.0
60169,0.0
60177,0.0
60179,0.0
60180,0.0
60185,0.0
60186,0.0
60189,0.0
60191,0.0
60193,0.0
60197,0.0
60201,0.0
60208,0.0
60214,0.0
60219,0.0
60223,0.0
60225,0.0
60234,0.0
60248,0.0
60251,0.0
60266,0.0
60278,0.0
60295,0.0
60298,0.0
60303,0.0
60307,0.0
60311,0.0
60313,0.0
60314,0.0
60315,0.0
60325,0.0
60337,0.0
60338,0.0
60341,0.0
60342,0.0
60350,0.0
60353,0.0
60355,0.0
60357,0.0
60361,0.0
60365,0.0
60378,0.0
60383,0.0
60392,0.0
60395,0.0
60400,0.0
60402,0.0
60407,0.0
60413,0.0
60416,0.0
60418,0.0
60427,0.0
60438,0.0
60471,0.0
60475,0.0
60476,0.0
60484,0.0
60490,0.0
60491,0.0
60506,0.0
60510,0.0
60516,0.0
60518,0.0
60521,0.0
60523,0.0
60524,0.0
60531,0.0
60532,0.0
60537,0.0
60539,0.0
60550,0.0
60551,0.0
60562,0.0
60573,0.0
60575,0.0
60580,0.0
60584,0.0
60586,0.0
60588,0.0
60596,0.0
60610,0.0
60626,0.0
60629,0.0
60634,0.0
60637,0.0
60640,0.0
60659,0.0
60661,0.0
60662,0.0
60666,0.0
60686,0.0
60703,0.0
60709,0.0
60715,0.0
60724,0.0
60727,0.0
60729,0.0
60732,0.0
60736,0.0
60738,0.0
60742,0.0
60745,0.0
60746,0.0
60757,0.0
60766,0.0
60767,0.0
60770,0.0
60772,0.0
60774,0.0
60786,0.0
60804,0.0
60807,0.0
60811,0.0
60813,0.0
60822,0.0
60823,0.0
60827,0.0
60832,0.0
60834,0.0
60836,0.0
60838,0.0
60839,0.0
60842,0.0
60845,0.0
60847,0.0
60855,0.0
60860,0.0
60864,0.0
60869,0.0
60877,0.0
60878,0.0
60887,0.0
60895,0.0
60897,0.0
60903,0.0
60904,0.0
60906,0.0
60923,0.0
60928,0.0
60933,0.0
60948,0.0
60951,0.0
60957,0.0
60976,0.0
60979,0.0
60981,0.0
60983,0.0
60985,0.0
60988,0.0
60994,0.0
60999,0.0
61015,0.0
61017,0.0
61018,0.0
61020,0.0
61026,0.0
61029,0.0
61032,0.0
61040,0.0
61049,0.0
61050,0.0
61068,0.0
61076,0.0
61078,0.0
61082,0.0
61084,0.0
61086,0.0
61089,0.0
61090,0.0
61091,0.0
61093,0.0
61095,0.0
61105,0.0
61109,0.0
61111,0.0
61114,0.0
61118,0.0
61120,0.0
61131,0.0
61132,0.0
61133,0.0
61138,0.0
61139,0.0
61141,0.0
61143,0.0
61147,0.0
61149,0.0
61151,0.0
61152,0.0
61154,0.0
61156,0.0
61163,0.0
61166,0.0
61167,0.0
61179,0.0
61180,0.0
61214,0.0
61215,0.0
61216,0.0
61217,0.0
61218,0.0
61219,0.0
61225,0.0
61226,0.0
61232,0.0
61233,0.0
61239,0.0
61242,0.0
61250,0.0
61255,0.0
61256,0.0
61260,0.0
61266,0.0
61270,0.0
61274,0.0
61282,0.0
61289,0.0
61293,0.0
61294,0.0
61295,0.0
61299,0.0
61309,0.0
61319,0.0
61325,0.0
61345,0.0
61352,0.0
61363,0.0
61365,0.0
61369,0.0
61381,0.0
61382,0.0
61384,0.0
61385,0.0
61388,0.0
61394,0.0
61396,0.0
61401,0.0
61402,0.0
61420,0.0
61429,0.0
61434,0.0
61435,0.0
61444,0.0
61447,0.0
61452,0.0
61464,0.0
61469,0.0
61482,0.0
61486,0.0
61490,0.0
61504,0.0
61507,0.0
61516,0.0
61523,0.0
61528,0.0
61529,0.0
61533,0.0
61536,0.0
61549,0.0
61552,0.0
61556,0.0
61558,0.0
61577,0.0
61582,0.0
61583,0.0
61586,0.0
61593,0.0
61600,0.0
61603,0.0
61610,0.0
61614,0.0
61622,0.0
61626,0.0
61627,0.0
61632,0.0
61640,0.0
61644,0.0
61649,0.0
61650,0.0
61654,0.0
61661,0.0
61662,0.0
61665,0.0
61668,0.0
61671,0.0
61672,0.0
61673,0.0
61678,0.0
61679,0.0
61680,0.0
61683,0.0
61688,0.0
61691,0.0
61692,0.0
61694,0.0
61695,0.0
61696,0.0
61701,0.0
61703,0.0
61709,0.0
61712,0.0
61713,0.0
61725,0.0
61726,0.0
61734,0.0
61737,0.0
61740,0.0
61742,0.0
61748,0.0
61751,0.0
61766,0.0
61767,0.0
61770,0.0
61771,0.0
61788,0.0
61799,0.0
61800,0.0
61801,0.0
61802,0.0
61810,0.0
61814,0.0
61815,0.0
61824,0.0
61830,0.0
61840,0.0
61841,0.0
61873,0.0
61874,0.0
61880,0.0
61898,0.0
61908,0.0
61917,0.0
61924,0.0
61929,0.0
61932,0.0
61938,0.0
61942,0.0
61943,0.0
61946,0.0
61947,0.0
61952,0.0
61956,0.0
61960,0.0
61963,0.0
61968,0.0
61970,0.0
61973,0.0
61974,0.0
61979,0.0
61990,0.0
61992,0.0
61996,0.0
61999,0.0
62000,0.0
62001,0.0
62009,0.0
62016,0.0
62017,0.0
62023,0.0
62024,0.0
62029,0.0
62032,0.0
62039,0.0
62043,0.0
62044,0.0
62045,0.0
62049,0.0
62063,0.0
62065,0.0
62069,0.0
62072,0.0
62074,0.0
62077,0.0
62090,0.0
62107,0.0
62110,0.0
62117,0.0
62122,0.0
62126,0.0
62130,0.0
62135,0.0
62136,0.0
62142,0.0
62151,0.0
62152,0.0
62158,0.0
62160,0.0
62162,0.0
62163,0.0
62167,0.0
62170,0.0
62174,0.0
62175,0.0
62203,0.0
62207,0.0
62212,0.0
62222,0.0
62226,0.0
62227,0.0
62228,0.0
62238,0.0
62241,0.0
62247,0.0
62256,0.0
62260,0.0
62272,0.0
62288,0.0
62292,0.0
62294,0.0
62298,0.0
62310,0.0
62313,0.0
62318,0.0
62320,0.0
62322,0.0
62323,0.0
62330,0.0
62334,0.0
62336,0.0
62339,0.0
62342,0.0
62343,0.0
62345,0.0
62349,0.0
62351,0.0
62359,0.0
62362,0.0
62366,0.0
62373,0.0
62374,0.0
62375,0.0
62381,0.0
62383,0.0
62402,0.0
62405,0.0
62409,0.0
62413,0.0
62421,0.0
62423,0.0
62424,0.0
62426,0.0
62427,0.0
62428,0.0
62430,0.0
62434,0.0
62445,0.0
62454,0.0
62456,0.0
62460,0.0
62467,0.0
62472,0.0
62473,0.0
62480,0.0
62482,0.0
62491,0.0
62493,0.0
62496,0.0
62497,0.0
62498,0.0
62499,0.0
62503,0.0
62504,0.0
62508,0.0
62511,0.0
62514,0.0
62515,0.0
62521,0.0
62524,0.0
62529,0.0
62537,0.0
62540,0.0
62547,0.0
62552,0.0
62553,0.0
62555,0.0
62556,0.0
62559,0.0
62560,0.0
62561,0.0
62564,0.0
62572,0.0
62573,0.0
62579,0.0
62580,0.0
62581,0.0
62582,0.0
62585,0.0
62590,0.0
62594,0.0
62595,0.0
62597,0.0
62611,0.0
62613,0.0
62616,0.0
62618,0.0
62624,0.0
62627,0.0
62630,0.0
62631,0.0
62632,0.0
62636,0.0
62637,0.0
62645,0.0
62652,0.0
62656,0.0
62660,0.0
62663,0.0
62665,0.0
62667,0.0
62669,0.0
62671,0.0
62681,0.0
62682,0.0
62686,0.0
62688,0.0
62691,0.0
62696,0.0
62710,0.0
62719,0.0
62727,0.0
62730,0.0
62739,0.0
62740,0.0
62744,0.0
62749,0.0
62757,0.0
62762,0.0
62766,0.0
62782,0.0
62784,0.0
62785,0.0
62786,0.0
62794,0.0
62800,0.0
62801,0.0
62802,0.0
62805,0.0
62806,0.0
62807,0.0
62819,0.0
62820,0.0
62821,0.0
62833,0.0
62840,0.0
62843,0.0
62847,0.0
62859,0.0
62863,0.0
62866,0.0
62867,0.0
62870,0.0
62877,0.0
62879,0.0
62899,0.0
62902,0.0
62903,0.0
62912,0.0
62913,0.0
62918,0.0
62924,0.0
62925,0.0
62938,0.0
62944,0.0
62946,0.0
62950,0.0
62953,0.0
62957,0.0
62962,0.0
62974,0.0
62976,0.0
62977,0.0
62981,0.0
62982,0.0
62983,0.0
62984,0.0
62987,0.0
62997,0.0
62998,0.0
63007,0.0
63019,0.0
63022,0.0
63024,0.0
63056,0.0
63061,0.0
63062,0.0
63066,0.0
63073,0.0
63079,0.0
63080,0.0
63082,0.0
63087,0.0
63098,0.0
63099,0.0
63102,0.0
63103,0.0
63106,0.0
63107,0.0
63111,0.0
63115,0.0
63119,0.0
63121,0.0
63137,0.0
63139,0.0
63140,0.0
63144,0.0
63158,0.0
63169,0.0
63170,0.0
63177,0.0
63185,0.0
63191,0.0
63197,0.0
63199,0.0
63211,0.0
63214,0.0
63216,0.0
63220,0.0
63222,0.0
63228,0.0
63229,0.0
63233,0.0
63240,0.0
63247,0.0
63253,0.0
63255,0.0
63264,0.0
63276,0.0
63287,0.0
63288,0.0
63289,0.0
63299,0.0
63300,0.0
63302,0.0
63309,0.0
63310,0.0
63313,0.0
63320,0.0
63321,0.0
63323,0.0
63327,0.0
63328,0.0
63344,0.0
63348,0.0
63351,0.0
63355,0.0
63356,0.0
63358,0.0
63373,0.0
63376,0.0
63382,0.0
63384,0.0
63391,0.0
63395,0.0
63396,0.0
63404,0.0
63419,0.0
63427,0.0
63444,0.0
63447,0.0
63453,0.0
63461,0.0
63462,0.0
63468,0.0
63470,0.0
63471,0.0
63476,0.0
63487,0.0
63488,0.0
63493,0.0
63498,0.0
63513,0.0
63514,0.0
63518,0.0
63520,0.0
63524,0.0
63530,0.0
63531,0.0
63532,0.0
63533,0.0
63534,0.0
63539,0.0
63542,0.0
63543,0.0
63545,0.0
63551,0.0
63555,0.0
63559,0.0
63560,0.0
63563,0.0
63565,0.0
63567,0.0
63576,0.0
63584,0.0
63585,0.0
63589,0.0
63593,0.0
63605,0.0
63613,0.0
63627,0.0
63629,0.0
63636,0.0
63661,0.0
63670,0.0
63671,0.0
63673,0.0
63677,0.0
63683,0.0
63689,0.0
63695,0.0
63701,0.0
63708,0.0
63709,0.0
63721,0.0
63722,0.0
63726,0.0
63731,0.0
63734,0.0
63738,0.0
63742,0.0
63748,0.0
63761,0.0
63771,0.0
63773,0.0
63783,0.0
63787,0.0
63796,0.0
63797,0.0
63803,0.0
63814,0.0
63815,0.0
63823,0.0
63832,0.0
63844,0.0
63845,0.0
63855,0.0
63857,0.0
63858,0.0
63859,0.0
63862,0.0
63863,0.0
63872,0.0
63875,0.0
63887,0.0
63905,0.0
63910,0.0
63913,0.0
63917,0.0
63920,0.0
63925,0.0
63934,0.0
63939,0.0
63940,0.0
63945,0.0
63946,0.0
63955,0.0
63959,0.0
63962,0.0
63966,0.0
63968,0.0
63972,0.0
63988,0.0
63991,0.0
63993,0.0
64003,0.0
64006,0.0
64008,0.0
64013,0.0
64014,0.0
64036,0.0
64048,0.0
64051,0.0
64054,0.0
64067,0.0
64077,0.0
64081,0.0
64083,0.0
64084,0.0
64085,0.0
64088,0.0
64095,0.0
64102,0.0
64114,0.0
64115,0.0
64131,0.0
64138,0.0
64141,0.0
64150,0.0
64151,0.0
64170,0.0
64171,0.0
64173,0.0
64174,0.0
64176,0.0
64177,0.0
64182,0.0
64184,0.0
64187,0.0
64188,0.0
64190,0.0
64191,0.0
64192,0.0
64194,0.0
64195,0.0
64196,0.0
64199,0.0
64201,0.0
64202,0.0
64203,0.0
64211,0.0
64220,0.0
64222,0.0
64224,0.0
64227,0.0
64233,0.0
64245,0.0
64248,0.0
64251,0.0
64253,0.0
64255,0.0
64257,0.0
64258,0.0
64265,0.0
64266,0.0
64272,0.0
64278,0.0
64286,0.0
64287,0.0
64289,0.0
64291,0.0
64294,0.0
64305,0.0
64308,0.0
64310,0.0
64314,0.0
64320,0.0
64321,0.0
64322,0.0
64323,0.0
64324,0.0
64325,0.0
64326,0.0
64327,0.0
64336,0.0
64344,0.0
64347,0.0
64351,0.0
64355,0.0
64357,0.0
64375,0.0
64377,0.0
64383,0.0
64388,0.0
64390,0.0
64397,0.0
64417,0.0
64418,0.0
64424,0.0
64429,0.0
64441,0.0
64443,0.0
64452,0.0
64464,0.0
64466,0.0
64476,0.0
64481,0.0
64484,0.0
64486,0.0
64492,0.0
64496,0.0
64497,0.0
64499,0.0
64500,0.0
64506,0.0
64508,0.0
64509,0.0
64510,0.0
64513,0.0
64520,0.0
64529,0.0
64550,0.0
64551,0.0
64554,0.0
64557,0.0
64558,0.0
64559,0.0
64560,0.0
64562,0.0
64564,0.0
64574,0.0
64576,0.0
64577,0.0
64581,0.0
64582,0.0
64585,0.0
64588,0.0
64589,0.0
64592,0.0
64594,0.0
64595,0.0
64607,0.0
64609,0.0
64613,0.0
64614,0.0
64615,0.0
64619,0.0
64621,0.0
64623,0.0
64625,0.0
64629,0.0
64631,0.0
64635,0.0
64645,0.0
64646,0.0
64651,0.0
64652,0.0
64655,0.0
64659,0.0
64669,0.0
64671,0.0
64679,0.0
64680,0.0
64685,0.0
64696,0.0
64697,0.0
64700,0.0
64701,0.0
64703,0.0
64722,0.0
64739,0.0
64749,0.0
64753,0.0
64754,0.0
64761,0.0
64762,0.0
64770,0.0
64776,0.0
64778,0.0
64782,0.0
64785,0.0
64787,0.0
64792,0.0
64800,0.0
64802,0.0
64803,0.0
64804,0.0
64806,0.0
64809,0.0
64815,0.0
64826,0.0
64829,0.0
64831,0.0
64846,0.0
64851,0.0
64854,0.0
64863,0.0
64871,0.0
64882,0.0
64885,0.0
64890,0.0
64893,0.0
64895,0.0
64897,0.0
64905,0.0
64906,0.0
64914,0.0
64915,0.0
64917,0.0
64919,0.0
64927,0.0
64929,0.0
64930,0.0
64933,0.0
64934,0.0
64937,0.0
64947,0.0
64958,0.0
64961,0.0
64966,0.0
64983,0.0
64984,0.0
64991,0.0
64994,0.0
65008,0.0
65012,0.0
65017,0.0
65019,0.0
65023,0.0
65027,0.0
65034,0.0
65043,0.0
65051,0.0
65067,0.0
65088,0.0
65089,0.0
65092,0.0
65103,0.0
65113,0.0
65117,0.0
65119,0.0
65122,0.0
65129,0.0
65132,0.0
65138,0.0
65141,0.0
65146,0.0
65148,0.0
65149,0.0
65151,0.0
65153,0.0
65170,0.0
65172,0.0
65175,0.0
65178,0.0
65185,0.0
65192,0.0
65193,0.0
65195,0.0
65197,0.0
65207,0.0
65208,0.0
65210,0.0
65214,0.0
65219,0.0
65226,0.0
65228,0.0
65245,0.0
65254,0.0
65263,0.0
65266,0.0
65267,0.0
65276,0.0
65278,0.0
65284,0.0
65286,0.0
65296,0.0
65302,0.0
65306,0.0
65308,0.0
65322,0.0
65326,0.0
65335,0.0
65348,0.0
65350,0.0
65360,0.0
65365,0.0
65372,0.0
65373,0.0
65374,0.0
65382,0.0
65390,0.0
65394,0.0
65395,0.0
65398,0.0
65404,0.0
65406,0.0
65409,0.0
65431,0.0
65435,0.0
65436,0.0
65437,0.0
65440,0.0
65441,0.0
65444,0.0
65445,0.0
65458,0.0
65464,0.0
65473,0.0
65478,0.0
65479,0.0
65482,0.0
65487,0.0
65488,0.0
65489,0.0
65492,0.0
65497,0.0
65504,0.0
65505,0.0
65508,0.0
65511,0.0
65516,0.0
65518,0.0
65520,0.0
65522,0.0
65534,0.0
65549,0.0
65550,0.0
65551,0.0
65555,0.0
65560,0.0
65567,0.0
65570,0.0
65583,0.0
65588,0.0
65594,0.0
65597,0.0
65604,0.0
65614,0.0
65622,0.0
65625,0.0
65635,0.0
65640,0.0
65643,0.0
65662,0.0
65666,0.0
65674,0.0
65677,0.0
65687,0.0
65688,0.0
65689,0.0
65702,0.0
65703,0.0
65705,0.0
65717,0.0
65718,0.0
65729,0.0
65737,0.0
65741,0.0
65742,0.0
65748,0.0
65757,0.0
65758,0.0
65761,0.0
65766,0.0
65768,0.0
65772,0.0
65778,0.0
65780,0.0
65800,0.0
65801,0.0
65802,0.0
65810,0.0
65812,0.0
65813,0.0
65821,0.0
65828,0.0
65836,0.0
65844,0.0
65846,0.0
65850,0.0
65853,0.0
65854,0.0
65855,0.0
65870,0.0
65878,0.0
65879,0.0
65880,0.0
65889,0.0
65895,0.0
65900,0.0
65903,0.0
65905,0.0
65915,0.0
65923,0.0
65935,0.0
65936,0.0
65944,0.0
65945,0.0
65949,0.0
65954,0.0
65965,0.0
65969,0.0
65972,0.0
65976,0.0
65978,0.0
65982,0.0
65984,0.0
65988,0.0
65989,0.0
65990,0.0
65992,0.0
65996,0.0
66026,0.0
66030,0.0
66036,0.0
66043,0.0
66049,0.0
66050,0.0
66059,0.0
66065,0.0
66067,0.0
66069,0.0
66083,0.0
66089,0.0
66094,0.0
66105,0.0
66115,0.0
66124,0.0
66132,0.0
66137,0.0
66141,0.0
66145,0.0
66146,0.0
66147,0.0
66151,0.0
66152,0.0
66161,0.0
66163,0.0
66166,0.0
66168,0.0
66171,0.0
66175,0.0
66180,0.0
66181,0.0
66182,0.0
66191,0.0
66196,0.0
66204,0.0
66211,0.0
66215,0.0
66217,0.0
66218,0.0
66220,0.0
66224,0.0
66227,0.0
66228,0.0
66231,0.0
66232,0.0
66250,0.0
66254,0.0
66259,0.0
66270,0.0
66272,0.0
66286,0.0
66287,0.0
66293,0.0
66296,0.0
66297,0.0
66301,0.0
66302,0.0
66308,0.0
66312,0.0
66326,0.0
66330,0.0
66331,0.0
66340,0.0
66342,0.0
66344,0.0
66346,0.0
66348,0.0
66349,0.0
66352,0.0
66354,0.0
66363,0.0
66367,0.0
66370,0.0
66372,0.0
66373,0.0
66374,0.0
66387,0.0
66388,0.0
66389,0.0
66395,0.0
66399,0.0
66403,0.0
66410,0.0
66419,0.0
66424,0.0
66427,0.0
66441,0.0
66442,0.0
66443,0.0
66452,0.0
66457,0.0
66466,0.0
66468,0.0
66474,0.0
66476,0.0
66486,0.0
66497,0.0
66498,0.0
66504,0.0
66507,0.0
66510,0.0
66521,0.0
66525,0.0
66528,0.0
66532,0.0
66540,0.0
66565,0.0
66571,0.0
66575,0.0
66580,0.0
66582,0.0
66584,0.0
66589,0.0
66592,0.0
66602,0.0
66608,0.0
66614,0.0
66622,0.0
66633,0.0
66636,0.0
66640,0.0
66648,0.0
66649,0.0
66652,0.0
66664,0.0
66665,0.0
66674,0.0
66678,0.0
66680,0.0
66684,0.0
66687,0.0
66694,0.0
66706,0.0
66715,0.0
66718,0.0
66729,0.0
66734,0.0
66736,0.0
66739,0.0
66745,0.0
66756,0.0
66776,0.0
66778,0.0
66799,0.0
66802,0.0
66803,0.0
66817,0.0
66826,0.0
66828,0.0
66831,0.0
66835,0.0
66836,0.0
66839,0.0
66842,0.0
66847,0.0
66857,0.0
66867,0.0
66876,0.0
66888,0.0
66896,0.0
66897,0.0
66903,0.0
66905,0.0
66906,0.0
66915,0.0
66918,0.0
66920,0.0
66922,0.0
66923,0.0
66928,0.0
66940,0.0
66954,0.0
66961,0.0
66963,0.0
66965,0.0
66966,0.0
66967,0.0
66974,0.0
66975,0.0
66976,0.0
66981,0.0
66982,0.0
66984,0.0
66987,0.0
66994,0.0
66995,0.0
67004,0.0
67010,0.0
67011,0.0
67015,0.0
67026,0.0
67028,0.0
67039,0.0
67041,0.0
67045,0.0
67049,0.0
67064,0.0
67072,0.0
67079,0.0
67080,0.0
67081,0.0
67084,0.0
67089,0.0
67099,0.0
67105,0.0
67107,0.0
67121,0.0
67126,0.0
67132,0.0
67133,0.0
67138,0.0
67146,0.0
67150,0.0
67157,0.0
67165,0.0
67179,0.0
67182,0.0
67183,0.0
67187,0.0
67188,0.0
67206,0.0
67224,0.0
67226,0.0
67227,0.0
67238,0.0
67240,0.0
67254,0.0
67265,0.0
67266,0.0
67278,0.0
67283,0.0
67288,0.0
67289,0.0
67291,0.0
67305,0.0
67317,0.0
67321,0.0
67335,0.0
67336,0.0
67343,0.0
67345,0.0
67346,0.0
67353,0.0
67354,0.0
67356,0.0
67364,0.0
67365,0.0
67375,0.0
67377,0.0
67381,0.0
67383,0.0
67388,0.0
67395,0.0
67396,0.0
67403,0.0
67404,0.0
67414,0.0
67416,0.0
67419,0.0
67421,0.0
67423,0.0
67433,0.0
67439,0.0
67442,0.0
67443,0.0
67444,0.0
67445,0.0
67451,0.0
67457,0.0
67458,0.0
67466,0.0
67469,0.0
67471,0.0
67472,0.0
67476,0.0
67485,0.0
67490,0.0
67500,0.0
67505,0.0
67506,0.0
67512,0.0
67513,0.0
67517,0.0
67524,0.0
67527,0.0
67528,0.0
67533,0.0
67547,0.0
67556,0.0
67557,0.0
67561,0.0
67581,0.0
67601,0.0
67606,0.0
67608,0.0
67619,0.0
67621,0.0
67628,0.0
67629,0.0
67639,0.0
67644,0.0
67645,0.0
67650,0.0
67660,0.0
67665,0.0
67667,0.0
67668,0.0
67671,0.0
67672,0.0
67674,0.0
67676,0.0
67682,0.0
67689,0.0
67694,0.0
67701,0.0
67704,0.0
67706,0.0
67710,0.0
67717,0.0
67718,0.0
67722,0.0
67725,0.0
67739,0.0
67755,0.0
67763,0.0
67778,0.0
67784,0.0
67792,0.0
67796,0.0
67799,0.0
67800,0.0
67803,0.0
67814,0.0
67821,0.0
67824,0.0
67826,0.0
67828,0.0
67836,0.0
67840,0.0
67850,0.0
67851,0.0
67854,0.0
67857,0.0
67859,0.0
67860,0.0
67862,0.0
67866,0.0
67868,0.0
67874,0.0
67879,0.0
67881,0.0
67884,0.0
67885,0.0
67888,0.0
67895,0.0
67896,0.0
67901,0.0
67909,0.0
67916,0.0
67920,0.0
67926,0.0
67927,0.0
67931,0.0
67933,0.0
67941,0.0
67944,0.0
67945,0.0
67950,0.0
67951,0.0
67952,0.0
67962,0.0
67964,0.0
67965,0.0
67967,0.0
67969,0.0
67970,0.0
67971,0.0
67973,0.0
67974,0.0
67975,0.0
67981,0.0
68005,0.0
68008,0.0
68012,0.0
68013,0.0
68016,0.0
68017,0.0
68018,0.0
68026,0.0
68033,0.0
68038,0.0
68041,0.0
68047,0.0
68049,0.0
68051,0.0
68052,0.0
68067,0.0
68071,0.0
68074,0.0
68082,0.0
68084,0.0
68093,0.0
68096,0.0
68098,0.0
68099,0.0
68101,0.0
68102,0.0
68104,0.0
68106,0.0
68112,0.0
68114,0.0
68116,0.0
68121,0.0
68125,0.0
68131,0.0
68133,0.0
68142,0.0
68145,0.0
68148,0.0
68154,0.0
68163,0.0
68165,0.0
68170,0.0
68178,0.0
68180,0.0
68190,0.0
68196,0.0
68207,0.0
68210,0.0
68215,0.0
68220,0.0
68226,0.0
68227,0.0
68230,0.0
68235,0.0
68244,0.0
68245,0.0
68256,0.0
68260,0.0
68281,0.0
68285,0.0
68286,0.0
68287,0.0
68288,0.0
68295,0.0
68296,0.0
68299,0.0
68305,0.0
68313,0.0
68315,0.0
68319,0.0
68323,0.0
68325,0.0
68326,0.0
68333,0.0
68337,0.0
68344,0.0
68345,0.0
68346,0.0
68351,0.0
68353,0.0
68357,0.0
68377,0.0
68378,0.0
68379,0.0
68381,0.0
68390,0.0
68391,0.0
68393,0.0
68402,0.0
68408,0.0
68415,0.0
68417,0.0
68422,0.0
68423,0.0
68426,0.0
68429,0.0
68430,0.0
68434,0.0
68437,0.0
68444,0.0
68454,0.0
68463,0.0
68471,0.0
68472,0.0
68482,0.0
68484,0.0
68490,0.0
68498,0.0
68499,0.0
68500,0.0
68501,0.0
68503,0.0
68507,0.0
68510,0.0
68517,0.0
68521,0.0
68530,0.0
68540,0.0
68548,0.0
68560,0.0
68575,0.0
68586,0.0
68587,0.0
68597,0.0
68599,0.0
68606,0.0
68612,0.0
68613,0.0
68618,0.0
68619,0.0
68625,0.0
68626,0.0
68638,0.0
68657,0.0
68658,0.0
68662,0.0
68663,0.0
68671,0.0
68672,0.0
68674,0.0
68675,0.0
68678,0.0
68680,0.0
68685,0.0
68688,0.0
68689,0.0
68690,0.0
68703,0.0
68710,0.0
68711,0.0
68712,0.0
68714,0.0
68717,0.0
68725,0.0
68726,0.0
68729,0.0
68732,0.0
68736,0.0
68739,0.0
68752,0.0
68760,0.0
68765,0.0
68768,0.0
68773,0.0
68777,0.0
68790,0.0
68793,0.0
68794,0.0
68799,0.0
68803,0.0
68809,0.0
68810,0.0
68819,0.0
68822,0.0
68831,0.0
68832,0.0
68840,0.0
68858,0.0
68859,0.0
68864,0.0
68874,0.0
68877,0.0
68880,0.0
68884,0.0
68889,0.0
68892,0.0
68893,0.0
68895,0.0
68900,0.0
68917,0.0
68919,0.0
68920,0.0
68924,0.0
68927,0.0
68930,0.0
68940,0.0
68951,0.0
68953,0.0
68954,0.0
68957,0.0
68972,0.0
68980,0.0
68981,0.0
68983,0.0
68988,0.0
68991,0.0
68999,0.0
69008,0.0
69014,0.0
69019,0.0
69023,0.0
69034,0.0
69039,0.0
69050,0.0
69068,0.0
69071,0.0
69075,0.0
69081,0.0
69084,0.0
69088,0.0
69093,0.0
69094,0.0
69095,0.0
69100,0.0
69101,0.0
69103,0.0
69104,0.0
69106,0.0
69112,0.0
69113,0.0
69114,0.0
69118,0.0
69139,0.0
69140,0.0
69141,0.0
69149,0.0
69150,0.0
69151,0.0
69153,0.0
69168,0.0
69174,0.0
69182,0.0
69183,0.0
69194,0.0
69195,0.0
69201,0.0
69203,0.0
69208,0.0
69215,0.0
69216,0.0
69224,0.0
69228,0.0
69230,0.0
69235,0.0
69237,0.0
69242,0.0
69258,0.0
69261,0.0
69264,0.0
69275,0.0
69280,0.0
69282,0.0
69289,0.0
69293,0.0
69294,0.0
69299,0.0
69300,0.0
69312,0.0
69315,0.0
69318,0.0
69320,0.0
69323,0.0
69333,0.0
69335,0.0
69337,0.0
69338,0.0
69342,0.0
69346,0.0
69350,0.0
69352,0.0
69358,0.0
69360,0.0
69362,0.0
69364,0.0
69368,0.0
69371,0.0
69372,0.0
69374,0.0
69376,0.0
69388,0.0
69389,0.0
69391,0.0
69397,0.0
69398,0.0
69399,0.0
69401,0.0
69404,0.0
69409,0.0
69410,0.0
69417,0.0
69419,0.0
69428,0.0
69431,0.0
69432,0.0
69434,0.0
69438,0.0
69440,0.0
69448,0.0
69456,0.0
69458,0.0
69459,0.0
69469,0.0
69484,0.0
69495,0.0
69502,0.0
69505,0.0
69506,0.0
69508,0.0
69511,0.0
69513,0.0
69522,0.0
69528,0.0
69529,0.0
69534,0.0
69535,0.0
69538,0.0
69539,0.0
69542,0.0
69547,0.0
69550,0.0
69551,0.0
69561,0.0
69564,0.0
69572,0.0
69576,0.0
69579,0.0
69582,0.0
69584,0.0
69586,0.0
69589,0.0
69590,0.0
69592,0.0
69596,0.0
69604,0.0
69614,0.0
69616,0.0
69628,0.0
69629,0.0
69630,0.0
69633,0.0
69648,0.0
69659,0.0
69662,0.0
69670,0.0
69673,0.0
69674,0.0
69676,0.0
69697,0.0
69702,0.0
69713,0.0
69720,0.0
69725,0.0
69728,0.0
69735,0.0
69740,0.0
69744,0.0
69751,0.0
69759,0.0
69761,0.0
69765,0.0
69770,0.0
69771,0.0
69777,0.0
69781,0.0
69783,0.0
69787,0.0
69789,0.0
69795,0.0
69800,0.0
69804,0.0
69807,0.0
69810,0.0
69811,0.0
69815,0.0
69820,0.0
69822,0.0
69823,0.0
69824,0.0
69825,0.0
69827,0.0
69830,0.0
69831,0.0
69837,0.0
69838,0.0
69844,0.0
69859,0.0
69861,0.0
69863,0.0
69865,0.0
69866,0.0
69880,0.0
69884,0.0
69891,0.0
69904,0.0
69911,0.0
69912,0.0
69916,0.0
69927,0.0
69928,0.0
69929,0.0
69939,0.0
69950,0.0
69952,0.0
69956,0.0
69958,0.0
69968,0.0
69976,0.0
69977,0.0
69979,0.0
69981,0.0
69983,0.0
69996,0.0
69997,0.0
70001,0.0
70005,0.0
70006,0.0
70008,0.0
70019,0.0
70034,0.0
70036,0.0
70038,0.0
70039,0.0
70057,0.0
70058,0.0
70059,0.0
70063,0.0
70065,0.0
70067,0.0
70073,0.0
70074,0.0
70078,0.0
70085,0.0
70088,0.0
70092,0.0
70096,0.0
70103,0.0
70108,0.0
70117,0.0
70132,0.0
70139,0.0
70150,0.0
70152,0.0
70153,0.0
70154,0.0
70156,0.0
70163,0.0
70164,0.0
70170,0.0
70171,0.0
70172,0.0
70178,0.0
70180,0.0
70190,0.0
70191,0.0
70198,0.0
70203,0.0
70206,0.0
70208,0.0
70218,0.0
70228,0.0
70229,0.0
70233,0.0
70236,0.0
70240,0.0
70253,0.0
70258,0.0
70270,0.0
70274,0.0
70285,0.0
70296,0.0
70303,0.0
70308,0.0
70311,0.0
70317,0.0
70320,0.0
70321,0.0
70324,0.0
70337,0.0
70343,0.0
70344,0.0
70346,0.0
70359,0.0
70360,0.0
70361,0.0
70365,0.0
70377,0.0
70382,0.0
70386,0.0
70393,0.0
70399,0.0
70406,0.0
70408,0.0
70414,0.0
70416,0.0
70417,0.0
70418,0.0
70420,0.0
70421,0.0
70423,0.0
70432,0.0
70435,0.0
70439,0.0
70451,0.0
70469,0.0
70474,0.0
70479,0.0
70485,0.0
70488,0.0
70490,0.0
70500,0.0
70501,0.0
70503,0.0
70537,0.0
70541,0.0
70543,0.0
70552,0.0
70570,0.0
70576,0.0
70589,0.0
70592,0.0
70595,0.0
70596,0.0
70601,0.0
70604,0.0
70608,0.0
70609,0.0
70620,0.0
70621,0.0
70631,0.0
70633,0.0
70635,0.0
70636,0.0
70638,0.0
70641,0.0
70643,0.0
70644,0.0
70645,0.0
70646,0.0
70651,0.0
70661,0.0
70665,0.0
70670,0.0
70671,0.0
70675,0.0
70680,0.0
70684,0.0
70691,0.0
70694,0.0
70695,0.0
70700,0.0
70703,0.0
70707,0.0
70715,0.0
70716,0.0
70718,0.0
70719,0.0
70724,0.0
70725,0.0
70734,0.0
70737,0.0
70738,0.0
70742,0.0
70743,0.0
70752,0.0
70753,0.0
70754,0.0
70755,0.0
70757,0.0
70759,0.0
70766,0.0
70772,0.0
70782,0.0
70789,0.0
70804,0.0
70816,0.0
70824,0.0
70829,0.0
70836,0.0
70839,0.0
70840,0.0
70847,0.0
70860,0.0
70866,0.0
70869,0.0
70873,0.0
70876,0.0
70879,0.0
70880,0.0
70883,0.0
70884,0.0
70902,0.0
70908,0.0
70925,0.0
70928,0.0
70936,0.0
70937,0.0
70940,0.0
70946,0.0
70947,0.0
70948,0.0
70951,0.0
70955,0.0
70957,0.0
70967,0.0
70968,0.0
70970,0.0
70981,0.0
70993,0.0
70995,0.0
71002,0.0
71004,0.0
71017,0.0
71020,0.0
71022,0.0
71024,0.0
71033,0.0
71038,0.0
71054,0.0
71064,0.0
71068,0.0
71070,0.0
71072,0.0
71077,0.0
71080,0.0
71088,0.0
71090,0.0
71105,0.0
71106,0.0
71108,0.0
71112,0.0
71114,0.0
71116,0.0
71120,0.0
71122,0.0
71125,0.0
71126,0.0
71128,0.0
71131,0.0
71133,0.0
71134,0.0
71140,0.0
71150,0.0
71156,0.0
71160,0.0
71164,0.0
71165,0.0
71173,0.0
71184,0.0
71188,0.0
71189,0.0
71194,0.0
71205,0.0
71207,0.0
71209,0.0
71216,0.0
71218,0.0
71225,0.0
71233,0.0
71234,0.0
71241,0.0
71244,0.0
71248,0.0
71249,0.0
71267,0.0
71271,0.0
71276,0.0
71280,0.0
71283,0.0
71285,0.0
71314,0.0
71317,0.0
71320,0.0
71326,0.0
71328,0.0
71347,0.0
71350,0.0
71351,0.0
71353,0.0
71355,0.0
71360,0.0
71362,0.0
71372,0.0
71391,0.0
71402,0.0
71406,0.0
71412,0.0
71420,0.0
71421,0.0
71428,0.0
71436,0.0
71439,0.0
71447,0.0
71449,0.0
71452,0.0
71453,0.0
71462,0.0
71465,0.0
71471,0.0
71481,0.0
71485,0.0
71488,0.0
71491,0.0
71495,0.0
71496,0.0
71499,0.0
71511,0.0
71514,0.0
71515,0.0
71516,0.0
71517,0.0
71523,0.0
71542,0.0
71552,0.0
71554,0.0
71558,0.0
71562,0.0
71565,0.0
71569,0.0
71571,0.0
71578,0.0
71586,0.0
71588,0.0
71601,0.0
71602,0.0
71604,0.0
71608,0.0
71613,0.0
71616,0.0
71619,0.0
71632,0.0
71639,0.0
71646,0.0
71652,0.0
71657,0.0
71663,0.0
71669,0.0
71672,0.0
71676,0.0
71684,0.0
71689,0.0
71690,0.0
71691,0.0
71693,0.0
71694,0.0
71697,0.0
71708,0.0
71718,0.0
71727,0.0
71731,0.0
71733,0.0
71736,0.0
71748,0.0
71750,0.0
71755,0.0
71758,0.0
71764,0.0
71774,0.0
71777,0.0
71784,0.0
71786,0.0
71791,0.0
71792,0.0
71812,0.0
71815,0.0
71817,0.0
71819,0.0
71830,0.0
71831,0.0
71837,0.0
71843,0.0
71845,0.0
71849,0.0
71853,0.0
71866,0.0
71868,0.0
71870,0.0
71880,0.0
71901,0.0
71909,0.0
71910,0.0
71912,0.0
71918,0.0
71933,0.0
71954,0.0
71961,0.0
71975,0.0
71977,0.0
71981,0.0
71984,0.0
71985,0.0
71995,0.0
71997,0.0
71998,0.0
72001,0.0
72002,0.0
72006,0.0
72007,0.0
72018,0.0
72021,0.0
72023,0.0
72025,0.0
72027,0.0
72033,0.0
72036,0.0
72039,0.0
72044,0.0
72052,0.0
72058,0.0
72059,0.0
72065,0.0
72067,0.0
72068,0.0
72082,0.0
72089,0.0
72091,0.0
72110,0.0
72113,0.0
72114,0.0
72121,0.0
72135,0.0
72139,0.0
72141,0.0
72146,0.0
72150,0.0
72154,0.0
72158,0.0
72159,0.0
72162,0.0
72176,0.0
72179,0.0
72185,0.0
72192,0.0
72196,0.0
72207,0.0
72216,0.0
72220,0.0
72225,0.0
72230,0.0
72250,0.0
72272,0.0
72282,0.0
72283,0.0
72293,0.0
72294,0.0
72295,0.0
72301,0.0
72307,0.0
72311,0.0
72312,0.0
72315,0.0
72322,0.0
72351,0.0
72356,0.0
72363,0.0
72365,0.0
72386,0.0
72389,0.0
72393,0.0
72407,0.0
72411,0.0
72415,0.0
72419,0.0
72423,0.0
72429,0.0
72437,0.0
72439,0.0
72445,0.0
72448,0.0
72457,0.0
72461,0.0
72463,0.0
72465,0.0
72466,0.0
72467,0.0
72468,0.0
72469,0.0
72470,0.0
72471,0.0
72473,0.0
72477,0.0
72483,0.0
72484,0.0
72485,0.0
72492,0.0
72498,0.0
72504,0.0
72505,0.0
72506,0.0
72516,0.0
72517,0.0
72518,0.0
72547,0.0
72550,0.0
72552,0.0
72559,0.0
72565,0.0
72579,0.0
72580,0.0
72581,0.0
72585,0.0
72587,0.0
72592,0.0
72601,0.0
72605,0.0
72614,0.0
72619,0.0
72621,0.0
72630,0.0
72636,0.0
72640,0.0
72641,0.0
72648,0.0
72652,0.0
72656,0.0
72662,0.0
72669,0.0
72673,0.0
72674,0.0
72684,0.0
72689,0.0
72696,0.0
72699,0.0
72700,0.0
72703,0.0
72709,0.0
72718,0.0
72722,0.0
72726,0.0
72733,0.0
72738,0.0
72739,0.0
72743,0.0
72755,0.0
72768,0.0
72775,0.0
72778,0.0
72786,0.0
72792,0.0
72795,0.0
72797,0.0
72801,0.0
72812,0.0
72818,0.0
72828,0.0
72834,0.0
72841,0.0
72844,0.0
72850,0.0
72855,0.0
72859,0.0
72866,0.0
72868,0.0
72870,0.0
72871,0.0
72877,0.0
72881,0.0
72887,0.0
72888,0.0
72894,0.0
72896,0.0
72897,0.0
72899,0.0
72904,0.0
72909,0.0
72910,0.0
72913,0.0
72914,0.0
72921,0.0
72924,0.0
72926,0.0
72927,0.0
72935,0.0
72936,0.0
72939,0.0
72941,0.0
72946,0.0
72952,0.0
72953,0.0
72954,0.0
72962,0.0
72967,0.0
72968,0.0
72971,0.0
72973,0.0
72976,0.0
72982,0.0
72984,0.0
72989,0.0
73004,0.0
73013,0.0
73023,0.0
73026,0.0
73027,0.0
73030,0.0
73032,0.0
73034,0.0
73036,0.0
73042,0.0
73046,0.0
73050,0.0
73055,0.0
73061,0.0
73065,0.0
73070,0.0
73076,0.0
73079,0.0
73080,0.0
73093,0.0
73096,0.0
73102,0.0
73105,0.0
73109,0.0
73112,0.0
73114,0.0
73116,0.0
73117,0.0
73120,0.0
73127,0.0
73131,0.0
73132,0.0
73133,0.0
73134,0.0
73135,0.0
73136,0.0
73139,0.0
73141,0.0
73144,0.0
73150,0.0
73151,0.0
73156,0.0
73159,0.0
73163,0.0
73166,0.0
73176,0.0
73179,0.0
73186,0.0
73190,0.0
73193,0.0
73195,0.0
73198,0.0
73199,0.0
73201,0.0
73202,0.0
73204,0.0
73206,0.0
73210,0.0
73220,0.0
73222,0.0
73230,0.0
73233,0.0
73239,0.0
73241,0.0
73242,0.0
73245,0.0
73258,0.0
73259,0.0
73260,0.0
73262,0.0
73263,0.0
73271,0.0
73279,0.0
73286,0.0
73287,0.0
73299,0.0
73300,0.0
73303,0.0
73304,0.0
73307,0.0
73310,0.0
73328,0.0
73335,0.0
73337,0.0
73348,0.0
73351,0.0
73352,0.0
73356,0.0
73364,0.0
73369,0.0
73371,0.0
73372,0.0
73374,0.0
73376,0.0
73378,0.0
73384,0.0
73386,0.0
73388,0.0
73389,0.0
73396,0.0
73400,0.0
73404,0.0
73405,0.0
73409,0.0
73410,0.0
73418,0.0
73426,0.0
73430,0.0
73443,0.0
73444,0.0
73450,0.0
73467,0.0
73468,0.0
73469,0.0
73470,0.0
73481,0.0
73487,0.0
73492,0.0
73496,0.0
73501,0.0
73503,0.0
73505,0.0
73508,0.0
73513,0.0
73522,0.0
73525,0.0
73538,0.0
73540,0.0
73548,0.0
73549,0.0
73557,0.0
73562,0.0
73570,0.0
73573,0.0
73575,0.0
73578,0.0
73583,0.0
73584,0.0
73586,0.0
73598,0.0
73599,0.0
73600,0.0
73602,0.0
73614,0.0
73615,0.0
73616,0.0
73618,0.0
73624,0.0
73625,0.0
73641,0.0
73644,0.0
73652,0.0
73655,0.0
73658,0.0
73659,0.0
73666,0.0
73677,0.0
73683,0.0
73694,0.0
73704,0.0
73707,0.0
73718,0.0
73721,0.0
73735,0.0
73746,0.0
73767,0.0
73772,0.0
73783,0.0
73788,0.0
73793,0.0
73794,0.0
73795,0.0
73798,0.0
73799,0.0
73800,0.0
73806,0.0
73819,0.0
73822,0.0
73825,0.0
73830,0.0
73833,0.0
73838,0.0
73841,0.0
73846,0.0
73851,0.0
73856,0.0
73869,0.0
73871,0.0
73877,0.0
73878,0.0
73891,0.0
73892,0.0
73899,0.0
73903,0.0
73912,0.0
73916,0.0
73917,0.0
73920,0.0
73925,0.0
73931,0.0
73935,0.0
73941,0.0
73946,0.0
73948,0.0
73950,0.0
73962,0.0
73969,0.0
73975,0.0
73978,0.0
73980,0.0
73985,0.0
73992,0.0
73996,0.0
73998,0.0
74003,0.0
74004,0.0
74006,0.0
74013,0.0
74023,0.0
74025,0.0
74027,0.0
74028,0.0
74033,0.0
74040,0.0
74049,0.0
74050,0.0
74055,0.0
74074,0.0
74080,0.0
74081,0.0
74089,0.0
74103,0.0
74104,0.0
74115,0.0
74118,0.0
74126,0.0
74130,0.0
74131,0.0
74134,0.0
74136,0.0
74137,0.0
74139,0.0
74141,0.0
74144,0.0
74145,0.0
74149,0.0
74151,0.0
74152,0.0
74162,0.0
74170,0.0
74171,0.0
74173,0.0
74174,0.0
74187,0.0
74188,0.0
74189,0.0
74192,0.0
74193,0.0
74204,0.0
74206,0.0
74218,0.0
74228,0.0
74230,0.0
74235,0.0
74239,0.0
74240,0.0
74244,0.0
74245,0.0
74247,0.0
74248,0.0
74255,0.0
74261,0.0
74262,0.0
74272,0.0
74276,0.0
74279,0.0
74291,0.0
74293,0.0
74294,0.0
74313,0.0
74317,0.0
74324,0.0
74327,0.0
74329,0.0
74334,0.0
74337,0.0
74341,0.0
74359,0.0
74377,0.0
74379,0.0
74380,0.0
74383,0.0
74386,0.0
74387,0.0
74389,0.0
74390,0.0
74406,0.0
74410,0.0
74418,0.0
74427,0.0
74432,0.0
74435,0.0
74437,0.0
74442,0.0
74446,0.0
74449,0.0
74456,0.0
74459,0.0
74466,0.0
74474,0.0
74483,0.0
74487,0.0
74489,0.0
74491,0.0
74492,0.0
74498,0.0
74499,0.0
74500,0.0
74501,0.0
74511,0.0
74518,0.0
74519,0.0
74555,0.0
74570,0.0
74579,0.0
74581,0.0
74584,0.0
74585,0.0
74593,0.0
74597,0.0
74599,0.0
74603,0.0
74617,0.0
74648,0.0
74652,0.0
74655,0.0
74656,0.0
74658,0.0
74661,0.0
74665,0.0
74673,0.0
74674,0.0
74675,0.0
74678,0.0
74679,0.0
74682,0.0
74684,0.0
74696,0.0
74703,0.0
74709,0.0
74712,0.0
74723,0.0
74724,0.0
74726,0.0
74736,0.0
74742,0.0
74746,0.0
74747,0.0
74748,0.0
74749,0.0
74752,0.0
74754,0.0
74757,0.0
74759,0.0
74768,0.0
74769,0.0
74778,0.0
74782,0.0
74795,0.0
74800,0.0
74801,0.0
74815,0.0
74817,0.0
74826,0.0
74843,0.0
74848,0.0
74850,0.0
74859,0.0
74861,0.0
74864,0.0
74866,0.0
74869,0.0
74871,0.0
74875,0.0
74876,0.0
74880,0.0
74881,0.0
74891,0.0
74897,0.0
74898,0.0
74912,0.0
74914,0.0
74916,0.0
74917,0.0
74925,0.0
74926,0.0
74929,0.0
74930,0.0
74931,0.0
74935,0.0
74938,0.0
74948,0.0
74953,0.0
74958,0.0
74961,0.0
74963,0.0
74970,0.0
74972,0.0
74975,0.0
74983,0.0
74994,0.0
74997,0.0
74998,0.0
75001,0.0
75004,0.0
75008,0.0
75019,0.0
75023,0.0
75025,0.0
75027,0.0
75029,0.0
75030,0.0
75038,0.0
75042,0.0
75043,0.0
75046,0.0
75050,0.0
75054,0.0
75055,0.0
75061,0.0
75064,0.0
75065,0.0
75076,0.0
75077,0.0
75094,0.0
75099,0.0
75101,0.0
75112,0.0
75114,0.0
75115,0.0
75117,0.0
75143,0.0
75145,0.0
75147,0.0
75157,0.0
75158,0.0
75159,0.0
75175,0.0
75181,0.0
75191,0.0
75192,0.0
75195,0.0
75198,0.0
75200,0.0
75202,0.0
75219,0.0
75226,0.0
75228,0.0
75230,0.0
75231,0.0
75242,0.0
75243,0.0
75252,0.0
75253,0.0
75254,0.0
75260,0.0
75263,0.0
75264,0.0
75278,0.0
75279,0.0
75283,0.0
75284,0.0
75291,0.0
75294,0.0
75295,0.0
75299,0.0
75308,0.0
75314,0.0
75319,0.0
75324,0.0
75325,0.0
75327,0.0
75329,0.0
75340,0.0
75351,0.0
75358,0.0
75362,0.0
75365,0.0
75369,0.0
75370,0.0
75382,0.0
75393,0.0
75402,0.0
75404,0.0
75407,0.0
75409,0.0
75417,0.0
75437,0.0
75444,0.0
75448,0.0
75460,0.0
75470,0.0
75473,0.0
75474,0.0
75475,0.0
75482,0.0
75483,0.0
75495,0.0
75497,0.0
75498,0.0
75518,0.0
75528,0.0
75532,0.0
75533,0.0
75540,0.0
75543,0.0
75546,0.0
75550,0.0
75557,0.0
75564,0.0
75572,0.0
75574,0.0
75581,0.0
75583,0.0
75584,0.0
75592,0.0
75597,0.0
75601,0.0
75610,0.0
75611,0.0
75630,0.0
75632,0.0
75633,0.0
75634,0.0
75635,0.0
75637,0.0
75640,0.0
75642,0.0
75645,0.0
75649,0.0
75654,0.0
75657,0.0
75658,0.0
75663,0.0
75668,0.0
75672,0.0
75685,0.0
75686,0.0
75696,0.0
75697,0.0
75698,0.0
75705,0.0
75708,0.0
75712,0.0
75714,0.0
75716,0.0
75718,0.0
75720,0.0
75723,0.0
75740,0.0
75754,0.0
75759,0.0
75762,0.0
75767,0.0
75775,0.0
75784,0.0
75789,0.0
75792,0.0
75795,0.0
75796,0.0
75798,0.0
75805,0.0
75813,0.0
75814,0.0
75817,0.0
75819,0.0
75821,0.0
75832,0.0
75834,0.0
75836,0.0
75839,0.0
75843,0.0
75849,0.0
75860,0.0
75865,0.0
75868,0.0
75872,0.0
75888,0.0
75892,0.0
75901,0.0
75906,0.0
75907,0.0
75912,0.0
75924,0.0
75929,0.0
75932,0.0
75933,0.0
75937,0.0
75950,0.0
75968,0.0
75990,0.0
75992,0.0
75994,0.0
75997,0.0
75998,0.0
76000,0.0
76009,0.0
76015,0.0
76017,0.0
76032,0.0
76033,0.0
76037,0.0
76045,0.0
76049,0.0
76052,0.0
76055,0.0
76060,0.0
76070,0.0
76075,0.0
76079,0.0
76082,0.0
76085,0.0
76088,0.0
76091,0.0
76094,0.0
76096,0.0
76100,0.0
76107,0.0
76116,0.0
76117,0.0
76118,0.0
76125,0.0
76126,0.0
76128,0.0
76136,0.0
76138,0.0
76140,0.0
76141,0.0
76152,0.0
76155,0.0
76166,0.0
76181,0.0
76182,0.0
76186,0.0
76192,0.0
76196,0.0
76205,0.0
76206,0.0
76215,0.0
76218,0.0
76224,0.0
76227,0.0
76228,0.0
76238,0.0
76240,0.0
76250,0.0
76253,0.0
76260,0.0
76283,0.0
76288,0.0
76294,0.0
76307,0.0
76310,0.0
76311,0.0
76318,0.0
76319,0.0
76329,0.0
76332,0.0
76336,0.0
76338,0.0
76341,0.0
76342,0.0
76345,0.0
76350,0.0
76361,0.0
76363,0.0
76365,0.0
76371,0.0
76379,0.0
76380,0.0
76388,0.0
76393,0.0
76394,0.0
76395,0.0
76396,0.0
76407,0.0
76408,0.0
76409,0.0
76421,0.0
76424,0.0
76427,0.0
76439,0.0
76441,0.0
76451,0.0
76461,0.0
76464,0.0
76465,0.0
76471,0.0
76478,0.0
76479,0.0
76484,0.0
76492,0.0
76502,0.0
76506,0.0
76511,0.0
76514,0.0
76516,0.0
76522,0.0
76526,0.0
76528,0.0
76530,0.0
76536,0.0
76538,0.0
76560,0.0
76563,0.0
76568,0.0
76573,0.0
76591,0.0
76593,0.0
76594,0.0
76605,0.0
76614,0.0
76620,0.0
76622,0.0
76623,0.0
76624,0.0
76634,0.0
76642,0.0
76643,0.0
76651,0.0
76654,0.0
76657,0.0
76666,0.0
76670,0.0
76674,0.0
76676,0.0
76683,0.0
76685,0.0
76687,0.0
76691,0.0
76699,0.0
76701,0.0
76706,0.0
76713,0.0
76722,0.0
76734,0.0
76739,0.0
76740,0.0
76743,0.0
76752,0.0
76754,0.0
76759,0.0
76761,0.0
76773,0.0
76784,0.0
76786,0.0
76788,0.0
76793,0.0
76806,0.0
76807,0.0
76810,0.0
76812,0.0
76814,0.0
76822,0.0
76836,0.0
76837,0.0
76847,0.0
76849,0.0
76850,0.0
76851,0.0
76852,0.0
76859,0.0
76862,0.0
76865,0.0
76880,0.0
76881,0.0
76887,0.0
76888,0.0
76892,0.0
76894,0.0
76895,0.0
76909,0.0
76921,0.0
76927,0.0
76930,0.0
76935,0.0
76938,0.0
76941,0.0
76946,0.0
76950,0.0
76952,0.0
76955,0.0
76957,0.0
76960,0.0
76968,0.0
76969,0.0
76970,0.0
76973,0.0
76975,0.0
76986,0.0
76988,0.0
76992,0.0
76993,0.0
76998,0.0
77000,0.0
77003,0.0
77008,0.0
77009,0.0
77019,0.0
77037,0.0
77043,0.0
77046,0.0
77049,0.0
77058,0.0
77074,0.0
77088,0.0
77091,0.0
77097,0.0
77102,0.0
77103,0.0
77113,0.0
77117,0.0
77119,0.0
77120,0.0
77147,0.0
77150,0.0
77157,0.0
77162,0.0
77166,0.0
77168,0.0
77170,0.0
77173,0.0
77176,0.0
77177,0.0
77182,0.0
77192,0.0
77201,0.0
77203,0.0
77213,0.0
77228,0.0
77229,0.0
77237,0.0
77238,0.0
77239,0.0
77241,0.0
77245,0.0
77251,0.0
77265,0.0
77266,0.0
77267,0.0
77272,0.0
77281,0.0
77282,0.0
77287,0.0
77289,0.0
77296,0.0
77297,0.0
77301,0.0
77302,0.0
77308,0.0
77315,0.0
77316,0.0
77319,0.0
77321,0.0
77322,0.0
77324,0.0
77330,0.0
77331,0.0
77332,0.0
77334,0.0
77336,0.0
77338,0.0
77340,0.0
77342,0.0
77343,0.0
77345,0.0
77346,0.0
77347,0.0
77354,0.0
77361,0.0
77372,0.0
77374,0.0
77379,0.0
77380,0.0
77382,0.0
77383,0.0
77397,0.0
77399,0.0
77402,0.0
77407,0.0
77408,0.0
77410,0.0
77411,0.0
77423,0.0
77426,0.0
77437,0.0
77441,0.0
77442,0.0
77448,0.0
77460,0.0
77463,0.0
77467,0.0
77470,0.0
77471,0.0
77477,0.0
77479,0.0
77486,0.0
77492,0.0
77495,0.0
77499,0.0
77504,0.0
77522,0.0
77532,0.0
77536,0.0
77544,0.0
77562,0.0
77563,0.0
77567,0.0
77571,0.0
77572,0.0
77579,0.0
77580,0.0
77582,0.0
77586,0.0
77589,0.0
77597,0.0
77599,0.0
77601,0.0
77611,0.0
77613,0.0
77622,0.0
77623,0.0
77648,0.0
77653,0.0
77654,0.0
77660,0.0
77661,0.0
77664,0.0
77665,0.0
77669,0.0
77672,0.0
77674,0.0
77683,0.0
77687,0.0
77689,0.0
77693,0.0
77695,0.0
77697,0.0
77701,0.0
77702,0.0
77706,0.0
77708,0.0
77716,0.0
77730,0.0
77741,0.0
77748,0.0
77762,0.0
77764,0.0
77765,0.0
77766,0.0
77773,0.0
77775,0.0
77781,0.0
77785,0.0
77804,0.0
77807,0.0
77814,0.0
77817,0.0
77821,0.0
77823,0.0
77831,0.0
77855,0.0
77856,0.0
77864,0.0
77865,0.0
77870,0.0
77873,0.0
77875,0.0
77882,0.0
77886,0.0
77889,0.0
77890,0.0
77897,0.0
77904,0.0
77908,0.0
77909,0.0
77911,0.0
77912,0.0
77914,0.0
77933,0.0
77934,0.0
77946,0.0
77949,0.0
77951,0.0
77956,0.0
77972,0.0
77976,0.0
77978,0.0
77981,0.0
77990,0.0
77993,0.0
78009,0.0
78011,0.0
78018,0.0
78019,0.0
78020,0.0
78021,0.0
78022,0.0
78038,0.0
78039,0.0
78040,0.0
78041,0.0
78052,0.0
78056,0.0
78060,0.0
78064,0.0
78073,0.0
78076,0.0
78078,0.0
78088,0.0
78095,0.0
78098,0.0
78099,0.0
78116,0.0
78117,0.0
78119,0.0
78125,0.0
78130,0.0
78133,0.0
78135,0.0
78141,0.0
78147,0.0
78151,0.0
78156,0.0
78157,0.0
78168,0.0
78173,0.0
78178,0.0
78182,0.0
78188,0.0
78189,0.0
78203,0.0
78214,0.0
78218,0.0
78220,0.0
78223,0.0
78234,0.0
78235,0.0
78240,0.0
78246,0.0
78248,0.0
78255,0.0
78259,0.0
78262,0.0
78270,0.0
78276,0.0
78284,0.0
78293,0.0
78296,0.0
78297,0.0
78300,0.0
78304,0.0
78306,0.0
78308,0.0
78310,0.0
78311,0.0
78312,0.0
78314,0.0
78317,0.0
78325,0.0
78326,0.0
78336,0.0
78344,0.0
78351,0.0
78356,0.0
78358,0.0
78369,0.0
78372,0.0
78373,0.0
78376,0.0
78378,0.0
78382,0.0
78383,0.0
78387,0.0
78389,0.0
78395,0.0
78407,0.0
78422,0.0
78424,0.0
78428,0.0
78432,0.0
78440,0.0
78442,0.0
78458,0.0
78465,0.0
78480,0.0
78487,0.0
78489,0.0
78491,0.0
78492,0.0
78498,0.0
78499,0.0
78500,0.0
78504,0.0
78505,0.0
78514,0.0
78517,0.0
78523,0.0
78524,0.0
78533,0.0
78536,0.0
78542,0.0
78543,0.0
78555,0.0
78557,0.0
78563,0.0
78567,0.0
78570,0.0
78571,0.0
78574,0.0
78579,0.0
78585,0.0
78595,0.0
78600,0.0
78606,0.0
78618,0.0
78641,0.0
78649,0.0
78650,0.0
78651,0.0
78664,0.0
78665,0.0
78676,0.0
78682,0.0
78687,0.0
78695,0.0
78697,0.0
78698,0.0
78700,0.0
78701,0.0
78712,0.0
78714,0.0
78716,0.0
78720,0.0
78723,0.0
78724,0.0
78730,0.0
78742,0.0
78763,0.0
78764,0.0
78770,0.0
78771,0.0
78779,0.0
78796,0.0
78798,0.0
78801,0.0
78806,0.0
78808,0.0
78815,0.0
78819,0.0
78834,0.0
78836,0.0
78857,0.0
78859,0.0
78870,0.0
78872,0.0
78876,0.0
78879,0.0
78881,0.0
78886,0.0
78891,0.0
78893,0.0
78895,0.0
78903,0.0
78904,0.0
78914,0.0
78915,0.0
78916,0.0
78925,0.0
78930,0.0
78932,0.0
78933,0.0
78937,0.0
78942,0.0
78949,0.0
78951,0.0
78954,0.0
78963,0.0
78964,0.0
78975,0.0
78992,0.0
78997,0.0
79013,0.0
79014,0.0
79017,0.0
79019,0.0
79022,0.0
79026,0.0
79031,0.0
79037,0.0
79039,0.0
79041,0.0
79045,0.0
79048,0.0
79055,0.0
79058,0.0
79069,0.0
79070,0.0
79071,0.0
79079,0.0
79080,0.0
79084,0.0
79088,0.0
79090,0.0
79111,0.0
79112,0.0
79122,0.0
79124,0.0
79127,0.0
79132,0.0
79137,0.0
79153,0.0
79155,0.0
79156,0.0
79163,0.0
79166,0.0
79169,0.0
79172,0.0
79176,0.0
79186,0.0
79189,0.0
79190,0.0
79200,0.0
79207,0.0
79217,0.0
79221,0.0
79227,0.0
79228,0.0
79236,0.0
79243,0.0
79246,0.0
79247,0.0
79254,0.0
79256,0.0
79260,0.0
79274,0.0
79278,0.0
79279,0.0
79280,0.0
79287,0.0
79290,0.0
79300,0.0
79304,0.0
79318,0.0
79322,0.0
79333,0.0
79340,0.0
79344,0.0
79345,0.0
79348,0.0
79351,0.0
79352,0.0
79355,0.0
79359,0.0
79363,0.0
79369,0.0
79380,0.0
79385,0.0
79393,0.0
79398,0.0
79400,0.0
79402,0.0
79406,0.0
79412,0.0
79417,0.0
79419,0.0
79423,0.0
79431,0.0
79433,0.0
79446,0.0
79449,0.0
79457,0.0
79461,0.0
79462,0.0
79472,0.0
79473,0.0
79475,0.0
79484,0.0
79496,0.0
79504,0.0
79507,0.0
79512,0.0
79517,0.0
79528,0.0
79529,0.0
79530,0.0
79535,0.0
79541,0.0
79545,0.0
79552,0.0
79554,0.0
79562,0.0
79574,0.0
79575,0.0
79596,0.0
79597,0.0
79612,0.0
79621,0.0
79622,0.0
79636,0.0
79638,0.0
79641,0.0
79643,0.0
79645,0.0
79650,0.0
79655,0.0
79656,0.0
79658,0.0
79662,0.0
79664,0.0
79669,0.0
79676,0.0
79681,0.0
79682,0.0
79689,0.0
79690,0.0
79697,0.0
79700,0.0
79709,0.0
79712,0.0
79719,0.0
79728,0.0
79729,0.0
79731,0.0
79744,0.0
79751,0.0
79753,0.0
79759,0.0
79760,0.0
79772,0.0
79777,0.0
79792,0.0
79796,0.0
79800,0.0
79805,0.0
79807,0.0
79809,0.0
79815,0.0
79817,0.0
79821,0.0
79824,0.0
79825,0.0
79827,0.0
79831,0.0
79833,0.0
79835,0.0
79836,0.0
79837,0.0
79842,0.0
79843,0.0
79857,0.0
79859,0.0
79870,0.0
79871,0.0
79873,0.0
79878,0.0
79881,0.0
79882,0.0
79894,0.0
79897,0.0
79907,0.0
79914,0.0
79915,0.0
79919,0.0
79926,0.0
79933,0.0
79937,0.0
79941,0.0
79949,0.0
79955,0.0
79961,0.0
79963,0.0
79969,0.0
79972,0.0
79979,0.0
79981,0.0
79992,0.0
79993,0.0
79999,0.0
80000,0.0
80002,0.0
80003,0.0
80004,0.0
80011,0.0
80014,0.0
80015,0.0
80022,0.0
80037,0.0
80046,0.0
80048,0.0
80049,0.0
80050,0.0
80054,0.0
80059,0.0
80065,0.0
80070,0.0
80078,0.0
80085,0.0
80092,0.0
80097,0.0
80102,0.0
80103,0.0
80106,0.0
80114,0.0
80125,0.0
80128,0.0
80133,0.0
80137,0.0
80142,0.0
80150,0.0
80152,0.0
80160,0.0
80162,0.0
80163,0.0
80165,0.0
80167,0.0
80174,0.0
80179,0.0
80182,0.0
80183,0.0
80209,0.0
80214,0.0
80219,0.0
80226,0.0
80229,0.0
80234,0.0
80239,0.0
80243,0.0
80258,0.0
80262,0.0
80267,0.0
80275,0.0
80281,0.0
80282,0.0
80283,0.0
80301,0.0
80305,0.0
80306,0.0
80308,0.0
80315,0.0
80316,0.0
80321,0.0
80328,0.0
80337,0.0
80339,0.0
80341,0.0
80343,0.0
80348,0.0
80350,0.0
80352,0.0
80357,0.0
80361,0.0
80362,0.0
80368,0.0
80373,0.0
80375,0.0
80381,0.0
80386,0.0
80388,0.0
80391,0.0
80400,0.0
80401,0.0
80405,0.0
80414,0.0
80415,0.0
80416,0.0
80417,0.0
80420,0.0
80422,0.0
80446,0.0
80448,0.0
80456,0.0
80459,0.0
80462,0.0
80467,0.0
80484,0.0
80487,0.0
80489,0.0
80490,0.0
80497,0.0
80504,0.0
80508,0.0
80512,0.0
80514,0.0
80515,0.0
80518,0.0
80519,0.0
80520,0.0
80524,0.0
80530,0.0
80531,0.0
80532,0.0
80538,0.0
80539,0.0
80546,0.0
80559,0.0
80567,0.0
80577,0.0
80580,0.0
80581,0.0
80585,0.0
80595,0.0
80598,0.0
80600,0.0
80601,0.0
80608,0.0
80613,0.0
80618,0.0
80619,0.0
80626,0.0
80640,0.0
80641,0.0
80652,0.0
80654,0.0
80660,0.0
80663,0.0
80665,0.0
80666,0.0
80670,0.0
80676,0.0
80677,0.0
80679,0.0
80684,0.0
80689,0.0
80696,0.0
80700,0.0
80704,0.0
80710,0.0
80711,0.0
80714,0.0
80719,0.0
80724,0.0
80733,0.0
80735,0.0
80738,0.0
80744,0.0
80755,0.0
80756,0.0
80764,0.0
80768,0.0
80771,0.0
80772,0.0
80774,0.0
80776,0.0
80787,0.0
80792,0.0
80799,0.0
80800,0.0
80801,0.0
80814,0.0
80825,0.0
80826,0.0
80836,0.0
80838,0.0
80839,0.0
80842,0.0
80845,0.0
80851,0.0
80854,0.0
80855,0.0
80861,0.0
80862,0.0
80863,0.0
80867,0.0
80870,0.0
80873,0.0
80875,0.0
80879,0.0
80886,0.0
80888,0.0
80905,0.0
80908,0.0
80909,0.0
80911,0.0
80914,0.0
80920,0.0
80923,0.0
80925,0.0
80927,0.0
80928,0.0
80930,0.0
80935,0.0
80944,0.0
80950,0.0
80952,0.0
80955,0.0
80956,0.0
80979,0.0
80983,0.0
80986,0.0
80993,0.0
80997,0.0
81002,0.0
81017,0.0
81020,0.0
81023,0.0
81028,0.0
81029,0.0
81032,0.0
81061,0.0
81062,0.0
81065,0.0
81074,0.0
81079,0.0
81081,0.0
81082,0.0
81083,0.0
81085,0.0
81092,0.0
81098,0.0
81103,0.0
81105,0.0
81110,0.0
81113,0.0
81119,0.0
81122,0.0
81129,0.0
81132,0.0
81140,0.0
81144,0.0
81145,0.0
81146,0.0
81147,0.0
81150,0.0
81160,0.0
81162,0.0
81164,0.0
81172,0.0
81189,0.0
81194,0.0
81200,0.0
81202,0.0
81204,0.0
81209,0.0
81210,0.0
81217,0.0
81226,0.0
81230,0.0
81234,0.0
81238,0.0
81244,0.0
81248,0.0
81252,0.0
81253,0.0
81261,0.0
81263,0.0
81265,0.0
81270,0.0
81271,0.0
81278,0.0
81281,0.0
81284,0.0
81285,0.0
81286,0.0
81287,0.0
81293,0.0
81300,0.0
81304,0.0
81310,0.0
81320,0.0
81328,0.0
81329,0.0
81330,0.0
81335,0.0
81337,0.0
81341,0.0
81352,0.0
81356,0.0
81357,0.0
81360,0.0
81373,0.0
81375,0.0
81378,0.0
81382,0.0
81385,0.0
81387,0.0
81388,0.0
81394,0.0
81402,0.0
81414,0.0
81420,0.0
81425,0.0
81437,0.0
81443,0.0
81450,0.0
81453,0.0
81460,0.0
81470,0.0
81471,0.0
81485,0.0
81489,0.0
81492,0.0
81503,0.0
81506,0.0
81512,0.0
81521,0.0
81528,0.0
81529,0.0
81537,0.0
81540,0.0
81546,0.0
81548,0.0
81549,0.0
81551,0.0
81564,0.0
81566,0.0
81568,0.0
81569,0.0
81571,0.0
81574,0.0
81580,0.0
81587,0.0
81590,0.0
81591,0.0
81594,0.0
81595,0.0
81600,0.0
81603,0.0
81613,0.0
81615,0.0
81617,0.0
81618,0.0
81620,0.0
81631,0.0
81632,0.0
81636,0.0
81637,0.0
81642,0.0
81644,0.0
81648,0.0
81651,0.0
81653,0.0
81660,0.0
81663,0.0
81666,0.0
81668,0.0
81680,0.0
81685,0.0
81687,0.0
81691,0.0
81694,0.0
81695,0.0
81699,0.0
81700,0.0
81702,0.0
81707,0.0
81709,0.0
81714,0.0
81721,0.0
81722,0.0
81727,0.0
81731,0.0
81737,0.0
81738,0.0
81739,0.0
81744,0.0
81756,0.0
81762,0.0
81766,0.0
81774,0.0
81779,0.0
81780,0.0
81782,0.0
81784,0.0
81785,0.0
81795,0.0
81796,0.0
81797,0.0
81798,0.0
81809,0.0
81821,0.0
81826,0.0
81831,0.0
81832,0.0
81838,0.0
81841,0.0
81847,0.0
81854,0.0
81856,0.0
81859,0.0
81861,0.0
81863,0.0
81864,0.0
81865,0.0
81866,0.0
81868,0.0
81871,0.0
81874,0.0
81878,0.0
81879,0.0
81882,0.0
81886,0.0
81893,0.0
81894,0.0
81904,0.0
81905,0.0
81912,0.0
81914,0.0
81919,0.0
81923,0.0
81924,0.0
81926,0.0
81946,0.0
81951,0.0
81952,0.0
81964,0.0
81967,0.0
81977,0.0
81978,0.0
81979,0.0
81981,0.0
81989,0.0
82001,0.0
82005,0.0
82009,0.0
82020,0.0
82026,0.0
82029,0.0
82037,0.0
82041,0.0
82043,0.0
82048,0.0
82049,0.0
82068,0.0
82069,0.0
82070,0.0
82071,0.0
82073,0.0
82080,0.0
82089,0.0
82091,0.0
82092,0.0
82094,0.0
82098,0.0
82116,0.0
82117,0.0
82119,0.0
82123,0.0
82126,0.0
82136,0.0
82140,0.0
82147,0.0
82148,0.0
82150,0.0
82151,0.0
82157,0.0
82158,0.0
82173,0.0
82175,0.0
82176,0.0
82178,0.0
82179,0.0
82182,0.0
82184,0.0
82188,0.0
82198,0.0
82201,0.0
82202,0.0
82206,0.0
82215,0.0
82218,0.0
82221,0.0
82223,0.0
82228,0.0
82230,0.0
82231,0.0
82240,0.0
82248,0.0
82260,0.0
82269,0.0
82270,0.0
82282,0.0
82286,0.0
82293,0.0
82301,0.0
82303,0.0
82305,0.0
82308,0.0
82311,0.0
82314,0.0
82319,0.0
82324,0.0
82329,0.0
82330,0.0
82335,0.0
82337,0.0
82341,0.0
82348,0.0
82353,0.0
82356,0.0
82359,0.0
82365,0.0
82366,0.0
82380,0.0
82382,0.0
82390,0.0
82394,0.0
82397,0.0
82399,0.0
82400,0.0
82405,0.0
82417,0.0
82421,0.0
82422,0.0
82426,0.0
82435,0.0
82445,0.0
82449,0.0
82451,0.0
82460,0.0
82469,0.0
82471,0.0
82479,0.0
82482,0.0
82497,0.0
82503,0.0
82506,0.0
82507,0.0
82513,0.0
82523,0.0
82526,0.0
82538,0.0
82543,0.0
82559,0.0
82561,0.0
82562,0.0
82566,0.0
82576,0.0
82577,0.0
82578,0.0
82580,0.0
82584,0.0
82589,0.0
82591,0.0
82599,0.0
82600,0.0
82605,0.0
82609,0.0
82611,0.0
82615,0.0
82620,0.0
82632,0.0
82634,0.0
82646,0.0
82647,0.0
82655,0.0
82659,0.0
82662,0.0
82663,0.0
82665,0.0
82671,0.0
82672,0.0
82674,0.0
82680,0.0
82683,0.0
82684,0.0
82689,0.0
82690,0.0
82692,0.0
82700,0.0
82701,0.0
82706,0.0
82708,0.0
82711,0.0
82722,0.0
82731,0.0
82738,0.0
82746,0.0
82750,0.0
82755,0.0
82762,0.0
82763,0.0
82764,0.0
82766,0.0
82768,0.0
82771,0.0
82779,0.0
82783,0.0
82785,0.0
82786,0.0
82788,0.0
82805,0.0
82808,0.0
82813,0.0
82817,0.0
82818,0.0
82819,0.0
82828,0.0
82832,0.0
82840,0.0
82842,0.0
82848,0.0
82850,0.0
82851,0.0
82852,0.0
82858,0.0
82861,0.0
82863,0.0
82871,0.0
82873,0.0
82876,0.0
82879,0.0
82881,0.0
82884,0.0
82892,0.0
82903,0.0
82909,0.0
82910,0.0
82912,0.0
82914,0.0
82920,0.0
82925,0.0
82935,0.0
82948,0.0
82951,0.0
82953,0.0
82957,0.0
82966,0.0
82970,0.0
82978,0.0
82981,0.0
82986,0.0
82992,0.0
82996,0.0
83003,0.0
83012,0.0
83013,0.0
83014,0.0
83015,0.0
83016,0.0
83021,0.0
83024,0.0
83034,0.0
83044,0.0
83048,0.0
83049,0.0
83054,0.0
83056,0.0
83059,0.0
83062,0.0
83063,0.0
83069,0.0
83070,0.0
83071,0.0
83111,0.0
83117,0.0
83120,0.0
83132,0.0
83134,0.0
83139,0.0
83146,0.0
83148,0.0
83150,0.0
83152,0.0
83155,0.0
83156,0.0
83162,0.0
83171,0.0
83177,0.0
83178,0.0
83194,0.0
83195,0.0
83214,0.0
83215,0.0
83227,0.0
83246,0.0
83256,0.0
83258,0.0
83259,0.0
83270,0.0
83276,0.0
83284,0.0
83289,0.0
83294,0.0
83298,0.0
83306,0.0
83316,0.0
83320,0.0
83327,0.0
83331,0.0
83332,0.0
83349,0.0
83352,0.0
83361,0.0
83381,0.0
83382,0.0
83384,0.0
83385,0.0
83388,0.0
83392,0.0
83406,0.0
83410,0.0
83415,0.0
83421,0.0
83430,0.0
83436,0.0
83437,0.0
83442,0.0
83449,0.0
83451,0.0
83454,0.0
83455,0.0
83457,0.0
83462,0.0
83471,0.0
83476,0.0
83478,0.0
83482,0.0
83484,0.0
83490,0.0
83494,0.0
83505,0.0
83514,0.0
83517,0.0
83518,0.0
83522,0.0
83529,0.0
83531,0.0
83533,0.0
83553,0.0
83559,0.0
83566,0.0
83568,0.0
83571,0.0
83573,0.0
83575,0.0
83580,0.0
83583,0.0
83584,0.0
83585,0.0
83586,0.0
83588,0.0
83602,0.0
83603,0.0
83606,0.0
83613,0.0
83617,0.0
83618,0.0
83621,0.0
83623,0.0
83626,0.0
83629,0.0
83637,0.0
83642,0.0
83646,0.0
83657,0.0
83658,0.0
83661,0.0
83662,0.0
83678,0.0
83686,0.0
83687,0.0
83689,0.0
83695,0.0
83699,0.0
83710,0.0
83713,0.0
83718,0.0
83719,0.0
83720,0.0
83732,0.0
83733,0.0
83735,0.0
83738,0.0
83742,0.0
83744,0.0
83746,0.0
83753,0.0
83765,0.0
83776,0.0
83782,0.0
83783,0.0
83793,0.0
83796,0.0
83797,0.0
83803,0.0
83807,0.0
83810,0.0
83813,0.0
83818,0.0
83832,0.0
83833,0.0
83834,0.0
83835,0.0
83839,0.0
83840,0.0
83843,0.0
83850,0.0
83855,0.0
83858,0.0
83863,0.0
83865,0.0
83873,0.0
83874,0.0
83876,0.0
83878,0.0
83880,0.0
83885,0.0
83887,0.0
83888,0.0
83892,0.0
83894,0.0
83896,0.0
83897,0.0
83898,0.0
83922,0.0
83926,0.0
83931,0.0
83936,0.0
83940,0.0
83947,0.0
83950,0.0
83960,0.0
83963,0.0
83970,0.0
83977,0.0
83986,0.0
83989,0.0
83994,0.0
84005,0.0
84009,0.0
84010,0.0
84013,0.0
84022,0.0
84024,0.0
84033,0.0
84042,0.0
84046,0.0
84055,0.0
84059,0.0
84061,0.0
84065,0.0
84076,0.0
84078,0.0
84081,0.0
84087,0.0
84088,0.0
84103,0.0
84106,0.0
84107,0.0
84113,0.0
84118,0.0
84124,0.0
84132,0.0
84135,0.0
84139,0.0
84140,0.0
84142,0.0
84145,0.0
84146,0.0
84152,0.0
84154,0.0
84163,0.0
84179,0.0
84188,0.0
84191,0.0
84194,0.0
84195,0.0
84197,0.0
84200,0.0
84201,0.0
84204,0.0
84211,0.0
84214,0.0
84215,0.0
84217,0.0
84218,0.0
84220,0.0
84224,0.0
84229,0.0
84230,0.0
84231,0.0
84237,0.0
84238,0.0
84244,0.0
84245,0.0
84254,0.0
84258,0.0
84259,0.0
84260,0.0
84277,0.0
84280,0.0
84287,0.0
84290,0.0
84292,0.0
84293,0.0
84297,0.0
84299,0.0
84305,0.0
84309,0.0
84319,0.0
84320,0.0
84321,0.0
84323,0.0
84332,0.0
84359,0.0
84363,0.0
84364,0.0
84371,0.0
84374,0.0
84376,0.0
84377,0.0
84383,0.0
84388,0.0
84395,0.0
84406,0.0
84408,0.0
84417,0.0
84418,0.0
84419,0.0
84431,0.0
84435,0.0
84436,0.0
84438,0.0
84451,0.0
84458,0.0
84465,0.0
84474,0.0
84477,0.0
84479,0.0
84488,0.0
84490,0.0
84496,0.0
84500,0.0
84501,0.0
84517,0.0
84522,0.0
84523,0.0
84524,0.0
84532,0.0
84537,0.0
84539,0.0
84545,0.0
84547,0.0
84549,0.0
84550,0.0
84553,0.0
84556,0.0
84567,0.0
84568,0.0
84571,0.0
84576,0.0
84579,0.0
84580,0.0
84588,0.0
84590,0.0
84596,0.0
84601,0.0
84617,0.0
84619,0.0
84623,0.0
84625,0.0
84654,0.0
84659,0.0
84660,0.0
84662,0.0
84665,0.0
84666,0.0
84669,0.0
84673,0.0
84676,0.0
84682,0.0
84684,0.0
84685,0.0
84686,0.0
84688,0.0
84690,0.0
84698,0.0
84700,0.0
84708,0.0
84714,0.0
84723,0.0
84727,0.0
84729,0.0
84730,0.0
84736,0.0
84739,0.0
84759,0.0
84761,0.0
84764,0.0
84771,0.0
84774,0.0
84775,0.0
84778,0.0
84783,0.0
84789,0.0
84792,0.0
84795,0.0
84798,0.0
84807,0.0
84809,0.0
84821,0.0
84830,0.0
84841,0.0
84842,0.0
84855,0.0
84856,0.0
84860,0.0
84865,0.0
84877,0.0
84889,0.0
84896,0.0
84902,0.0
84904,0.0
84906,0.0
84921,0.0
84926,0.0
84935,0.0
84937,0.0
84939,0.0
84941,0.0
84946,0.0
84950,0.0
84972,0.0
84974,0.0
84985,0.0
84988,0.0
84993,0.0
84996,0.0
84997,0.0
84999,0.0
85001,0.0
85002,0.0
85009,0.0
85013,0.0
85017,0.0
85018,0.0
85019,0.0
85021,0.0
85025,0.0
85030,0.0
85032,0.0
85034,0.0
85038,0.0
85045,0.0
85051,0.0
85054,0.0
85055,0.0
85056,0.0
85057,0.0
85059,0.0
85062,0.0
85064,0.0
85070,0.0
85072,0.0
85074,0.0
85076,0.0
85078,0.0
85080,0.0
85081,0.0
85087,0.0
85093,0.0
85101,0.0
85114,0.0
85120,0.0
85129,0.0
85132,0.0
85135,0.0
85143,0.0
85144,0.0
85149,0.0
85153,0.0
85159,0.0
85164,0.0
85166,0.0
85171,0.0
85183,0.0
85184,0.0
85187,0.0
85190,0.0
85196,0.0
85197,0.0
85202,0.0
85205,0.0
85208,0.0
85212,0.0
85216,0.0
85222,0.0
85230,0.0
85231,0.0
85235,0.0
85253,0.0
85265,0.0
85272,0.0
85274,0.0
85275,0.0
85280,0.0
85288,0.0
85298,0.0
85300,0.0
85306,0.0
85311,0.0
85315,0.0
85319,0.0
85321,0.0
85327,0.0
85329,0.0
85331,0.0
85350,0.0
85353,0.0
85357,0.0
85366,0.0
85374,0.0
85375,0.0
85385,0.0
85391,0.0
85393,0.0
85396,0.0
85398,0.0
85401,0.0
85412,0.0
85413,0.0
85419,0.0
85422,0.0
85431,0.0
85435,0.0
85441,0.0
85446,0.0
85449,0.0
85453,0.0
85468,0.0
85470,0.0
85472,0.0
85473,0.0
85474,0.0
85485,0.0
85491,0.0
85493,0.0
85501,0.0
85511,0.0
85514,0.0
85517,0.0
85518,0.0
85520,0.0
85524,0.0
85528,0.0
85531,0.0
85532,0.0
85536,0.0
85539,0.0
85540,0.0
85542,0.0
85546,0.0
85547,0.0
85548,0.0
85551,0.0
85555,0.0
85559,0.0
85562,0.0
85564,0.0
85567,0.0
85570,0.0
85574,0.0
85575,0.0
85594,0.0
85598,0.0
85602,0.0
85605,0.0
85608,0.0
85612,0.0
85614,0.0
85620,0.0
85623,0.0
85639,0.0
85640,0.0
85646,0.0
85653,0.0
85654,0.0
85657,0.0
85658,0.0
85659,0.0
85663,0.0
85665,0.0
85675,0.0
85679,0.0
85690,0.0
85698,0.0
85702,0.0
85703,0.0
85705,0.0
85707,0.0
85712,0.0
85719,0.0
85721,0.0
85725,0.0
85729,0.0
85743,0.0
85744,0.0
85754,0.0
85755,0.0
85759,0.0
85765,0.0
85768,0.0
85775,0.0
85777,0.0
85779,0.0
85786,0.0
85793,0.0
85799,0.0
85803,0.0
85819,0.0
85824,0.0
85828,0.0
85829,0.0
85832,0.0
85833,0.0
85834,0.0
85835,0.0
85837,0.0
85839,0.0
85843,0.0
85845,0.0
85848,0.0
85850,0.0
85853,0.0
85854,0.0
85858,0.0
85867,0.0
85871,0.0
85883,0.0
85888,0.0
85896,0.0
85897,0.0
85917,0.0
85918,0.0
85920,0.0
85928,0.0
85932,0.0
85937,0.0
85942,0.0
85945,0.0
85946,0.0
85947,0.0
85948,0.0
85950,0.0
85951,0.0
85953,0.0
85958,0.0
85959,0.0
85960,0.0
85971,0.0
85974,0.0
85977,0.0
85981,0.0
85987,0.0
85994,0.0
85998,0.0
86002,0.0
86003,0.0
86005,0.0
86007,0.0
86008,0.0
86015,0.0
86023,0.0
86029,0.0
86041,0.0
86044,0.0
86045,0.0
86047,0.0
86059,0.0
86074,0.0
86079,0.0
86080,0.0
86082,0.0
86084,0.0
86085,0.0
86095,0.0
86103,0.0
86104,0.0
86108,0.0
86112,0.0
86118,0.0
86121,0.0
86123,0.0
86127,0.0
86133,0.0
86138,0.0
86139,0.0
86144,0.0
86149,0.0
86153,0.0
86164,0.0
86165,0.0
86167,0.0
86172,0.0
86173,0.0
86180,0.0
86181,0.0
86188,0.0
86191,0.0
86195,0.0
86199,0.0
86200,0.0
86202,0.0
86215,0.0
86216,0.0
86228,0.0
86240,0.0
86246,0.0
86248,0.0
86250,0.0
86259,0.0
86266,0.0
86278,0.0
86279,0.0
86284,0.0
86285,0.0
86286,0.0
86291,0.0
86293,0.0
86294,0.0
86297,0.0
86298,0.0
86299,0.0
86300,0.0
86301,0.0
86302,0.0
86309,0.0
86312,0.0
86321,0.0
86323,0.0
86329,0.0
86346,0.0
86348,0.0
86353,0.0
86362,0.0
86371,0.0
86378,0.0
86381,0.0
86392,0.0
86395,0.0
86397,0.0
86398,0.0
86406,0.0
86407,0.0
86408,0.0
86414,0.0
86415,0.0
86424,0.0
86427,0.0
86435,0.0
86445,0.0
86446,0.0
86455,0.0
86458,0.0
86459,0.0
86462,0.0
86469,0.0
86472,0.0
86480,0.0
86481,0.0
86482,0.0
86486,0.0
86498,0.0
86502,0.0
86503,0.0
86511,0.0
86512,0.0
86514,0.0
86516,0.0
86517,0.0
86529,0.0
86530,0.0
86533,0.0
86536,0.0
86542,0.0
86543,0.0
86546,0.0
86549,0.0
86553,0.0
86563,0.0
86565,0.0
86567,0.0
86575,0.0
86581,0.0
86583,0.0
86584,0.0
86587,0.0
86590,0.0
86591,0.0
86593,0.0
86597,0.0
86613,0.0
86617,0.0
86618,0.0
86621,0.0
86624,0.0
86629,0.0
86633,0.0
86634,0.0
86639,0.0
86645,0.0
86647,0.0
86648,0.0
86649,0.0
86655,0.0
86658,0.0
86659,0.0
86670,0.0
86673,0.0
86682,0.0
86689,0.0
86695,0.0
86698,0.0
86703,0.0
86706,0.0
86709,0.0
86711,0.0
86715,0.0
86727,0.0
86742,0.0
86753,0.0
86754,0.0
86789,0.0
86793,0.0
86800,0.0
86820,0.0
86822,0.0
86825,0.0
86827,0.0
86832,0.0
86833,0.0
86838,0.0
86846,0.0
86854,0.0
86857,0.0
86858,0.0
86860,0.0
86862,0.0
86863,0.0
86866,0.0
86871,0.0
86872,0.0
86877,0.0
86886,0.0
86887,0.0
86890,0.0
86891,0.0
86896,0.0
86911,0.0
86916,0.0
86917,0.0
86918,0.0
86923,0.0
86925,0.0
86936,0.0
86940,0.0
86943,0.0
86951,0.0
86957,0.0
86969,0.0
86971,0.0
86973,0.0
86978,0.0
86985,0.0
86989,0.0
86996,0.0
86997,0.0
87001,0.0
87006,0.0
87009,0.0
87020,0.0
87023,0.0
87030,0.0
87035,0.0
87036,0.0
87049,0.0
87055,0.0
87056,0.0
87061,0.0
87062,0.0
87063,0.0
87066,0.0
87075,0.0
87084,0.0
87094,0.0
87096,0.0
87097,0.0
87100,0.0
87109,0.0
87112,0.0
87117,0.0
87118,0.0
87124,0.0
87126,0.0
87133,0.0
87135,0.0
87136,0.0
87146,0.0
87149,0.0
87156,0.0
87159,0.0
87162,0.0
87163,0.0
87166,0.0
87168,0.0
87179,0.0
87187,0.0
87191,0.0
87197,0.0
87204,0.0
87206,0.0
87216,0.0
87217,0.0
87219,0.0
87220,0.0
87228,0.0
87237,0.0
87239,0.0
87247,0.0
87251,0.0
87252,0.0
87258,0.0
87264,0.0
87276,0.0
87278,0.0
87279,0.0
87283,0.0
87286,0.0
87287,0.0
87290,0.0
87292,0.0
87293,0.0
87305,0.0
87307,0.0
87309,0.0
87311,0.0
87312,0.0
87328,0.0
87329,0.0
87332,0.0
87335,0.0
87336,0.0
87347,0.0
87354,0.0
87359,0.0
87361,0.0
87367,0.0
87370,0.0
87374,0.0
87375,0.0
87376,0.0
87380,0.0
87384,0.0
87407,0.0
87408,0.0
87417,0.0
87429,0.0
87433,0.0
87438,0.0
87441,0.0
87443,0.0
87447,0.0
87449,0.0
87450,0.0
87457,0.0
87458,0.0
87482,0.0
87488,0.0
87500,0.0
87503,0.0
87507,0.0
87515,0.0
87521,0.0
87527,0.0
87540,0.0
87549,0.0
87553,0.0
87554,0.0
87563,0.0
87565,0.0
87569,0.0
87570,0.0
87574,0.0
87577,0.0
87579,0.0
87582,0.0
87586,0.0
87587,0.0
87595,0.0
87596,0.0
87597,0.0
87613,0.0
87621,0.0
87625,0.0
87632,0.0
87641,0.0
87649,0.0
87653,0.0
87656,0.0
87658,0.0
87662,0.0
87668,0.0
87669,0.0
87675,0.0
87679,0.0
87702,0.0
87708,0.0
87713,0.0
87721,0.0
87725,0.0
87729,0.0
87730,0.0
87734,0.0
87741,0.0
87742,0.0
87752,0.0
87755,0.0
87757,0.0
87761,0.0
87765,0.0
87772,0.0
87777,0.0
87785,0.0
87788,0.0
87793,0.0
87798,0.0
87799,0.0
87807,0.0
87811,0.0
87817,0.0
87851,0.0
87852,0.0
87853,0.0
87862,0.0
87867,0.0
87876,0.0
87887,0.0
87888,0.0
87889,0.0
87891,0.0
87897,0.0
87902,0.0
87904,0.0
87910,0.0
87912,0.0
87923,0.0
87924,0.0
87926,0.0
87929,0.0
87949,0.0
87953,0.0
87955,0.0
87960,0.0
87961,0.0
87975,0.0
87976,0.0
87982,0.0
87999,0.0
88004,0.0
88006,0.0
88012,0.0
88022,0.0
88031,0.0
88050,0.0
88066,0.0
88070,0.0
88071,0.0
88076,0.0
88078,0.0
88084,0.0
88094,0.0
88103,0.0
88104,0.0
88115,0.0
88120,0.0
88124,0.0
88136,0.0
88144,0.0
88147,0.0
88156,0.0
88160,0.0
88162,0.0
88169,0.0
88172,0.0
88182,0.0
88188,0.0
88190,0.0
88191,0.0
88196,0.0
88204,0.0
88210,0.0
88211,0.0
88219,0.0
88220,0.0
88222,0.0
88228,0.0
88232,0.0
88235,0.0
88236,0.0
88240,0.0
88242,0.0
88244,0.0
88252,0.0
88256,0.0
88259,0.0
88267,0.0
88280,0.0
88286,0.0
88291,0.0
88301,0.0
88308,0.0
88314,0.0
88315,0.0
88320,0.0
88322,0.0
88323,0.0
88336,0.0
88340,0.0
88343,0.0
88346,0.0
88353,0.0
88360,0.0
88362,0.0
88363,0.0
88374,0.0
88385,0.0
88386,0.0
88388,0.0
88392,0.0
88401,0.0
88402,0.0
88415,0.0
88423,0.0
88424,0.0
88431,0.0
88438,0.0
88440,0.0
88447,0.0
88456,0.0
88459,0.0
88463,0.0
88465,0.0
88466,0.0
88468,0.0
88470,0.0
88475,0.0
88480,0.0
88482,0.0
88492,0.0
88504,0.0
88514,0.0
88517,0.0
88521,0.0
88534,0.0
88535,0.0
88538,0.0
88541,0.0
88546,0.0
88547,0.0
88551,0.0
88556,0.0
88562,0.0
88563,0.0
88565,0.0
88567,0.0
88573,0.0
88580,0.0
88581,0.0
88585,0.0
88586,0.0
88591,0.0
88593,0.0
88596,0.0
88604,0.0
88606,0.0
88607,0.0
88610,0.0
88611,0.0
88613,0.0
88616,0.0
88643,0.0
88645,0.0
88647,0.0
88651,0.0
88656,0.0
88661,0.0
88668,0.0
88669,0.0
88672,0.0
88692,0.0
88696,0.0
88697,0.0
88702,0.0
88703,0.0
88705,0.0
88707,0.0
88709,0.0
88711,0.0
88712,0.0
88731,0.0
88740,0.0
88741,0.0
88743,0.0
88746,0.0
88747,0.0
88748,0.0
88760,0.0
88764,0.0
88765,0.0
88766,0.0
88770,0.0
88773,0.0
88778,0.0
88788,0.0
88793,0.0
88803,0.0
88810,0.0
88815,0.0
88819,0.0
88821,0.0
88834,0.0
88841,0.0
88843,0.0
88845,0.0
88855,0.0
88858,0.0
88867,0.0
88869,0.0
88873,0.0
88875,0.0
88885,0.0
88901,0.0
88915,0.0
88917,0.0
88924,0.0
88925,0.0
88928,0.0
88930,0.0
88932,0.0
88939,0.0
88941,0.0
88948,0.0
88953,0.0
88956,0.0
88961,0.0
88964,0.0
88966,0.0
88967,0.0
88978,0.0
88979,0.0
88980,0.0
88990,0.0
88999,0.0
89001,0.0
89006,0.0
89008,0.0
89009,0.0
89013,0.0
89014,0.0
89018,0.0
89019,0.0
89021,0.0
89022,0.0
89025,0.0
89026,0.0
89031,0.0
89033,0.0
89038,0.0
89045,0.0
89051,0.0
89064,0.0
89068,0.0
89069,0.0
89075,0.0
89079,0.0
89081,0.0
89091,0.0
89099,0.0
89101,0.0
89105,0.0
89112,0.0
89113,0.0
89122,0.0
89130,0.0
89132,0.0
89136,0.0
89139,0.0
89152,0.0
89166,0.0
89168,0.0
89169,0.0
89172,0.0
89173,0.0
89174,0.0
89175,0.0
89180,0.0
89183,0.0
89193,0.0
89195,0.0
89200,0.0
89213,0.0
89216,0.0
89231,0.0
89248,0.0
89250,0.0
89256,0.0
89260,0.0
89269,0.0
89295,0.0
89298,0.0
89301,0.0
89308,0.0
89309,0.0
89317,0.0
89318,0.0
89320,0.0
89324,0.0
89337,0.0
89343,0.0
89349,0.0
89352,0.0
89361,0.0
89370,0.0
89387,0.0
89390,0.0
89392,0.0
89401,0.0
89412,0.0
89415,0.0
89423,0.0
89429,0.0
89435,0.0
89446,0.0
89450,0.0
89451,0.0
89453,0.0
89454,0.0
89455,0.0
89457,0.0
89466,0.0
89481,0.0
89492,0.0
89495,0.0
89498,0.0
89499,0.0
89508,0.0
89509,0.0
89515,0.0
89527,0.0
89529,0.0
89533,0.0
89538,0.0
89541,0.0
89544,0.0
89547,0.0
89550,0.0
89561,0.0
89562,0.0
89566,0.0
89567,0.0
89569,0.0
89577,0.0
89580,0.0
89581,0.0
89599,0.0
89605,0.0
89609,0.0
89610,0.0
89611,0.0
89615,0.0
89627,0.0
89633,0.0
89634,0.0
89635,0.0
89638,0.0
89643,0.0
89649,0.0
89650,0.0
89653,0.0
89666,0.0
89678,0.0
89682,0.0
89684,0.0
89685,0.0
89686,0.0
89687,0.0
89690,0.0
89701,0.0
89702,0.0
89708,0.0
89709,0.0
89713,0.0
89722,0.0
89724,0.0
89727,0.0
89728,0.0
89735,0.0
89736,0.0
89737,0.0
89741,0.0
89743,0.0
89747,0.0
89751,0.0
89754,0.0
89755,0.0
89756,0.0
89757,0.0
89760,0.0
89768,0.0
89776,0.0
89780,0.0
89781,0.0
89790,0.0
89795,0.0
89808,0.0
89810,0.0
89812,0.0
89813,0.0
89820,0.0
89827,0.0
89836,0.0
89839,0.0
89844,0.0
89847,0.0
89855,0.0
89859,0.0
89865,0.0
89870,0.0
89878,0.0
89881,0.0
89885,0.0
89887,0.0
89888,0.0
89889,0.0
89891,0.0
89898,0.0
89908,0.0
89911,0.0
89914,0.0
89924,0.0
89926,0.0
89929,0.0
89931,0.0
89933,0.0
89935,0.0
89938,0.0
89939,0.0
89960,0.0
89962,0.0
89968,0.0
89973,0.0
89975,0.0
89979,0.0
89983,0.0
89986,0.0
89987,0.0
89995,0.0
89999,0.0
90000,0.0
90001,0.0
90005,0.0
90014,0.0
90027,0.0
90053,0.0
90054,0.0
90060,0.0
90061,0.0
90078,0.0
90079,0.0
90086,0.0
90088,0.0
90093,0.0
90100,0.0
90106,0.0
90111,0.0
90124,0.0
90128,0.0
90136,0.0
90142,0.0
90151,0.0
90152,0.0
90159,0.0
90171,0.0
90175,0.0
90180,0.0
90185,0.0
90194,0.0
90197,0.0
90200,0.0
90214,0.0
90226,0.0
90227,0.0
90233,0.0
90248,0.0
90252,0.0
90254,0.0
90255,0.0
90267,0.0
90269,0.0
90275,0.0
90294,0.0
90305,0.0
90306,0.0
90309,0.0
90313,0.0
90315,0.0
90318,0.0
90322,0.0
90326,0.0
90337,0.0
90338,0.0
90339,0.0
90340,0.0
90341,0.0
90342,0.0
90350,0.0
90354,0.0
90369,0.0
90385,0.0
90403,0.0
90412,0.0
90413,0.0
90420,0.0
90426,0.0
90433,0.0
90437,0.0
90446,0.0
90447,0.0
90450,0.0
90452,0.0
90473,0.0
90476,0.0
90480,0.0
90485,0.0
90486,0.0
90499,0.0
90500,0.0
90502,0.0
90505,0.0
90510,0.0
90511,0.0
90512,0.0
90515,0.0
90519,0.0
90530,0.0
90536,0.0
90541,0.0
90543,0.0
90549,0.0
90550,0.0
90554,0.0
90555,0.0
90556,0.0
90557,0.0
90559,0.0
90563,0.0
90565,0.0
90568,0.0
90576,0.0
90580,0.0
90584,0.0
90585,0.0
90586,0.0
90587,0.0
90591,0.0
90595,0.0
90601,0.0
90603,0.0
90608,0.0
90622,0.0
90623,0.0
90628,0.0
90643,0.0
90646,0.0
90652,0.0
90655,0.0
90656,0.0
90661,0.0
90668,0.0
90670,0.0
90672,0.0
90678,0.0
90681,0.0
90691,0.0
90708,0.0
90711,0.0
90712,0.0
90713,0.0
90714,0.0
90725,0.0
90740,0.0
90741,0.0
90743,0.0
90746,0.0
90750,0.0
90751,0.0
90755,0.0
90756,0.0
90758,0.0
90761,0.0
90771,0.0
90773,0.0
90791,0.0
90793,0.0
90794,0.0
90795,0.0
90797,0.0
90798,0.0
90800,0.0
90801,0.0
90815,0.0
90817,0.0
90829,0.0
90839,0.0
90841,0.0
90843,0.0
90844,0.0
90845,0.0
90846,0.0
90847,0.0
90849,0.0
90851,0.0
90852,0.0
90854,0.0
90856,0.0
90861,0.0
90864,0.0
90879,0.0
90886,0.0
90889,0.0
90893,0.0
90895,0.0
90901,0.0
90902,0.0
90906,0.0
90909,0.0
90912,0.0
90938,0.0
90954,0.0
90958,0.0
90962,0.0
90981,0.0
90991,0.0
90998,0.0
90999,0.0
91014,0.0
91019,0.0
91024,0.0
91029,0.0
91039,0.0
91041,0.0
91045,0.0
91055,0.0
91061,0.0
91063,0.0
91066,0.0
91082,0.0
91083,0.0
91086,0.0
91100,0.0
91101,0.0
91107,0.0
91112,0.0
91113,0.0
91116,0.0
91117,0.0
91118,0.0
91125,0.0
91129,0.0
91141,0.0
91149,0.0
91150,0.0
91153,0.0
91154,0.0
91163,0.0
91168,0.0
91170,0.0
91171,0.0
91176,0.0
91179,0.0
91185,0.0
91189,0.0
91190,0.0
91192,0.0
91197,0.0
91212,0.0
91217,0.0
91229,0.0
91231,0.0
91233,0.0
91240,0.0
91246,0.0
91249,0.0
91251,0.0
91253,0.0
91257,0.0
91259,0.0
91264,0.0
91269,0.0
91272,0.0
91274,0.0
91279,0.0
91294,0.0
91295,0.0
91297,0.0
91301,0.0
91309,0.0
91310,0.0
91314,0.0
91318,0.0
91319,0.0
91329,0.0
91339,0.0
91346,0.0
91350,0.0
91351,0.0
91353,0.0
91358,0.0
91360,0.0
91363,0.0
91371,0.0
91373,0.0
91374,0.0
91377,0.0
91385,0.0
91393,0.0
91396,0.0
91399,0.0
91403,0.0
91410,0.0
91412,0.0
91413,0.0
91419,0.0
91421,0.0
91429,0.0
91433,0.0
91434,0.0
91441,0.0
91443,0.0
91451,0.0
91452,0.0
91468,0.0
91473,0.0
91474,0.0
91475,0.0
91482,0.0
91486,0.0
91487,0.0
91488,0.0
91489,0.0
91495,0.0
91516,0.0
91518,0.0
91520,0.0
91521,0.0
91524,0.0
91528,0.0
91534,0.0
91535,0.0
91536,0.0
91542,0.0
91543,0.0
91549,0.0
91550,0.0
91551,0.0
91557,0.0
91560,0.0
91562,0.0
91567,0.0
91570,0.0
91572,0.0
91580,0.0
91595,0.0
91600,0.0
91602,0.0
91609,0.0
91619,0.0
91621,0.0
91622,0.0
91630,0.0
91635,0.0
91642,0.0
91643,0.0
91648,0.0
91653,0.0
91654,0.0
91655,0.0
91660,0.0
91664,0.0
91666,0.0
91674,0.0
91677,0.0
91682,0.0
91694,0.0
91698,0.0
91711,0.0
91715,0.0
91717,0.0
91727,0.0
91731,0.0
91732,0.0
91745,0.0
91749,0.0
91750,0.0
91764,0.0
91774,0.0
91778,0.0
91779,0.0
91781,0.0
91789,0.0
91798,0.0
91802,0.0
91803,0.0
91811,0.0
91812,0.0
91815,0.0
91816,0.0
91824,0.0
91826,0.0
91833,0.0
91837,0.0
91841,0.0
91850,0.0
91852,0.0
91855,0.0
91869,0.0
91875,0.0
91881,0.0
91882,0.0
91883,0.0
91884,0.0
91893,0.0
91898,0.0
91924,0.0
91927,0.0
91930,0.0
91933,0.0
91935,0.0
91937,0.0
91940,0.0
91944,0.0
91953,0.0
91955,0.0
91959,0.0
91963,0.0
91969,0.0
91972,0.0
91976,0.0
91977,0.0
91984,0.0
91997,0.0
91998,0.0
92000,0.0
92002,0.0
92005,0.0
92009,0.0
92010,0.0
92022,0.0
92030,0.0
92037,0.0
92040,0.0
92047,0.0
92053,0.0
92059,0.0
92082,0.0
92088,0.0
92092,0.0
92095,0.0
92106,0.0
92108,0.0
92123,0.0
92133,0.0
92136,0.0
92139,0.0
92140,0.0
92147,0.0
92151,0.0
92156,0.0
92161,0.0
92170,0.0
92175,0.0
92182,0.0
92183,0.0
92184,0.0
92185,0.0
92190,0.0
92197,0.0
92202,0.0
92206,0.0
92211,0.0
92215,0.0
92224,0.0
92228,0.0
92232,0.0
92241,0.0
92242,0.0
92264,0.0
92282,0.0
92292,0.0
92293,0.0
92307,0.0
92309,0.0
92333,0.0
92335,0.0
92360,0.0
92361,0.0
92362,0.0
92363,0.0
92365,0.0
92367,0.0
92369,0.0
92370,0.0
92371,0.0
92372,0.0
92374,0.0
92387,0.0
92388,0.0
92392,0.0
92393,0.0
92396,0.0
92399,0.0
92400,0.0
92402,0.0
92409,0.0
92410,0.0
92419,0.0
92422,0.0
92423,0.0
92432,0.0
92442,0.0
92450,0.0
92451,0.0
92457,0.0
92463,0.0
92467,0.0
92473,0.0
92476,0.0
92477,0.0
92479,0.0
92483,0.0
92504,0.0
92505,0.0
92506,0.0
92507,0.0
92514,0.0
92515,0.0
92520,0.0
92525,0.0
92532,0.0
92537,0.0
92540,0.0
92545,0.0
92547,0.0
92548,0.0
92549,0.0
92550,0.0
92554,0.0
92555,0.0
92564,0.0
92565,0.0
92572,0.0
92576,0.0
92586,0.0
92587,0.0
92591,0.0
92599,0.0
92607,0.0
92619,0.0
92620,0.0
92622,0.0
92623,0.0
92628,0.0
92636,0.0
92646,0.0
92652,0.0
92653,0.0
92654,0.0
92667,0.0
92675,0.0
92683,0.0
92696,0.0
92698,0.0
92705,0.0
92709,0.0
92714,0.0
92715,0.0
92716,0.0
92719,0.0
92720,0.0
92729,0.0
92743,0.0
92749,0.0
92767,0.0
92768,0.0
92777,0.0
92781,0.0
92783,0.0
92790,0.0
92795,0.0
92803,0.0
92804,0.0
92807,0.0
92813,0.0
92817,0.0
92828,0.0
92832,0.0
92852,0.0
92853,0.0
92859,0.0
92867,0.0
92868,0.0
92875,0.0
92878,0.0
92882,0.0
92884,0.0
92886,0.0
92889,0.0
92892,0.0
92893,0.0
92907,0.0
92914,0.0
92930,0.0
92940,0.0
92942,0.0
92948,0.0
92949,0.0
92954,0.0
92955,0.0
92957,0.0
92958,0.0
92959,0.0
92969,0.0
92970,0.0
92972,0.0
92974,0.0
92975,0.0
92984,0.0
92990,0.0
92994,0.0
92997,0.0
93007,0.0
93027,0.0
93043,0.0
93047,0.0
93062,0.0
93067,0.0
93068,0.0
93083,0.0
93093,0.0
93095,0.0
93099,0.0
93101,0.0
93107,0.0
93112,0.0
93118,0.0
93119,0.0
93127,0.0
93135,0.0
93137,0.0
93140,0.0
93152,0.0
93153,0.0
93161,0.0
93166,0.0
93192,0.0
93193,0.0
93197,0.0
93202,0.0
93204,0.0
93206,0.0
93211,0.0
93214,0.0
93221,0.0
93227,0.0
93229,0.0
93233,0.0
93234,0.0
93245,0.0
93252,0.0
93256,0.0
93259,0.0
93277,0.0
93279,0.0
93282,0.0
93283,0.0
93295,0.0
93298,0.0
93302,0.0
93303,0.0
93304,0.0
93308,0.0
93311,0.0
93322,0.0
93323,0.0
93347,0.0
93355,0.0
93356,0.0
93358,0.0
93374,0.0
93386,0.0
93387,0.0
93401,0.0
93405,0.0
93406,0.0
93409,0.0
93414,0.0
93418,0.0
93426,0.0
93428,0.0
93431,0.0
93442,0.0
93445,0.0
93453,0.0
93458,0.0
93460,0.0
93462,0.0
93469,0.0
93470,0.0
93476,0.0
93479,0.0
93483,0.0
93491,0.0
93496,0.0
93498,0.0
93499,0.0
93503,0.0
93518,0.0
93535,0.0
93542,0.0
93555,0.0
93565,0.0
93568,0.0
93582,0.0
93585,0.0
93590,0.0
93595,0.0
93597,0.0
93606,0.0
93611,0.0
93615,0.0
93619,0.0
93621,0.0
93628,0.0
93631,0.0
93638,0.0
93646,0.0
93649,0.0
93666,0.0
93677,0.0
93680,0.0
93684,0.0
93686,0.0
93701,0.0
93705,0.0
93709,0.0
93712,0.0
93718,0.0
93719,0.0
93723,0.0
93727,0.0
93739,0.0
93742,0.0
93747,0.0
93752,0.0
93767,0.0
93775,0.0
93798,0.0
93804,0.0
93807,0.0
93814,0.0
93822,0.0
93829,0.0
93836,0.0
93840,0.0
93841,0.0
93847,0.0
93853,0.0
93857,0.0
93859,0.0
93864,0.0
93865,0.0
93873,0.0
93876,0.0
93881,0.0
93883,0.0
93884,0.0
93892,0.0
93893,0.0
93895,0.0
93898,0.0
93901,0.0
93905,0.0
93908,0.0
93913,0.0
93915,0.0
93924,0.0
93929,0.0
93936,0.0
93944,0.0
93954,0.0
93956,0.0
93963,0.0
93969,0.0
93974,0.0
93990,0.0
93996,0.0
94003,0.0
94025,0.0
94032,0.0
94033,0.0
94038,0.0
94040,0.0
94046,0.0
94049,0.0
94053,0.0
94057,0.0
94060,0.0
94064,0.0
94074,0.0
94075,0.0
94079,0.0
94083,0.0
94086,0.0
94089,0.0
94092,0.0
94105,0.0
94109,0.0
94110,0.0
94126,0.0
94161,0.0
94162,0.0
94165,0.0
94175,0.0
94181,0.0
94184,0.0
94191,0.0
94197,0.0
94200,0.0
94202,0.0
94204,0.0
94207,0.0
94211,0.0
94213,0.0
94214,0.0
94221,0.0
94241,0.0
94247,0.0
94248,0.0
94251,0.0
94253,0.0
94256,0.0
94260,0.0
94265,0.0
94269,0.0
94277,0.0
94281,0.0
94289,0.0
94294,0.0
94295,0.0
94306,0.0
94312,0.0
94314,0.0
94323,0.0
94329,0.0
94332,0.0
94333,0.0
94334,0.0
94343,0.0
94356,0.0
94358,0.0
94361,0.0
94362,0.0
94374,0.0
94375,0.0
94381,0.0
94382,0.0
94390,0.0
94393,0.0
94397,0.0
94398,0.0
94401,0.0
94407,0.0
94410,0.0
94412,0.0
94416,0.0
94417,0.0
94419,0.0
94433,0.0
94449,0.0
94463,0.0
94464,0.0
94474,0.0
94475,0.0
94485,0.0
94491,0.0
94493,0.0
94495,0.0
94498,0.0
94501,0.0
94502,0.0
94504,0.0
94508,0.0
94509,0.0
94513,0.0
94532,0.0
94533,0.0
94537,0.0
94538,0.0
94545,0.0
94548,0.0
94550,0.0
94552,0.0
94555,0.0
94556,0.0
94558,0.0
94565,0.0
94566,0.0
94568,0.0
94569,0.0
94572,0.0
94574,0.0
94577,0.0
94591,0.0
94597,0.0
94598,0.0
94603,0.0
94608,0.0
94611,0.0
94612,0.0
94625,0.0
94626,0.0
94627,0.0
94631,0.0
94639,0.0
94641,0.0
94644,0.0
94647,0.0
94649,0.0
94652,0.0
94653,0.0
94674,0.0
94675,0.0
94680,0.0
94682,0.0
94683,0.0
94688,0.0
94706,0.0
94711,0.0
94712,0.0
94714,0.0
94718,0.0
94720,0.0
94721,0.0
94730,0.0
94734,0.0
94745,0.0
94748,0.0
94756,0.0
94767,0.0
94774,0.0
94782,0.0
94789,0.0
94791,0.0
94792,0.0
94823,0.0
94840,0.0
94849,0.0
94858,0.0
94859,0.0
94860,0.0
94861,0.0
94865,0.0
94872,0.0
94886,0.0
94887,0.0
94893,0.0
94903,0.0
94910,0.0
94911,0.0
94912,0.0
94929,0.0
94932,0.0
94935,0.0
94937,0.0
94959,0.0
94965,0.0
94968,0.0
94977,0.0
94987,0.0
94991,0.0
94992,0.0
94995,0.0
95008,0.0
95009,0.0
95011,0.0
95028,0.0
95030,0.0
95032,0.0
95038,0.0
95041,0.0
95059,0.0
95085,0.0
95092,0.0
95098,0.0
95099,0.0
95106,0.0
95119,0.0
95121,0.0
95126,0.0
95136,0.0
95138,0.0
95139,0.0
95140,0.0
95151,0.0
95154,0.0
95155,0.0
95158,0.0
95163,0.0
95166,0.0
95171,0.0
95175,0.0
95194,0.0
95198,0.0
95200,0.0
95201,0.0
95218,0.0
95220,0.0
95221,0.0
95233,0.0
95235,0.0
95237,0.0
95244,0.0
95245,0.0
95247,0.0
95250,0.0
95251,0.0
95252,0.0
95256,0.0
95260,0.0
95267,0.0
95272,0.0
95285,0.0
95293,0.0
95306,0.0
95309,0.0
95319,0.0
95335,0.0
95342,0.0
95346,0.0
95352,0.0
95353,0.0
95358,0.0
95359,0.0
95361,0.0
95364,0.0
95367,0.0
95370,0.0
95377,0.0
95380,0.0
95389,0.0
95396,0.0
95397,0.0
95403,0.0
95411,0.0
95414,0.0
95416,0.0
95436,0.0
95438,0.0
95442,0.0
95450,0.0
95452,0.0
95453,0.0
95467,0.0
95468,0.0
95471,0.0
95479,0.0
95481,0.0
95487,0.0
95488,0.0
95492,0.0
95498,0.0
95500,0.0
95506,0.0
95508,0.0
95510,0.0
95514,0.0
95515,0.0
95518,0.0
95520,0.0
95524,0.0
95525,0.0
95528,0.0
95529,0.0
95531,0.0
95542,0.0
95543,0.0
95545,0.0
95546,0.0
95547,0.0
95552,0.0
95559,0.0
95563,0.0
95568,0.0
95580,0.0
95586,0.0
95593,0.0
95601,0.0
95609,0.0
95610,0.0
95611,0.0
95616,0.0
95621,0.0
95626,0.0
95638,0.0
95646,0.0
95652,0.0
95666,0.0
95668,0.0
95675,0.0
95676,0.0
95686,0.0
95688,0.0
95690,0.0
95701,0.0
95705,0.0
95715,0.0
95718,0.0
95720,0.0
95722,0.0
95727,0.0
95728,0.0
95732,0.0
95733,0.0
95736,0.0
95738,0.0
95747,0.0
95752,0.0
95753,0.0
95759,0.0
95767,0.0
95775,0.0
95778,0.0
95783,0.0
95799,0.0
95801,0.0
95817,0.0
95818,0.0
95823,0.0
95825,0.0
95832,0.0
95835,0.0
95845,0.0
95849,0.0
95851,0.0
95858,0.0
95866,0.0
95872,0.0
95876,0.0
95885,0.0
95886,0.0
95887,0.0
95897,0.0
95907,0.0
95908,0.0
95911,0.0
95914,0.0
95915,0.0
95918,0.0
95922,0.0
95925,0.0
95936,0.0
95940,0.0
95941,0.0
95945,0.0
95948,0.0
95951,0.0
95958,0.0
95965,0.0
95973,0.0
95983,0.0
95987,0.0
95988,0.0
95990,0.0
95993,0.0
95996,0.0
96003,0.0
96015,0.0
96021,0.0
96025,0.0
96035,0.0
96037,0.0
96050,0.0
96051,0.0
96058,0.0
96073,0.0
96083,0.0
96086,0.0
96090,0.0
96093,0.0
96100,0.0
96102,0.0
96121,0.0
96123,0.0
96133,0.0
96140,0.0
96141,0.0
96144,0.0
96145,0.0
96159,0.0
96160,0.0
96164,0.0
96170,0.0
96174,0.0
96175,0.0
96176,0.0
96188,0.0
96190,0.0
96194,0.0
96199,0.0
96212,0.0
96217,0.0
96221,0.0
96222,0.0
96234,0.0
96246,0.0
96249,0.0
96259,0.0
96260,0.0
96262,0.0
96269,0.0
96270,0.0
96274,0.0
96287,0.0
96291,0.0
96292,0.0
96295,0.0
96298,0.0
96301,0.0
96305,0.0
96310,0.0
96316,0.0
96325,0.0
96330,0.0
96333,0.0
96337,0.0
96338,0.0
96340,0.0
96346,0.0
96348,0.0
96350,0.0
96354,0.0
96355,0.0
96356,0.0
96364,0.0
96365,0.0
96369,0.0
96370,0.0
96373,0.0
96374,0.0
96375,0.0
96378,0.0
96383,0.0
96384,0.0
96396,0.0
96398,0.0
96399,0.0
96402,0.0
96404,0.0
96406,0.0
96410,0.0
96411,0.0
96414,0.0
96416,0.0
96417,0.0
96420,0.0
96422,0.0
96425,0.0
96426,0.0
96428,0.0
96435,0.0
96436,0.0
96440,0.0
96446,0.0
96449,0.0
96458,0.0
96464,0.0
96466,0.0
96468,0.0
96484,0.0
96486,0.0
96487,0.0
96492,0.0
96494,0.0
96501,0.0
96503,0.0
96507,0.0
96515,0.0
96516,0.0
96522,0.0
96525,0.0
96539,0.0
96542,0.0
96545,0.0
96548,0.0
96552,0.0
96553,0.0
96554,0.0
96560,0.0
96563,0.0
96568,0.0
96573,0.0
96574,0.0
96579,0.0
96584,0.0
96589,0.0
96596,0.0
96599,0.0
96604,0.0
96607,0.0
96610,0.0
96614,0.0
96628,0.0
96632,0.0
96646,0.0
96648,0.0
96650,0.0
96661,0.0
96663,0.0
96671,0.0
96677,0.0
96685,0.0
96690,0.0
96693,0.0
96698,0.0
96705,0.0
96707,0.0
96709,0.0
96714,0.0
96718,0.0
96723,0.0
96726,0.0
96736,0.0
96738,0.0
96740,0.0
96741,0.0
96760,0.0
96762,0.0
96765,0.0
96775,0.0
96776,0.0
96777,0.0
96781,0.0
96782,0.0
96785,0.0
96786,0.0
96787,0.0
96788,0.0
96793,0.0
96797,0.0
96802,0.0
96803,0.0
96809,0.0
96810,0.0
96816,0.0
96822,0.0
96823,0.0
96827,0.0
96828,0.0
96831,0.0
96840,0.0
96844,0.0
96850,0.0
96851,0.0
96856,0.0
96865,0.0
96866,0.0
96877,0.0
96878,0.0
96891,0.0
96893,0.0
96896,0.0
96897,0.0
96913,0.0
96915,0.0
96918,0.0
96926,0.0
96936,0.0
96938,0.0
96941,0.0
96945,0.0
96952,0.0
96963,0.0
96965,0.0
96970,0.0
96978,0.0
96979,0.0
96982,0.0
96983,0.0
96985,0.0
96989,0.0
96990,0.0
96991,0.0
96997,0.0
96999,0.0
97001,0.0
97002,0.0
97011,0.0
97012,0.0
97017,0.0
97030,0.0
97031,0.0
97040,0.0
97064,0.0
97066,0.0
97069,0.0
97078,0.0
97079,0.0
97080,0.0
97082,0.0
97091,0.0
97094,0.0
97104,0.0
97107,0.0
97113,0.0
97126,0.0
97130,0.0
97135,0.0
97149,0.0
97152,0.0
97166,0.0
97177,0.0
97186,0.0
97207,0.0
97212,0.0
97214,0.0
97223,0.0
97227,0.0
97233,0.0
97234,0.0
97259,0.0
97261,0.0
97262,0.0
97263,0.0
97266,0.0
97267,0.0
97270,0.0
97272,0.0
97283,0.0
97284,0.0
97294,0.0
97299,0.0
97302,0.0
97306,0.0
97307,0.0
97310,0.0
97311,0.0
97313,0.0
97319,0.0
97320,0.0
97322,0.0
97323,0.0
97325,0.0
97332,0.0
97335,0.0
97336,0.0
97341,0.0
97353,0.0
97361,0.0
97364,0.0
97366,0.0
97369,0.0
97373,0.0
97381,0.0
97394,0.0
97395,0.0
97398,0.0
97399,0.0
97403,0.0
97410,0.0
97415,0.0
97418,0.0
97419,0.0
97420,0.0
97422,0.0
97423,0.0
97426,0.0
97430,0.0
97435,0.0
97438,0.0
97439,0.0
97444,0.0
97449,0.0
97458,0.0
97459,0.0
97462,0.0
97464,0.0
97469,0.0
97475,0.0
97486,0.0
97487,0.0
97495,0.0
97499,0.0
97500,0.0
97512,0.0
97517,0.0
97527,0.0
97534,0.0
97542,0.0
97547,0.0
97555,0.0
97560,0.0
97562,0.0
97565,0.0
97573,0.0
97575,0.0
97597,0.0
97603,0.0
97624,0.0
97626,0.0
97628,0.0
97633,0.0
97635,0.0
97637,0.0
97638,0.0
97644,0.0
97647,0.0
97651,0.0
97652,0.0
97656,0.0
97670,0.0
97673,0.0
97676,0.0
97677,0.0
97681,0.0
97682,0.0
97683,0.0
97685,0.0
97687,0.0
97693,0.0
97694,0.0
97701,0.0
97704,0.0
97706,0.0
97707,0.0
97743,0.0
97747,0.0
97754,0.0
97755,0.0
97760,0.0
97761,0.0
97763,0.0
97774,0.0
97782,0.0
97786,0.0
97788,0.0
97790,0.0
97802,0.0
97806,0.0
97814,0.0
97817,0.0
97832,0.0
97837,0.0
97845,0.0
97852,0.0
97853,0.0
97856,0.0
97862,0.0
97864,0.0
97869,0.0
97877,0.0
97882,0.0
97883,0.0
97885,0.0
97890,0.0
97891,0.0
97894,0.0
97895,0.0
97898,0.0
97900,0.0
97902,0.0
97904,0.0
97906,0.0
97909,0.0
97911,0.0
97915,0.0
97920,0.0
97923,0.0
97927,0.0
97929,0.0
97930,0.0
97931,0.0
97945,0.0
97959,0.0
97964,0.0
97981,0.0
97990,0.0
97993,0.0
98010,0.0
98024,0.0
98026,0.0
98034,0.0
98037,0.0
98040,0.0
98046,0.0
98047,0.0
98055,0.0
98058,0.0
98063,0.0
98072,0.0
98075,0.0
98079,0.0
98086,0.0
98088,0.0
98090,0.0
98092,0.0
98095,0.0
98103,0.0
98104,0.0
98106,0.0
98112,0.0
98114,0.0
98119,0.0
98124,0.0
98127,0.0
98130,0.0
98131,0.0
98136,0.0
98139,0.0
98143,0.0
98144,0.0
98145,0.0
98156,0.0
98161,0.0
98168,0.0
98170,0.0
98178,0.0
98183,0.0
98185,0.0
98214,0.0
98223,0.0
98256,0.0
98261,0.0
98263,0.0
98265,0.0
98267,0.0
98269,0.0
98278,0.0
98283,0.0
98289,0.0
98298,0.0
98306,0.0
98310,0.0
98313,0.0
98315,0.0
98323,0.0
98327,0.0
98329,0.0
98335,0.0
98337,0.0
98339,0.0
98343,0.0
98347,0.0
98349,0.0
98353,0.0
98360,0.0
98362,0.0
98375,0.0
98381,0.0
98389,0.0
98392,0.0
98393,0.0
98395,0.0
98409,0.0
98414,0.0
98415,0.0
98421,0.0
98423,0.0
98429,0.0
98431,0.0
98435,0.0
98452,0.0
98456,0.0
98462,0.0
98467,0.0
98474,0.0
98481,0.0
98488,0.0
98502,0.0
98504,0.0
98505,0.0
98508,0.0
98509,0.0
98511,0.0
98516,0.0
98517,0.0
98524,0.0
98530,0.0
98532,0.0
98549,0.0
98554,0.0
98560,0.0
98564,0.0
98568,0.0
98575,0.0
98586,0.0
98589,0.0
98593,0.0
98607,0.0
98616,0.0
98618,0.0
98619,0.0
98626,0.0
98627,0.0
98630,0.0
98635,0.0
98647,0.0
98648,0.0
98654,0.0
98655,0.0
98670,0.0
98672,0.0
98674,0.0
98677,0.0
98680,0.0
98681,0.0
98684,0.0
98687,0.0
98696,0.0
98704,0.0
98707,0.0
98709,0.0
98721,0.0
98737,0.0
98738,0.0
98744,0.0
98754,0.0
98756,0.0
98759,0.0
98761,0.0
98766,0.0
98767,0.0
98769,0.0
98790,0.0
98792,0.0
98798,0.0
98801,0.0
98804,0.0
98816,0.0
98824,0.0
98826,0.0
98832,0.0
98836,0.0
98838,0.0
98844,0.0
98846,0.0
98849,0.0
98858,0.0
98865,0.0
98870,0.0
98875,0.0
98878,0.0
98879,0.0
98882,0.0
98898,0.0
98905,0.0
98907,0.0
98913,0.0
98915,0.0
98928,0.0
98932,0.0
98933,0.0
98939,0.0
98944,0.0
98953,0.0
98955,0.0
98956,0.0
98959,0.0
98962,0.0
98975,0.0
98981,0.0
98983,0.0
98987,0.0
98995,0.0
99018,0.0
99020,0.0
99022,0.0
99031,0.0
99032,0.0
99034,0.0
99036,0.0
99046,0.0
99051,0.0
99054,0.0
99062,0.0
99065,0.0
99071,0.0
99073,0.0
99075,0.0
99079,0.0
99082,0.0
99085,0.0
99090,0.0
99092,0.0
99095,0.0
99102,0.0
99109,0.0
99110,0.0
99111,0.0
99113,0.0
99125,0.0
99127,0.0
99141,0.0
99142,0.0
99144,0.0
99149,0.0
99153,0.0
99163,0.0
99164,0.0
99184,0.0
99185,0.0
99187,0.0
99193,0.0
99196,0.0
99205,0.0
99228,0.0
99233,0.0
99236,0.0
99238,0.0
99245,0.0
99246,0.0
99248,0.0
99254,0.0
99255,0.0
99257,0.0
99261,0.0
99268,0.0
99270,0.0
99271,0.0
99272,0.0
99273,0.0
99274,0.0
99276,0.0
99277,0.0
99280,0.0
99283,0.0
99286,0.0
99287,0.0
99288,0.0
99291,0.0
99305,0.0
99306,0.0
99307,0.0
99313,0.0
99321,0.0
99328,0.0
99332,0.0
99335,0.0
99342,0.0
99345,0.0
99351,0.0
99352,0.0
99358,0.0
99360,0.0
99363,0.0
99364,0.0
99370,0.0
99382,0.0
99386,0.0
99396,0.0
99398,0.0
99405,0.0
99407,0.0
99409,0.0
99413,0.0
99421,0.0
99422,0.0
99423,0.0
99428,0.0
99430,0.0
99434,0.0
99438,0.0
99441,0.0
99446,0.0
99449,0.0
99450,0.0
99452,0.0
99455,0.0
99458,0.0
99459,0.0
99464,0.0
99465,0.0
99467,0.0
99469,0.0
99481,0.0
99491,0.0
99505,0.0
99508,0.0
99512,0.0
99524,0.0
99529,0.0
99530,0.0
99531,0.0
99532,0.0
99535,0.0
99537,0.0
99540,0.0
99542,0.0
99551,0.0
99555,0.0
99557,0.0
99562,0.0
99570,0.0
99574,0.0
99586,0.0
99599,0.0
99610,0.0
99614,0.0
99617,0.0
99624,0.0
99625,0.0
99626,0.0
99632,0.0
99634,0.0
99637,0.0
99643,0.0
99646,0.0
99649,0.0
99661,0.0
99667,0.0
99675,0.0
99688,0.0
99691,0.0
99695,0.0
99706,0.0
99719,0.0
99724,0.0
99725,0.0
99727,0.0
99730,0.0
99734,0.0
99736,0.0
99751,0.0
99752,0.0
99757,0.0
99761,0.0
99763,0.0
99770,0.0
99789,0.0
99790,0.0
99792,0.0
99800,0.0
99802,0.0
99809,0.0
99818,0.0
99833,0.0
99836,0.0
99838,0.0
99840,0.0
99844,0.0
99848,0.0
99849,0.0
99856,0.0
99857,0.0
99865,0.0
99866,0.0
99878,0.0
99892,0.0
99898,0.0
99922,0.0
99931,0.0
99935,0.0
99938,0.0
99942,0.0
99949,0.0
99960,0.0
99961,0.0
99964,0.0
99973,0.0
99975,0.0
99976,0.0
99980,0.0
99981,0.0
99986,0.0
99992,0.0
99994,0.0
100006,0.0
100011,0.0
100023,0.0
100027,0.0
100032,0.0
100034,0.0
100037,0.0
100038,0.0
100053,0.0
100060,0.0
100064,0.0
100068,0.0
100071,0.0
100081,0.0
100088,0.0
100091,0.0
100097,0.0
100100,0.0
100104,0.0
100105,0.0
100108,0.0
100113,0.0
100129,0.0
100134,0.0
100137,0.0
100138,0.0
100142,0.0
100144,0.0
100145,0.0
100160,0.0
100169,0.0
100171,0.0
100181,0.0
100188,0.0
100189,0.0
100190,0.0
100191,0.0
100196,0.0
100198,0.0
100199,0.0
100202,0.0
100203,0.0
100205,0.0
100210,0.0
100215,0.0
100220,0.0
100221,0.0
100229,0.0
100234,0.0
100236,0.0
100237,0.0
100238,0.0
100239,0.0
100246,0.0
100247,0.0
100258,0.0
100259,0.0
100290,0.0
100296,0.0
100305,0.0
100311,0.0
100312,0.0
100314,0.0
100319,0.0
100325,0.0
100331,0.0
100340,0.0
100342,0.0
100343,0.0
100345,0.0
100352,0.0
100354,0.0
100355,0.0
100358,0.0
100371,0.0
100374,0.0
100376,0.0
100381,0.0
100406,0.0
100408,0.0
100412,0.0
100415,0.0
100425,0.0
100428,0.0
100430,0.0
100432,0.0
100433,0.0
100434,0.0
100437,0.0
100449,0.0
100452,0.0
100458,0.0
100463,0.0
100464,0.0
100474,0.0
100479,0.0
100482,0.0
100484,0.0
100486,0.0
100488,0.0
100492,0.0
100496,0.0
100498,0.0
100500,0.0
100510,0.0
100515,0.0
100516,0.0
100517,0.0
100521,0.0
100531,0.0
100539,0.0
100543,0.0
100546,0.0
100547,0.0
100551,0.0
100555,0.0
100558,0.0
100562,0.0
100567,0.0
100595,0.0
100596,0.0
100597,0.0
100603,0.0
100624,0.0
100629,0.0
100630,0.0
100632,0.0
100634,0.0
100638,0.0
100641,0.0
100642,0.0
100645,0.0
100651,0.0
100654,0.0
100656,0.0
100667,0.0
100671,0.0
100678,0.0
100680,0.0
100684,0.0
100688,0.0
100698,0.0
100702,0.0
100713,0.0
100717,0.0
100723,0.0
100729,0.0
100738,0.0
100739,0.0
100742,0.0
100748,0.0
100752,0.0
100755,0.0
100765,0.0
100767,0.0
100771,0.0
100786,0.0
100789,0.0
100793,0.0
100797,0.0
100804,0.0
100806,0.0
100825,0.0
100826,0.0
100828,0.0
100829,0.0
100833,0.0
100839,0.0
100843,0.0
100845,0.0
100848,0.0
100853,0.0
100856,0.0
100857,0.0
100865,0.0
100873,0.0
100876,0.0
100880,0.0
100884,0.0
100889,0.0
100894,0.0
100904,0.0
100912,0.0
100916,0.0
100917,0.0
100919,0.0
100920,0.0
100928,0.0
100932,0.0
100933,0.0
100945,0.0
100946,0.0
100949,0.0
100955,0.0
100968,0.0
100975,0.0
100979,0.0
100991,0.0
100998,0.0
101002,0.0
101003,0.0
101007,0.0
101013,0.0
101016,0.0
101017,0.0
101034,0.0
101051,0.0
101056,0.0
101057,0.0
101058,0.0
101059,0.0
101071,0.0
101074,0.0
101075,0.0
101080,0.0
101089,0.0
101091,0.0
101095,0.0
101096,0.0
101103,0.0
101104,0.0
101105,0.0
101122,0.0
101124,0.0
101129,0.0
101131,0.0
101138,0.0
101159,0.0
101162,0.0
101169,0.0
101171,0.0
101172,0.0
101185,0.0
101192,0.0
101199,0.0
101205,0.0
101208,0.0
101212,0.0
101216,0.0
101220,0.0
101221,0.0
101225,0.0
101238,0.0
101239,0.0
101242,0.0
101248,0.0
101254,0.0
101257,0.0
101260,0.0
101277,0.0
101280,0.0
101290,0.0
101296,0.0
101298,0.0
101302,0.0
101304,0.0
101312,0.0
101320,0.0
101323,0.0
101335,0.0
101337,0.0
101339,0.0
101343,0.0
101345,0.0
101348,0.0
101351,0.0
101361,0.0
101369,0.0
101370,0.0
101372,0.0
101373,0.0
101377,0.0
101385,0.0
101390,0.0
101391,0.0
101399,0.0
101403,0.0
101405,0.0
101416,0.0
101419,0.0
101425,0.0
101428,0.0
101433,0.0
101446,0.0
101448,0.0
101453,0.0
101457,0.0
101458,0.0
101459,0.0
101463,0.0
101465,0.0
101473,0.0
101474,0.0
101479,0.0
101480,0.0
101486,0.0
101491,0.0
101497,0.0
101507,0.0
101512,0.0
101514,0.0
101516,0.0
101518,0.0
101527,0.0
101528,0.0
101531,0.0
101533,0.0
101534,0.0
101535,0.0
101542,0.0
101544,0.0
101545,0.0
101547,0.0
101553,0.0
101556,0.0
101559,0.0
101567,0.0
101574,0.0
101577,0.0
101580,0.0
101583,0.0
101592,0.0
101595,0.0
101605,0.0
101607,0.0
101608,0.0
101611,0.0
101612,0.0
101614,0.0
101628,0.0
101632,0.0
101637,0.0
101638,0.0
101639,0.0
101642,0.0
101651,0.0
101652,0.0
101659,0.0
101660,0.0
101674,0.0
101675,0.0
101676,0.0
101677,0.0
101687,0.0
101690,0.0
101691,0.0
101693,0.0
101707,0.0
101714,0.0
101717,0.0
101718,0.0
101725,0.0
101734,0.0
101741,0.0
101746,0.0
101748,0.0
101755,0.0
101758,0.0
101767,0.0
101772,0.0
101774,0.0
101779,0.0
101787,0.0
101788,0.0
101789,0.0
101790,0.0
101792,0.0
101803,0.0
101804,0.0
101809,0.0
101811,0.0
101814,0.0
101817,0.0
101821,0.0
101823,0.0
101830,0.0
101832,0.0
101837,0.0
101844,0.0
101853,0.0
101859,0.0
101866,0.0
101870,0.0
101873,0.0
101888,0.0
101895,0.0
101902,0.0
101903,0.0
101909,0.0
101911,0.0
101922,0.0
101923,0.0
101924,0.0
101928,0.0
101941,0.0
101943,0.0
101945,0.0
101947,0.0
101952,0.0
101960,0.0
101973,0.0
101974,0.0
101982,0.0
101986,0.0
101992,0.0
101994,0.0
101995,0.0
101999,0.0
102002,0.0
102004,0.0
102007,0.0
102021,0.0
102028,0.0
102029,0.0
102036,0.0
102038,0.0
102039,0.0
102044,0.0
102048,0.0
102049,0.0
102050,0.0
102052,0.0
102067,0.0
102077,0.0
102081,0.0
102082,0.0
102085,0.0
102088,0.0
102094,0.0
102102,0.0
102107,0.0
102115,0.0
102124,0.0
102131,0.0
102152,0.0
102162,0.0
102165,0.0
102166,0.0
102179,0.0
102181,0.0
102183,0.0
102190,0.0
102191,0.0
102192,0.0
102194,0.0
102196,0.0
102197,0.0
102201,0.0
102203,0.0
102205,0.0
102209,0.0
102213,0.0
102216,0.0
102224,0.0
102231,0.0
102240,0.0
102246,0.0
102258,0.0
102267,0.0
102272,0.0
102273,0.0
102275,0.0
102296,0.0
102297,0.0
102298,0.0
102302,0.0
102318,0.0
102320,0.0
102328,0.0
102329,0.0
102334,0.0
102345,0.0
102353,0.0
102355,0.0
102356,0.0
102360,0.0
102363,0.0
102370,0.0
102374,0.0
102378,0.0
102383,0.0
102392,0.0
102398,0.0
102399,0.0
102408,0.0
102426,0.0
102430,0.0
102434,0.0
102435,0.0
102438,0.0
102441,0.0
102442,0.0
102443,0.0
102456,0.0
102462,0.0
102464,0.0
102473,0.0
102479,0.0
102484,0.0
102488,0.0
102491,0.0
102494,0.0
102495,0.0
102496,0.0
102497,0.0
102498,0.0
102503,0.0
102510,0.0
102511,0.0
102512,0.0
102514,0.0
102515,0.0
102516,0.0
102519,0.0
102521,0.0
102524,0.0
102532,0.0
102541,0.0
102542,0.0
102543,0.0
102548,0.0
102556,0.0
102558,0.0
102567,0.0
102570,0.0
102575,0.0
102592,0.0
102594,0.0
102595,0.0
102596,0.0
102602,0.0
102604,0.0
102617,0.0
102619,0.0
102622,0.0
102629,0.0
102631,0.0
102632,0.0
102637,0.0
102647,0.0
102654,0.0
102677,0.0
102691,0.0
102695,0.0
102701,0.0
102706,0.0
102707,0.0
102710,0.0
102717,0.0
102721,0.0
102728,0.0
102734,0.0
102737,0.0
102743,0.0
102747,0.0
102749,0.0
102754,0.0
102758,0.0
102769,0.0
102782,0.0
102784,0.0
102790,0.0
102795,0.0
102796,0.0
102806,0.0
102809,0.0
102811,0.0
102817,0.0
102822,0.0
102824,0.0
102830,0.0
102847,0.0
102848,0.0
102853,0.0
102855,0.0
102863,0.0
102865,0.0
102873,0.0
102879,0.0
102880,0.0
102884,0.0
102890,0.0
102894,0.0
102901,0.0
102916,0.0
102932,0.0
102935,0.0
102941,0.0
102942,0.0
102943,0.0
102952,0.0
102956,0.0
102962,0.0
102969,0.0
102972,0.0
102984,0.0
102987,0.0
102994,0.0
103001,0.0
103003,0.0
103006,0.0
103007,0.0
103012,0.0
103014,0.0
103022,0.0
103025,0.0
103027,0.0
103029,0.0
103038,0.0
103044,0.0
103050,0.0
103056,0.0
103067,0.0
103068,0.0
103069,0.0
103072,0.0
103076,0.0
103088,0.0
103091,0.0
103096,0.0
103106,0.0
103114,0.0
103115,0.0
103124,0.0
103130,0.0
103133,0.0
103144,0.0
103145,0.0
103146,0.0
103154,0.0
103157,0.0
103161,0.0
103163,0.0
103173,0.0
103175,0.0
103179,0.0
103180,0.0
103187,0.0
103198,0.0
103213,0.0
103218,0.0
103222,0.0
103229,0.0
103230,0.0
103244,0.0
103247,0.0
103256,0.0
103258,0.0
103259,0.0
103266,0.0
103267,0.0
103273,0.0
103274,0.0
103276,0.0
103277,0.0
103288,0.0
103300,0.0
103301,0.0
103307,0.0
103315,0.0
103317,0.0
103319,0.0
103324,0.0
103330,0.0
103339,0.0
103340,0.0
103341,0.0
103343,0.0
103344,0.0
103347,0.0
103351,0.0
103359,0.0
103363,0.0
103364,0.0
103367,0.0
103372,0.0
103375,0.0
103385,0.0
103388,0.0
103389,0.0
103399,0.0
103402,0.0
103408,0.0
103409,0.0
103416,0.0
103421,0.0
103423,0.0
103425,0.0
103428,0.0
103447,0.0
103449,0.0
103452,0.0
103455,0.0
103456,0.0
103467,0.0
103472,0.0
103476,0.0
103484,0.0
103487,0.0
103494,0.0
103495,0.0
103501,0.0
103507,0.0
103512,0.0
103515,0.0
103520,0.0
103534,0.0
103545,0.0
103547,0.0
103554,0.0
103563,0.0
103566,0.0
103570,0.0
103573,0.0
103575,0.0
103578,0.0
103582,0.0
103584,0.0
103592,0.0
103594,0.0
103597,0.0
103599,0.0
103600,0.0
103609,0.0
103610,0.0
103612,0.0
103614,0.0
103615,0.0
103618,0.0
103629,0.0
103630,0.0
103631,0.0
103633,0.0
103635,0.0
103643,0.0
103645,0.0
103648,0.0
103649,0.0
103655,0.0
103666,0.0
103669,0.0
103689,0.0
103692,0.0
103695,0.0
103697,0.0
103699,0.0
103703,0.0
103704,0.0
103713,0.0
103716,0.0
103727,0.0
103728,0.0
103730,0.0
103731,0.0
103738,0.0
103739,0.0
103742,0.0
103747,0.0
103755,0.0
103758,0.0
103760,0.0
103767,0.0
103770,0.0
103774,0.0
103776,0.0
103778,0.0
103782,0.0
103785,0.0
103791,0.0
103796,0.0
103810,0.0
103824,0.0
103826,0.0
103829,0.0
103835,0.0
103852,0.0
103861,0.0
103862,0.0
103864,0.0
103866,0.0
103876,0.0
103883,0.0
103885,0.0
103894,0.0
103895,0.0
103898,0.0
103899,0.0
103902,0.0
103923,0.0
103924,0.0
103927,0.0
103931,0.0
103934,0.0
103937,0.0
103948,0.0
103949,0.0
103955,0.0
103957,0.0
103962,0.0
103963,0.0
103979,0.0
103981,0.0
103984,0.0
103990,0.0
103992,0.0
103994,0.0
104000,0.0
104005,0.0
104016,0.0
104019,0.0
104022,0.0
104032,0.0
104035,0.0
104039,0.0
104044,0.0
104055,0.0
104061,0.0
104063,0.0
104069,0.0
104086,0.0
104094,0.0
104095,0.0
104096,0.0
104099,0.0
104100,0.0
104104,0.0
104117,0.0
104119,0.0
104123,0.0
104127,0.0
104138,0.0
104140,0.0
104142,0.0
104143,0.0
104145,0.0
104146,0.0
104147,0.0
104154,0.0
104157,0.0
104164,0.0
104167,0.0
104180,0.0
104183,0.0
104188,0.0
104197,0.0
104212,0.0
104216,0.0
104226,0.0
104227,0.0
104234,0.0
104237,0.0
104241,0.0
104245,0.0
104248,0.0
104249,0.0
104251,0.0
104259,0.0
104263,0.0
104268,0.0
104270,0.0
104278,0.0
104280,0.0
104290,0.0
104291,0.0
104296,0.0
104304,0.0
104310,0.0
104314,0.0
104315,0.0
104329,0.0
104330,0.0
104331,0.0
104333,0.0
104341,0.0
104349,0.0
104353,0.0
104365,0.0
104370,0.0
104373,0.0
104377,0.0
104382,0.0
104385,0.0
104388,0.0
104393,0.0
104403,0.0
104410,0.0
104412,0.0
104416,0.0
104421,0.0
104424,0.0
104433,0.0
104443,0.0
104445,0.0
104446,0.0
104447,0.0
104452,0.0
104458,0.0
104461,0.0
104468,0.0
104472,0.0
104473,0.0
104476,0.0
104484,0.0
104491,0.0
104494,0.0
104496,0.0
104497,0.0
104501,0.0
104526,0.0
104529,0.0
104532,0.0
104534,0.0
104539,0.0
104540,0.0
104541,0.0
104545,0.0
104548,0.0
104554,0.0
104555,0.0
104558,0.0
104559,0.0
104570,0.0
104577,0.0
104578,0.0
104587,0.0
104603,0.0
104604,0.0
104609,0.0
104613,0.0
104616,0.0
104617,0.0
104628,0.0
104632,0.0
104633,0.0
104636,0.0
104640,0.0
104644,0.0
104645,0.0
104646,0.0
104647,0.0
104648,0.0
104654,0.0
104665,0.0
104667,0.0
104670,0.0
104684,0.0
104687,0.0
104699,0.0
104705,0.0
104738,0.0
104752,0.0
104759,0.0
104760,0.0
104768,0.0
104776,0.0
104782,0.0
104784,0.0
104788,0.0
104792,0.0
104794,0.0
104804,0.0
104805,0.0
104809,0.0
104814,0.0
104816,0.0
104817,0.0
104823,0.0
104825,0.0
104835,0.0
104838,0.0
104843,0.0
104848,0.0
104852,0.0
104857,0.0
104858,0.0
104861,0.0
104873,0.0
104876,0.0
104879,0.0
104880,0.0
104883,0.0
104885,0.0
104889,0.0
104893,0.0
104894,0.0
104900,0.0
104901,0.0
104902,0.0
104908,0.0
104909,0.0
104918,0.0
104925,0.0
104932,0.0
104937,0.0
104940,0.0
104942,0.0
104943,0.0
104945,0.0
104947,0.0
104952,0.0
104953,0.0
104955,0.0
104957,0.0
104963,0.0
104970,0.0
104974,0.0
104976,0.0
104978,0.0
104979,0.0
104985,0.0
104988,0.0
104994,0.0
105000,0.0
105010,0.0
105013,0.0
105016,0.0
105021,0.0
105026,0.0
105028,0.0
105029,0.0
105032,0.0
105033,0.0
105051,0.0
105052,0.0
105055,0.0
105064,0.0
105068,0.0
105074,0.0
105075,0.0
105079,0.0
105088,0.0
105091,0.0
105100,0.0
105104,0.0
105107,0.0
105109,0.0
105110,0.0
105114,0.0
105115,0.0
105118,0.0
105121,0.0
105126,0.0
105128,0.0
105136,0.0
105149,0.0
105157,0.0
105162,0.0
105167,0.0
105172,0.0
105180,0.0
105184,0.0
105185,0.0
105190,0.0
105191,0.0
105196,0.0
105199,0.0
105205,0.0
105213,0.0
105218,0.0
105222,0.0
105227,0.0
105233,0.0
105240,0.0
105243,0.0
105244,0.0
105246,0.0
105252,0.0
105257,0.0
105262,0.0
105265,0.0
105270,0.0
105275,0.0
105278,0.0
105280,0.0
105284,0.0
105285,0.0
105287,0.0
105295,0.0
105302,0.0
105303,0.0
105304,0.0
105305,0.0
105308,0.0
105310,0.0
105311,0.0
105313,0.0
105316,0.0
105319,0.0
105322,0.0
105323,0.0
105327,0.0
105329,0.0
105330,0.0
105336,0.0
105338,0.0
105356,0.0
105359,0.0
105361,0.0
105368,0.0
105378,0.0
105389,0.0
105390,0.0
105393,0.0
105397,0.0
105399,0.0
105400,0.0
105410,0.0
105423,0.0
105424,0.0
105427,0.0
105433,0.0
105434,0.0
105447,0.0
105448,0.0
105455,0.0
105464,0.0
105467,0.0
105477,0.0
105484,0.0
105498,0.0
105502,0.0
105510,0.0
105513,0.0
105520,0.0
105523,0.0
105524,0.0
105527,0.0
105533,0.0
105539,0.0
105542,0.0
105551,0.0
105553,0.0
105554,0.0
105569,0.0
105577,0.0
105578,0.0
105579,0.0
105581,0.0
105583,0.0
105603,0.0
105605,0.0
105609,0.0
105619,0.0
105624,0.0
105626,0.0
105627,0.0
105628,0.0
105629,0.0
105630,0.0
105633,0.0
105634,0.0
105635,0.0
105637,0.0
105640,0.0
105641,0.0
105642,0.0
105643,0.0
105648,0.0
105649,0.0
105661,0.0
105665,0.0
105666,0.0
105673,0.0
105674,0.0
105683,0.0
105696,0.0
105699,0.0
105710,0.0
105714,0.0
105724,0.0
105730,0.0
105732,0.0
105736,0.0
105738,0.0
105747,0.0
105748,0.0
105751,0.0
105759,0.0
105761,0.0
105764,0.0
105767,0.0
105768,0.0
105774,0.0
105778,0.0
105782,0.0
105783,0.0
105784,0.0
105799,0.0
105800,0.0
105835,0.0
105836,0.0
105841,0.0
105846,0.0
105857,0.0
105861,0.0
105863,0.0
105868,0.0
105874,0.0
105875,0.0
105883,0.0
105886,0.0
105887,0.0
105890,0.0
105896,0.0
105916,0.0
105917,0.0
105919,0.0
105922,0.0
105945,0.0
105946,0.0
105947,0.0
105949,0.0
105957,0.0
105958,0.0
105962,0.0
105965,0.0
105967,0.0
105986,0.0
105997,0.0
106007,0.0
106014,0.0
106022,0.0
106027,0.0
106029,0.0
106037,0.0
106042,0.0
106046,0.0
106049,0.0
106069,0.0
106070,0.0
106079,0.0
106088,0.0
106089,0.0
106096,0.0
106104,0.0
106106,0.0
106108,0.0
106113,0.0
106127,0.0
106128,0.0
106135,0.0
106146,0.0
106151,0.0
106156,0.0
106160,0.0
106161,0.0
106164,0.0
106187,0.0
106191,0.0
106194,0.0
106199,0.0
106200,0.0
106204,0.0
106205,0.0
106210,0.0
106213,0.0
106214,0.0
106215,0.0
106217,0.0
106225,0.0
106226,0.0
106227,0.0
106230,0.0
106234,0.0
106252,0.0
106253,0.0
106257,0.0
106264,0.0
106269,0.0
106276,0.0
106280,0.0
106281,0.0
106285,0.0
106289,0.0
106291,0.0
106293,0.0
106311,0.0
106312,0.0
106320,0.0
106322,0.0
106324,0.0
106325,0.0
106326,0.0
106332,0.0
106333,0.0
106335,0.0
106336,0.0
106338,0.0
106341,0.0
106344,0.0
106349,0.0
106364,0.0
106366,0.0
106370,0.0
106376,0.0
106383,0.0
106389,0.0
106396,0.0
106397,0.0
106400,0.0
106407,0.0
106413,0.0
106414,0.0
106415,0.0
106431,0.0
106432,0.0
106440,0.0
106450,0.0
106466,0.0
106470,0.0
106473,0.0
106489,0.0
106493,0.0
106496,0.0
106512,0.0
106515,0.0
106519,0.0
106527,0.0
106529,0.0
106534,0.0
106537,0.0
106543,0.0
106550,0.0
106551,0.0
106557,0.0
106558,0.0
106560,0.0
106564,0.0
106571,0.0
106576,0.0
106577,0.0
106580,0.0
106586,0.0
106589,0.0
106594,0.0
106598,0.0
106604,0.0
106614,0.0
106615,0.0
106617,0.0
106623,0.0
106625,0.0
106629,0.0
106633,0.0
106636,0.0
106653,0.0
106654,0.0
106658,0.0
106659,0.0
106660,0.0
106667,0.0
106671,0.0
106672,0.0
106676,0.0
106680,0.0
106681,0.0
106682,0.0
106688,0.0
106689,0.0
106695,0.0
106701,0.0
106703,0.0
106707,0.0
106710,0.0
106713,0.0
106714,0.0
106730,0.0
106731,0.0
106733,0.0
106744,0.0
106753,0.0
106761,0.0
106763,0.0
106775,0.0
106778,0.0
106782,0.0
106799,0.0
106804,0.0
106806,0.0
106808,0.0
106811,0.0
106818,0.0
106819,0.0
106824,0.0
106832,0.0
106833,0.0
106841,0.0
106844,0.0
106864,0.0
106865,0.0
106867,0.0
106876,0.0
106880,0.0
106886,0.0
106890,0.0
106892,0.0
106902,0.0
106911,0.0
106916,0.0
106919,0.0
106922,0.0
106924,0.0
106926,0.0
106927,0.0
106936,0.0
106938,0.0
106941,0.0
106945,0.0
106949,0.0
106953,0.0
106959,0.0
106961,0.0
106964,0.0
106972,0.0
106978,0.0
106986,0.0
106987,0.0
106988,0.0
106992,0.0
107005,0.0
107011,0.0
107016,0.0
107019,0.0
107020,0.0
107025,0.0
107026,0.0
107027,0.0
107028,0.0
107029,0.0
107030,0.0
107031,0.0
107037,0.0
107038,0.0
107041,0.0
107043,0.0
107046,0.0
107050,0.0
107052,0.0
107056,0.0
107058,0.0
107063,0.0
107069,0.0
107074,0.0
107077,0.0
107081,0.0
107082,0.0
107083,0.0
107093,0.0
107095,0.0
107098,0.0
107101,0.0
107103,0.0
107120,0.0
107130,0.0
107134,0.0
107136,0.0
107144,0.0
107146,0.0
107156,0.0
107164,0.0
107168,0.0
107183,0.0
107187,0.0
107193,0.0
107203,0.0
107204,0.0
107223,0.0
107237,0.0
107240,0.0
107243,0.0
107252,0.0
107254,0.0
107256,0.0
107259,0.0
107263,0.0
107265,0.0
107273,0.0
107274,0.0
107276,0.0
107278,0.0
107281,0.0
107283,0.0
107284,0.0
107290,0.0
107292,0.0
107295,0.0
107305,0.0
107309,0.0
107310,0.0
107311,0.0
107318,0.0
107325,0.0
107330,0.0
107331,0.0
107336,0.0
107339,0.0
107354,0.0
107356,0.0
107360,0.0
107366,0.0
107372,0.0
107377,0.0
107379,0.0
107381,0.0
107383,0.0
107394,0.0
107406,0.0
107409,0.0
107422,0.0
107430,0.0
107435,0.0
107458,0.0
107459,0.0
107460,0.0
107463,0.0
107464,0.0
107465,0.0
107470,0.0
107479,0.0
107480,0.0
107483,0.0
107485,0.0
107487,0.0
107504,0.0
107509,0.0
107510,0.0
107538,0.0
107541,0.0
107542,0.0
107543,0.0
107545,0.0
107546,0.0
107547,0.0
107552,0.0
107579,0.0
107580,0.0
107581,0.0
107582,0.0
107589,0.0
107590,0.0
107595,0.0
107596,0.0
107598,0.0
107606,0.0
107631,0.0
107634,0.0
107641,0.0
107646,0.0
107667,0.0
107672,0.0
107678,0.0
107695,0.0
107697,0.0
107698,0.0
107709,0.0
107710,0.0
107723,0.0
107724,0.0
107728,0.0
107730,0.0
107737,0.0
107739,0.0
107740,0.0
107743,0.0
107744,0.0
107748,0.0
107751,0.0
107754,0.0
107756,0.0
107759,0.0
107760,0.0
107763,0.0
107765,0.0
107774,0.0
107776,0.0
107787,0.0
107790,0.0
107792,0.0
107793,0.0
107794,0.0
107798,0.0
107813,0.0
107827,0.0
107829,0.0
107832,0.0
107834,0.0
107835,0.0
107844,0.0
107848,0.0
107857,0.0
107876,0.0
107883,0.0
107888,0.0
107889,0.0
107892,0.0
107900,0.0
107903,0.0
107907,0.0
107909,0.0
107925,0.0
107938,0.0
107945,0.0
107951,0.0
107954,0.0
107955,0.0
107957,0.0
107959,0.0
107964,0.0
107982,0.0
107998,0.0
108002,0.0
108003,0.0
108004,0.0
108005,0.0
108031,0.0
108032,0.0
108037,0.0
108039,0.0
108040,0.0
108046,0.0
108055,0.0
108056,0.0
108057,0.0
108059,0.0
108061,0.0
108068,0.0
108072,0.0
108073,0.0
108077,0.0
108083,0.0
108086,0.0
108089,0.0
108091,0.0
108094,0.0
108101,0.0
108104,0.0
108105,0.0
108108,0.0
108111,0.0
108114,0.0
108119,0.0
108120,0.0
108128,0.0
108130,0.0
108133,0.0
108137,0.0
108140,0.0
108146,0.0
108155,0.0
108159,0.0
108161,0.0
108166,0.0
108171,0.0
108175,0.0
108176,0.0
108180,0.0
108186,0.0
108191,0.0
108198,0.0
108204,0.0
108207,0.0
108210,0.0
108224,0.0
108226,0.0
108232,0.0
108236,0.0
108239,0.0
108241,0.0
108247,0.0
108248,0.0
108250,0.0
108251,0.0
108256,0.0
108267,0.0
108271,0.0
108274,0.0
108275,0.0
108277,0.0
108278,0.0
108292,0.0
108295,0.0
108300,0.0
108304,0.0
108306,0.0
108309,0.0
108314,0.0
108317,0.0
108325,0.0
108339,0.0
108344,0.0
108345,0.0
108353,0.0
108354,0.0
108356,0.0
108369,0.0
108390,0.0
108397,0.0
108401,0.0
108403,0.0
108406,0.0
108408,0.0
108409,0.0
108416,0.0
108419,0.0
108420,0.0
108421,0.0
108422,0.0
108423,0.0
108430,0.0
108433,0.0
108451,0.0
108470,0.0
108474,0.0
108488,0.0
108492,0.0
108495,0.0
108499,0.0
108501,0.0
108514,0.0
108516,0.0
108517,0.0
108519,0.0
108522,0.0
108527,0.0
108532,0.0
108533,0.0
108534,0.0
108535,0.0
108537,0.0
108538,0.0
108541,0.0
108543,0.0
108546,0.0
108547,0.0
108548,0.0
108549,0.0
108552,0.0
108560,0.0
108563,0.0
108567,0.0
108570,0.0
108580,0.0
108582,0.0
108585,0.0
108586,0.0
108592,0.0
108595,0.0
108596,0.0
108597,0.0
108604,0.0
108609,0.0
108613,0.0
108636,0.0
108651,0.0
108654,0.0
108663,0.0
108664,0.0
108668,0.0
108670,0.0
108671,0.0
108679,0.0
108683,0.0
108689,0.0
108692,0.0
108694,0.0
108695,0.0
108699,0.0
108702,0.0
108711,0.0
108726,0.0
108728,0.0
108736,0.0
108738,0.0
108744,0.0
108750,0.0
108761,0.0
108762,0.0
108771,0.0
108772,0.0
108775,0.0
108778,0.0
108782,0.0
108789,0.0
108794,0.0
108798,0.0
108799,0.0
108800,0.0
108803,0.0
108807,0.0
108810,0.0
108813,0.0
108814,0.0
108819,0.0
108822,0.0
108832,0.0
108838,0.0
108841,0.0
108850,0.0
108852,0.0
108856,0.0
108879,0.0
108890,0.0
108892,0.0
108895,0.0
108901,0.0
108910,0.0
108912,0.0
108924,0.0
108927,0.0
108940,0.0
108943,0.0
108947,0.0
108954,0.0
108964,0.0
108967,0.0
108968,0.0
108974,0.0
108981,0.0
108986,0.0
108993,0.0
108997,0.0
109001,0.0
109009,0.0
109013,0.0
109020,0.0
109021,0.0
109023,0.0
109028,0.0
109034,0.0
109038,0.0
109043,0.0
109044,0.0
109050,0.0
109054,0.0
109058,0.0
109069,0.0
109071,0.0
109072,0.0
109074,0.0
109089,0.0
109091,0.0
109101,0.0
109107,0.0
109108,0.0
109114,0.0
109116,0.0
109134,0.0
109139,0.0
109146,0.0
109150,0.0
109154,0.0
109155,0.0
109178,0.0
109182,0.0
109189,0.0
109195,0.0
109202,0.0
109211,0.0
109212,0.0
109218,0.0
109219,0.0
109220,0.0
109221,0.0
109223,0.0
109224,0.0
109226,0.0
109230,0.0
109233,0.0
109237,0.0
109242,0.0
109243,0.0
109246,0.0
109247,0.0
109250,0.0
109252,0.0
109254,0.0
109258,0.0
109266,0.0
109277,0.0
109281,0.0
109287,0.0
109289,0.0
109292,0.0
109301,0.0
109303,0.0
109307,0.0
109308,0.0
109316,0.0
109317,0.0
109320,0.0
109333,0.0
109335,0.0
109340,0.0
109343,0.0
109346,0.0
109349,0.0
109353,0.0
109364,0.0
109366,0.0
109374,0.0
109375,0.0
109377,0.0
109378,0.0
109380,0.0
109381,0.0
109385,0.0
109395,0.0
109400,0.0
109401,0.0
109407,0.0
109411,0.0
109418,0.0
109435,0.0
109437,0.0
109442,0.0
109445,0.0
109470,0.0
109471,0.0
109481,0.0
109482,0.0
109494,0.0
109497,0.0
109505,0.0
109511,0.0
109512,0.0
109519,0.0
109522,0.0
109527,0.0
109537,0.0
109542,0.0
109548,0.0
109549,0.0
109553,0.0
109554,0.0
109556,0.0
109558,0.0
109567,0.0
109577,0.0
109583,0.0
109584,0.0
109593,0.0
109599,0.0
109602,0.0
109605,0.0
109613,0.0
109619,0.0
109621,0.0
109637,0.0
109647,0.0
109655,0.0
109659,0.0
109666,0.0
109668,0.0
109676,0.0
109677,0.0
109685,0.0
109687,0.0
109695,0.0
109701,0.0
109704,0.0
109705,0.0
109706,0.0
109708,0.0
109710,0.0
109712,0.0
109716,0.0
109722,0.0
109723,0.0
109726,0.0
109728,0.0
109732,0.0
109743,0.0
109744,0.0
109749,0.0
109756,0.0
109762,0.0
109763,0.0
109772,0.0
109774,0.0
109780,0.0
109783,0.0
109785,0.0
109801,0.0
109805,0.0
109808,0.0
109820,0.0
109828,0.0
109831,0.0
109832,0.0
109834,0.0
109854,0.0
109862,0.0
109867,0.0
109870,0.0
109876,0.0
109877,0.0
109879,0.0
109882,0.0
109890,0.0
109893,0.0
109896,0.0
109899,0.0
109900,0.0
109904,0.0
109909,0.0
109910,0.0
109913,0.0
109914,0.0
109915,0.0
109922,0.0
109935,0.0
109937,0.0
109940,0.0
109946,0.0
109951,0.0
109960,0.0
109965,0.0
109969,0.0
109973,0.0
109979,0.0
109984,0.0
109990,0.0
109993,0.0
110003,0.0
110021,0.0
110024,0.0
110039,0.0
110047,0.0
110048,0.0
110057,0.0
110062,0.0
110063,0.0
110068,0.0
110072,0.0
110074,0.0
110078,0.0
110081,0.0
110084,0.0
110087,0.0
110092,0.0
110100,0.0
110101,0.0
110102,0.0
110114,0.0
110120,0.0
110122,0.0
110127,0.0
110130,0.0
110143,0.0
110145,0.0
110152,0.0
110153,0.0
110169,0.0
110180,0.0
110181,0.0
110182,0.0
110184,0.0
110191,0.0
110199,0.0
110200,0.0
110219,0.0
110221,0.0
110223,0.0
110226,0.0
110235,0.0
110238,0.0
110244,0.0
110262,0.0
110266,0.0
110269,0.0
110271,0.0
110277,0.0
110285,0.0
110287,0.0
110289,0.0
110297,0.0
110301,0.0
110309,0.0
110310,0.0
110316,0.0
110317,0.0
110318,0.0
110320,0.0
110321,0.0
110325,0.0
110329,0.0
110332,0.0
110336,0.0
110339,0.0
110346,0.0
110355,0.0
110376,0.0
110394,0.0
110396,0.0
110401,0.0
110403,0.0
110404,0.0
110406,0.0
110413,0.0
110414,0.0
110416,0.0
110417,0.0
110424,0.0
110426,0.0
110428,0.0
110432,0.0
110435,0.0
110443,0.0
110446,0.0
110451,0.0
110453,0.0
110455,0.0
110464,0.0
110469,0.0
110473,0.0
110475,0.0
110478,0.0
110482,0.0
110496,0.0
110499,0.0
110506,0.0
110513,0.0
110514,0.0
110538,0.0
110539,0.0
110540,0.0
110542,0.0
110543,0.0
110544,0.0
110546,0.0
110551,0.0
110552,0.0
110557,0.0
110559,0.0
110560,0.0
110565,0.0
110567,0.0
110568,0.0
110572,0.0
110576,0.0
110581,0.0
110582,0.0
110590,0.0
110591,0.0
110593,0.0
110595,0.0
110599,0.0
110600,0.0
110603,0.0
110608,0.0
110611,0.0
110612,0.0
110616,0.0
110618,0.0
110619,0.0
110621,0.0
110622,0.0
110623,0.0
110635,0.0
110637,0.0
110641,0.0
110645,0.0
110646,0.0
110650,0.0
110652,0.0
110657,0.0
110658,0.0
110659,0.0
110668,0.0
110669,0.0
110677,0.0
110680,0.0
110682,0.0
110695,0.0
110696,0.0
110702,0.0
110706,0.0
110724,0.0
110725,0.0
110732,0.0
110734,0.0
110735,0.0
110756,0.0
110762,0.0
110763,0.0
110771,0.0
110778,0.0
110780,0.0
110785,0.0
110795,0.0
110799,0.0
110801,0.0
110808,0.0
110810,0.0
110813,0.0
110815,0.0
110821,0.0
110822,0.0
110829,0.0
110834,0.0
110835,0.0
110837,0.0
110840,0.0
110841,0.0
110844,0.0
110845,0.0
110847,0.0
110857,0.0
110868,0.0
110871,0.0
110877,0.0
110881,0.0
110883,0.0
110889,0.0
110895,0.0
110896,0.0
110900,0.0
110905,0.0
110906,0.0
110907,0.0
110920,0.0
110921,0.0
110923,0.0
110939,0.0
110940,0.0
110942,0.0
110945,0.0
110953,0.0
110959,0.0
110966,0.0
110967,0.0
110969,0.0
110984,0.0
110988,0.0
110990,0.0
111005,0.0
111006,0.0
111008,0.0
111026,0.0
111028,0.0
111029,0.0
111041,0.0
111060,0.0
111062,0.0
111065,0.0
111072,0.0
111080,0.0
111081,0.0
111084,0.0
111090,0.0
111092,0.0
111104,0.0
111108,0.0
111109,0.0
111132,0.0
111148,0.0
111150,0.0
111152,0.0
111163,0.0
111167,0.0
111170,0.0
111176,0.0
111178,0.0
111184,0.0
111185,0.0
111204,0.0
111209,0.0
111210,0.0
111212,0.0
111222,0.0
111225,0.0
111232,0.0
111234,0.0
111238,0.0
111243,0.0
111247,0.0
111250,0.0
111251,0.0
111254,0.0
111265,0.0
111267,0.0
111270,0.0
111272,0.0
111273,0.0
111274,0.0
111284,0.0
111294,0.0
111299,0.0
111301,0.0
111313,0.0
111317,0.0
111322,0.0
111330,0.0
111338,0.0
111339,0.0
111351,0.0
111353,0.0
111361,0.0
111365,0.0
111368,0.0
111369,0.0
111372,0.0
111375,0.0
111380,0.0
111385,0.0
111392,0.0
111396,0.0
111407,0.0
111410,0.0
111412,0.0
111419,0.0
111424,0.0
111436,0.0
111448,0.0
111450,0.0
111451,0.0
111453,0.0
111455,0.0
111461,0.0
111462,0.0
111465,0.0
111468,0.0
111470,0.0
111471,0.0
111484,0.0
111486,0.0
111491,0.0
111503,0.0
111510,0.0
111522,0.0
111529,0.0
111541,0.0
111545,0.0
111557,0.0
111562,0.0
111565,0.0
111570,0.0
111575,0.0
111578,0.0
111581,0.0
111583,0.0
111584,0.0
111587,0.0
111589,0.0
111593,0.0
111596,0.0
111598,0.0
111600,0.0
111602,0.0
111610,0.0
111611,0.0
111614,0.0
111621,0.0
111622,0.0
111627,0.0
111635,0.0
111641,0.0
111643,0.0
111659,0.0
111661,0.0
111665,0.0
111669,0.0
111671,0.0
111674,0.0
111679,0.0
111690,0.0
111693,0.0
111697,0.0
111698,0.0
111701,0.0
111702,0.0
111703,0.0
111710,0.0
111711,0.0
111712,0.0
111725,0.0
111726,0.0
111732,0.0
111734,0.0
111738,0.0
111748,0.0
111754,0.0
111766,0.0
111768,0.0
111773,0.0
111777,0.0
111781,0.0
111787,0.0
111792,0.0
111811,0.0
111812,0.0
111820,0.0
111823,0.0
111828,0.0
111837,0.0
111838,0.0
111840,0.0
111847,0.0
111848,0.0
111867,0.0
111871,0.0
111877,0.0
111878,0.0
111880,0.0
111884,0.0
111889,0.0
111890,0.0
111895,0.0
111899,0.0
111901,0.0
111911,0.0
111916,0.0
111921,0.0
111935,0.0
111939,0.0
111940,0.0
111948,0.0
111953,0.0
111954,0.0
111964,0.0
111969,0.0
111970,0.0
111973,0.0
111978,0.0
111980,0.0
111985,0.0
111988,0.0
111993,0.0
111996,0.0
111998,0.0
112002,0.0
112003,0.0
112005,0.0
112010,0.0
112013,0.0
112016,0.0
112023,0.0
112026,0.0
112033,0.0
112035,0.0
112038,0.0
112043,0.0
112045,0.0
112052,0.0
112058,0.0
112061,0.0
112065,0.0
112068,0.0
112070,0.0
112074,0.0
112075,0.0
112076,0.0
112084,0.0
112086,0.0
112089,0.0
112093,0.0
112095,0.0
112097,0.0
112098,0.0
112115,0.0
112118,0.0
112119,0.0
112126,0.0
112129,0.0
112132,0.0
112133,0.0
112140,0.0
112148,0.0
112154,0.0
112158,0.0
112165,0.0
112167,0.0
112177,0.0
112193,0.0
112202,0.0
112205,0.0
112211,0.0
112216,0.0
112217,0.0
112220,0.0
112221,0.0
112223,0.0
112225,0.0
112229,0.0
112240,0.0
112251,0.0
112254,0.0
112256,0.0
112261,0.0
112262,0.0
112263,0.0
112264,0.0
112270,0.0
112273,0.0
112278,0.0
112284,0.0
112300,0.0
112301,0.0
112304,0.0
112306,0.0
112312,0.0
112315,0.0
112322,0.0
112329,0.0
112331,0.0
112333,0.0
112334,0.0
112351,0.0
112354,0.0
112356,0.0
112359,0.0
112363,0.0
112365,0.0
112367,0.0
112370,0.0
112379,0.0
112381,0.0
112397,0.0
112408,0.0
112413,0.0
112420,0.0
112422,0.0
112424,0.0
112432,0.0
112437,0.0
112438,0.0
112443,0.0
112445,0.0
112446,0.0
112451,0.0
112461,0.0
112470,0.0
112472,0.0
112475,0.0
112487,0.0
112492,0.0
112493,0.0
112495,0.0
112502,0.0
112503,0.0
112511,0.0
112513,0.0
112517,0.0
112530,0.0
112532,0.0
112536,0.0
112541,0.0
112545,0.0
112549,0.0
112553,0.0
112570,0.0
112572,0.0
112576,0.0
112578,0.0
112579,0.0
112583,0.0
112590,0.0
112593,0.0
112596,0.0
112599,0.0
112606,0.0
112614,0.0
112615,0.0
112622,0.0
112631,0.0
112642,0.0
112644,0.0
112646,0.0
